Date (dd/mm/yyyy),CustomerID,PromotionID,Product ID,Units Sold,Price Per Unit,Total Sales,Discount Percentage,Discount Value,Net Sales,Profit,Order ID,Year,Quarter,Month,Weekday,Profit Margin,Customer Name,City,State,Pincode,EmailID,Phone Number,Product Name,Product Line,Price (INR),Promotion Name,Ad Type,Coupon Code,Price Reduction Type
2020-01-30,1,0,P018,1,2299,2299,0,0.0,2299.0,229.9,29,2020,1,January,Thursday,10.0,Aarav Singh,Nagpur       , Maharashtra   ,440001,1Aarav@gmail.com,860135097,Prestige Pressure Cooker,Home Appliances,2299,,,,
2021-12-31,1,0,P008,3,5499,16497,0,0.0,16497.0,1649.7,1806,2021,4,December,Friday,10.0,Aarav Singh,Nagpur       , Maharashtra   ,440001,1Aarav@gmail.com,860135097,Puma Sports Shoes,Footwear,5499,,,,
2022-06-15,1,0,P008,3,5499,16497,0,0.0,16497.0,1649.7,2123,2022,2,June,Wednesday,10.0,Aarav Singh,Nagpur       , Maharashtra   ,440001,1Aarav@gmail.com,860135097,Puma Sports Shoes,Footwear,5499,,,,
2020-06-02,1,0,P013,3,15999,47997,0,0.0,47997.0,4799.7,496,2020,2,June,Tuesday,10.0,Aarav Singh,Nagpur       , Maharashtra   ,440001,1Aarav@gmail.com,860135097,Raymond Suit,Clothing,15999,,,,
2020-06-28,1,0,P009,3,3499,10497,0,0.0,10497.0,1049.7,561,2020,2,June,Sunday,10.0,Aarav Singh,Nagpur       , Maharashtra   ,440001,1Aarav@gmail.com,860135097,Levi's Denim Jeans,Clothing,3499,,,,
2020-12-16,1,0,P022,3,1999,5997,0,0.0,5997.0,599.7,925,2020,4,December,Wednesday,10.0,Aarav Singh,Nagpur       , Maharashtra   ,440001,1Aarav@gmail.com,860135097,Borosil Glass Set,Kitchenware,1999,,,,
2020-12-21,1,0,P006,3,7499,22497,0,0.0,22497.0,2249.7,963,2020,4,December,Monday,10.0,Aarav Singh,Nagpur       , Maharashtra   ,440001,1Aarav@gmail.com,860135097,Nike Running Shoes,Footwear,7499,,,,
2021-02-18,1,0,P004,3,64999,194997,0,0.0,194997.0,19499.7,1107,2021,1,February,Thursday,10.0,Aarav Singh,Nagpur       , Maharashtra   ,440001,1Aarav@gmail.com,860135097,HP Pavilion Laptop,Electronics,64999,,,,
2021-06-07,1,0,P004,3,64999,194997,0,0.0,194997.0,19499.7,1366,2021,2,June,Monday,10.0,Aarav Singh,Nagpur       , Maharashtra   ,440001,1Aarav@gmail.com,860135097,HP Pavilion Laptop,Electronics,64999,,,,
2021-09-03,1,0,P002,3,69999,209997,0,0.0,209997.0,20999.7,1474,2021,3,September,Friday,10.0,Aarav Singh,Nagpur       , Maharashtra   ,440001,1Aarav@gmail.com,860135097,Samsung Galaxy S21,Electronics,69999,,,,
2021-12-21,1,0,P030,3,399,1197,0,0.0,1197.0,119.7,1653,2021,4,December,Tuesday,10.0,Aarav Singh,Nagpur       , Maharashtra   ,440001,1Aarav@gmail.com,860135097,Nivea Body Lotion,Personal Care,399,,,,
2022-01-25,1,0,P025,3,8999,26997,0,0.0,26997.0,2699.7,1916,2022,1,January,Tuesday,10.0,Aarav Singh,Nagpur       , Maharashtra   ,440001,1Aarav@gmail.com,860135097,American Tourister Suitcase,Bags,8999,,,,
2022-08-11,1,0,P005,3,92499,277497,0,0.0,277497.0,27749.7,2250,2022,3,August,Thursday,10.0,Aarav Singh,Nagpur       , Maharashtra   ,440001,1Aarav@gmail.com,860135097,Apple MacBook Air,Electronics,92499,,,,
2022-09-23,1,0,P013,3,15999,47997,0,0.0,47997.0,4799.7,2477,2022,3,September,Friday,10.0,Aarav Singh,Nagpur       , Maharashtra   ,440001,1Aarav@gmail.com,860135097,Raymond Suit,Clothing,15999,,,,
2022-10-02,1,0,P024,3,2799,8397,0,0.0,8397.0,839.7,2486,2022,4,October,Sunday,10.0,Aarav Singh,Nagpur       , Maharashtra   ,440001,1Aarav@gmail.com,860135097,Puma Backpack,Bags,2799,,,,
2022-10-27,1,0,P005,3,92499,277497,0,0.0,277497.0,27749.7,2521,2022,4,October,Thursday,10.0,Aarav Singh,Nagpur       , Maharashtra   ,440001,1Aarav@gmail.com,860135097,Apple MacBook Air,Electronics,92499,,,,
2022-11-27,1,0,P016,3,24999,74997,0,0.0,74997.0,7499.7,2644,2022,4,November,Sunday,10.0,Aarav Singh,Nagpur       , Maharashtra   ,440001,1Aarav@gmail.com,860135097,LG Washing Machine,Home Appliances,24999,,,,
2020-06-15,1,0,P011,3,1499,4497,0,0.0,4497.0,449.7,506,2020,2,June,Monday,10.0,Aarav Singh,Nagpur       , Maharashtra   ,440001,1Aarav@gmail.com,860135097,H&M T-Shirt,Clothing,1499,,,,
2022-12-18,1,0,P020,3,12999,38997,0,0.0,38997.0,3899.7,2833,2022,4,December,Sunday,10.0,Aarav Singh,Nagpur       , Maharashtra   ,440001,1Aarav@gmail.com,860135097,Fossil Smartwatch,Accessories,12999,,,,
2023-01-08,1,0,P009,3,3499,10497,0,0.0,10497.0,1049.7,2851,2023,1,January,Sunday,10.0,Aarav Singh,Nagpur       , Maharashtra   ,440001,1Aarav@gmail.com,860135097,Levi's Denim Jeans,Clothing,3499,,,,
2023-08-06,1,0,P016,3,24999,74997,0,0.0,74997.0,7499.7,3326,2023,3,August,Sunday,10.0,Aarav Singh,Nagpur       , Maharashtra   ,440001,1Aarav@gmail.com,860135097,LG Washing Machine,Home Appliances,24999,,,,
2023-11-20,1,0,P020,3,12999,38997,0,0.0,38997.0,3899.7,3496,2023,4,November,Monday,10.0,Aarav Singh,Nagpur       , Maharashtra   ,440001,1Aarav@gmail.com,860135097,Fossil Smartwatch,Accessories,12999,,,,
2020-02-28,1,0,P010,2,2199,4398,0,0.0,4398.0,439.8,87,2020,1,February,Friday,10.0,Aarav Singh,Nagpur       , Maharashtra   ,440001,1Aarav@gmail.com,860135097,Zara Casual Shirt,Clothing,2199,,,,
2020-03-07,1,0,P017,2,10499,20998,0,0.0,20998.0,2099.8,160,2020,1,March,Saturday,10.0,Aarav Singh,Nagpur       , Maharashtra   ,440001,1Aarav@gmail.com,860135097,IFB Microwave Oven,Home Appliances,10499,,,,
2020-03-17,1,0,P012,2,2999,5998,0,0.0,5998.0,599.8,207,2020,1,March,Tuesday,10.0,Aarav Singh,Nagpur       , Maharashtra   ,440001,1Aarav@gmail.com,860135097,FabIndia Kurta,Clothing,2999,,,,
2021-01-02,1,0,P011,2,1499,2998,0,0.0,2998.0,299.8,996,2021,1,January,Saturday,10.0,Aarav Singh,Nagpur       , Maharashtra   ,440001,1Aarav@gmail.com,860135097,H&M T-Shirt,Clothing,1499,,,,
2021-01-11,1,0,P029,2,99,198,0,0.0,198.0,19.8,1000,2021,1,January,Monday,10.0,Aarav Singh,Nagpur       , Maharashtra   ,440001,1Aarav@gmail.com,860135097,Colgate Toothpaste,Personal Care,99,,,,
2020-06-24,1,0,P011,3,1499,4497,0,0.0,4497.0,449.7,553,2020,2,June,Wednesday,10.0,Aarav Singh,Nagpur       , Maharashtra   ,440001,1Aarav@gmail.com,860135097,H&M T-Shirt,Clothing,1499,,,,
2021-01-16,1,0,P014,2,4999,9998,0,0.0,9998.0,999.8,1084,2021,1,January,Saturday,10.0,Aarav Singh,Nagpur       , Maharashtra   ,440001,1Aarav@gmail.com,860135097,Bajaj Mixer Grinder,Home Appliances,4999,,,,
2021-02-03,1,0,P015,2,8499,16998,0,0.0,16998.0,1699.8,1103,2021,1,February,Wednesday,10.0,Aarav Singh,Nagpur       , Maharashtra   ,440001,1Aarav@gmail.com,860135097,Philips Air Fryer,Home Appliances,8499,,,,
2021-06-12,1,0,P002,2,69999,139998,0,0.0,139998.0,13999.8,1431,2021,2,June,Saturday,10.0,Aarav Singh,Nagpur       , Maharashtra   ,440001,1Aarav@gmail.com,860135097,Samsung Galaxy S21,Electronics,69999,,,,
2021-12-30,1,0,P029,2,99,198,0,0.0,198.0,19.8,1732,2021,4,December,Thursday,10.0,Aarav Singh,Nagpur       , Maharashtra   ,440001,1Aarav@gmail.com,860135097,Colgate Toothpaste,Personal Care,99,,,,
2022-07-18,1,0,P009,2,3499,6998,0,0.0,6998.0,699.8,2247,2022,3,July,Monday,10.0,Aarav Singh,Nagpur       , Maharashtra   ,440001,1Aarav@gmail.com,860135097,Levi's Denim Jeans,Clothing,3499,,,,
2022-08-25,1,0,P014,2,4999,9998,0,0.0,9998.0,999.8,2457,2022,3,August,Thursday,10.0,Aarav Singh,Nagpur       , Maharashtra   ,440001,1Aarav@gmail.com,860135097,Bajaj Mixer Grinder,Home Appliances,4999,,,,
2022-10-23,1,0,P005,2,92499,184998,0,0.0,184998.0,18499.8,2500,2022,4,October,Sunday,10.0,Aarav Singh,Nagpur       , Maharashtra   ,440001,1Aarav@gmail.com,860135097,Apple MacBook Air,Electronics,92499,,,,
2023-06-02,1,0,P003,2,89999,179998,0,0.0,179998.0,17999.8,3059,2023,2,June,Friday,10.0,Aarav Singh,Nagpur       , Maharashtra   ,440001,1Aarav@gmail.com,860135097,"Sony Bravia 55"" TV",Electronics,89999,,,,
2023-07-26,1,0,P004,2,64999,129998,0,0.0,129998.0,12999.8,3218,2023,3,July,Wednesday,10.0,Aarav Singh,Nagpur       , Maharashtra   ,440001,1Aarav@gmail.com,860135097,HP Pavilion Laptop,Electronics,64999,,,,
2020-07-30,1,0,P008,2,5499,10998,0,0.0,10998.0,1099.8,788,2020,3,July,Thursday,10.0,Aarav Singh,Nagpur       , Maharashtra   ,440001,1Aarav@gmail.com,860135097,Puma Sports Shoes,Footwear,5499,,,,
2022-07-13,1,0,P008,2,5499,10998,0,0.0,10998.0,1099.8,2188,2022,3,July,Wednesday,10.0,Aarav Singh,Nagpur       , Maharashtra   ,440001,1Aarav@gmail.com,860135097,Puma Sports Shoes,Footwear,5499,,,,
2021-12-13,1,0,P008,3,5499,16497,0,0.0,16497.0,1649.7,1625,2021,4,December,Monday,10.0,Aarav Singh,Nagpur       , Maharashtra   ,440001,1Aarav@gmail.com,860135097,Puma Sports Shoes,Footwear,5499,,,,
2020-06-01,1,0,P003,1,89999,89999,0,0.0,89999.0,8999.9,435,2020,2,June,Monday,10.0,Aarav Singh,Nagpur       , Maharashtra   ,440001,1Aarav@gmail.com,860135097,"Sony Bravia 55"" TV",Electronics,89999,,,,
2020-09-01,1,0,P020,1,12999,12999,0,0.0,12999.0,1299.9,811,2020,3,September,Tuesday,10.0,Aarav Singh,Nagpur       , Maharashtra   ,440001,1Aarav@gmail.com,860135097,Fossil Smartwatch,Accessories,12999,,,,
2020-10-22,1,0,P001,1,79999,79999,0,0.0,79999.0,7999.9,820,2020,4,October,Thursday,10.0,Aarav Singh,Nagpur       , Maharashtra   ,440001,1Aarav@gmail.com,860135097,Apple iPhone 14,Electronics,79999,,,,
2020-11-07,1,0,P016,1,24999,24999,0,0.0,24999.0,2499.9,882,2020,4,November,Saturday,10.0,Aarav Singh,Nagpur       , Maharashtra   ,440001,1Aarav@gmail.com,860135097,LG Washing Machine,Home Appliances,24999,,,,
2020-02-11,1,0,P011,3,1499,4497,0,0.0,4497.0,449.7,59,2020,1,February,Tuesday,10.0,Aarav Singh,Nagpur       , Maharashtra   ,440001,1Aarav@gmail.com,860135097,H&M T-Shirt,Clothing,1499,,,,
2020-12-08,1,0,P003,1,89999,89999,0,0.0,89999.0,8999.9,894,2020,4,December,Tuesday,10.0,Aarav Singh,Nagpur       , Maharashtra   ,440001,1Aarav@gmail.com,860135097,"Sony Bravia 55"" TV",Electronics,89999,,,,
2020-12-19,1,0,P001,1,79999,79999,0,0.0,79999.0,7999.9,956,2020,4,December,Saturday,10.0,Aarav Singh,Nagpur       , Maharashtra   ,440001,1Aarav@gmail.com,860135097,Apple iPhone 14,Electronics,79999,,,,
2021-01-20,1,0,P028,1,349,349,0,0.0,349.0,34.9,1085,2021,1,January,Wednesday,10.0,Aarav Singh,Nagpur       , Maharashtra   ,440001,1Aarav@gmail.com,860135097,Dove Soap Pack,Personal Care,349,,,,
2021-03-20,1,0,P007,1,6999,6999,0,0.0,6999.0,699.9,1238,2021,1,March,Saturday,10.0,Aarav Singh,Nagpur       , Maharashtra   ,440001,1Aarav@gmail.com,860135097,Adidas Sneakers,Footwear,6999,,,,
2021-07-15,1,0,P025,1,8999,8999,0,0.0,8999.0,899.9,1444,2021,3,July,Thursday,10.0,Aarav Singh,Nagpur       , Maharashtra   ,440001,1Aarav@gmail.com,860135097,American Tourister Suitcase,Bags,8999,,,,
2021-09-07,1,0,P005,1,92499,92499,0,0.0,92499.0,9249.9,1564,2021,3,September,Tuesday,10.0,Aarav Singh,Nagpur       , Maharashtra   ,440001,1Aarav@gmail.com,860135097,Apple MacBook Air,Electronics,92499,,,,
2021-11-22,1,0,P015,1,8499,8499,0,0.0,8499.0,849.9,1600,2021,4,November,Monday,10.0,Aarav Singh,Nagpur       , Maharashtra   ,440001,1Aarav@gmail.com,860135097,Philips Air Fryer,Home Appliances,8499,,,,
2021-12-30,1,0,P020,1,12999,12999,0,0.0,12999.0,1299.9,1711,2021,4,December,Thursday,10.0,Aarav Singh,Nagpur       , Maharashtra   ,440001,1Aarav@gmail.com,860135097,Fossil Smartwatch,Accessories,12999,,,,
2022-01-05,1,0,P016,1,24999,24999,0,0.0,24999.0,2499.9,1849,2022,1,January,Wednesday,10.0,Aarav Singh,Nagpur       , Maharashtra   ,440001,1Aarav@gmail.com,860135097,LG Washing Machine,Home Appliances,24999,,,,
2022-01-12,1,0,P010,1,2199,2199,0,0.0,2199.0,219.9,1894,2022,1,January,Wednesday,10.0,Aarav Singh,Nagpur       , Maharashtra   ,440001,1Aarav@gmail.com,860135097,Zara Casual Shirt,Clothing,2199,,,,
2022-02-04,1,0,P020,1,12999,12999,0,0.0,12999.0,1299.9,2036,2022,1,February,Friday,10.0,Aarav Singh,Nagpur       , Maharashtra   ,440001,1Aarav@gmail.com,860135097,Fossil Smartwatch,Accessories,12999,,,,
2022-06-09,1,0,P029,1,99,99,0,0.0,99.0,9.9,2112,2022,2,June,Thursday,10.0,Aarav Singh,Nagpur       , Maharashtra   ,440001,1Aarav@gmail.com,860135097,Colgate Toothpaste,Personal Care,99,,,,
2022-08-24,1,0,P005,1,92499,92499,0,0.0,92499.0,9249.9,2316,2022,3,August,Wednesday,10.0,Aarav Singh,Nagpur       , Maharashtra   ,440001,1Aarav@gmail.com,860135097,Apple MacBook Air,Electronics,92499,,,,
2023-01-09,1,0,P015,1,8499,8499,0,0.0,8499.0,849.9,2898,2023,1,January,Monday,10.0,Aarav Singh,Nagpur       , Maharashtra   ,440001,1Aarav@gmail.com,860135097,Philips Air Fryer,Home Appliances,8499,,,,
2023-01-09,1,0,P017,1,10499,10499,0,0.0,10499.0,1049.9,2964,2023,1,January,Monday,10.0,Aarav Singh,Nagpur       , Maharashtra   ,440001,1Aarav@gmail.com,860135097,IFB Microwave Oven,Home Appliances,10499,,,,
2023-03-19,1,0,P002,1,69999,69999,0,0.0,69999.0,6999.9,3012,2023,1,March,Sunday,10.0,Aarav Singh,Nagpur       , Maharashtra   ,440001,1Aarav@gmail.com,860135097,Samsung Galaxy S21,Electronics,69999,,,,
2023-06-06,1,0,P030,1,399,399,0,0.0,399.0,39.9,3129,2023,2,June,Tuesday,10.0,Aarav Singh,Nagpur       , Maharashtra   ,440001,1Aarav@gmail.com,860135097,Nivea Body Lotion,Personal Care,399,,,,
2023-06-19,1,0,P001,1,79999,79999,0,0.0,79999.0,7999.9,3217,2023,2,June,Monday,10.0,Aarav Singh,Nagpur       , Maharashtra   ,440001,1Aarav@gmail.com,860135097,Apple iPhone 14,Electronics,79999,,,,
2023-09-17,1,0,P005,1,92499,92499,0,0.0,92499.0,9249.9,3404,2023,3,September,Sunday,10.0,Aarav Singh,Nagpur       , Maharashtra   ,440001,1Aarav@gmail.com,860135097,Apple MacBook Air,Electronics,92499,,,,
2023-10-25,1,0,P024,1,2799,2799,0,0.0,2799.0,279.9,3489,2023,4,October,Wednesday,10.0,Aarav Singh,Nagpur       , Maharashtra   ,440001,1Aarav@gmail.com,860135097,Puma Backpack,Bags,2799,,,,
2020-04-30,1,PR001,P010,2,2199,4398,20,879.6,3518.4,351.84,268,2020,2,April,Thursday,10.0,Aarav Singh,Nagpur       , Maharashtra   ,440001,1Aarav@gmail.com,860135097,Zara Casual Shirt,Clothing,2199,Summer Sale,Email,SUMMER21,20% off
2020-05-02,1,PR001,P020,2,12999,25998,20,5199.6,20798.4,2079.84,310,2020,2,May,Saturday,10.0,Aarav Singh,Nagpur       , Maharashtra   ,440001,1Aarav@gmail.com,860135097,Fossil Smartwatch,Accessories,12999,Summer Sale,Email,SUMMER21,20% off
2021-04-01,1,PR001,P014,2,4999,9998,20,1999.6,7998.4,799.84,1256,2021,2,April,Thursday,10.0,Aarav Singh,Nagpur       , Maharashtra   ,440001,1Aarav@gmail.com,860135097,Bajaj Mixer Grinder,Home Appliances,4999,Summer Sale,Email,SUMMER21,20% off
2023-04-04,1,PR001,P019,2,5999,11998,20,2399.6,9598.4,959.84,3017,2023,2,April,Tuesday,10.0,Aarav Singh,Nagpur       , Maharashtra   ,440001,1Aarav@gmail.com,860135097,Titan Wrist Watch,Accessories,5999,Summer Sale,Email,SUMMER21,20% off
2023-05-14,1,PR001,P027,2,699,1398,20,279.6,1118.4,111.84,3038,2023,2,May,Sunday,10.0,Aarav Singh,Nagpur       , Maharashtra   ,440001,1Aarav@gmail.com,860135097,L'Oreal Shampoo,Personal Care,699,Summer Sale,Email,SUMMER21,20% off
2022-05-05,1,PR001,P009,3,3499,10497,20,2099.4,8397.6,839.76,2045,2022,2,May,Thursday,10.0,Aarav Singh,Nagpur       , Maharashtra   ,440001,1Aarav@gmail.com,860135097,Levi's Denim Jeans,Clothing,3499,Summer Sale,Email,SUMMER21,20% off
2020-04-20,1,PR001,P002,1,69999,69999,20,13999.8,55999.2,5599.92,222,2020,2,April,Monday,10.0,Aarav Singh,Nagpur       , Maharashtra   ,440001,1Aarav@gmail.com,860135097,Samsung Galaxy S21,Electronics,69999,Summer Sale,Email,SUMMER21,20% off
2020-05-22,1,PR001,P020,1,12999,12999,20,2599.8,10399.2,1039.92,424,2020,2,May,Friday,10.0,Aarav Singh,Nagpur       , Maharashtra   ,440001,1Aarav@gmail.com,860135097,Fossil Smartwatch,Accessories,12999,Summer Sale,Email,SUMMER21,20% off
2021-04-23,1,PR001,P011,1,1499,1499,20,299.8,1199.2,119.92,1290,2021,2,April,Friday,10.0,Aarav Singh,Nagpur       , Maharashtra   ,440001,1Aarav@gmail.com,860135097,H&M T-Shirt,Clothing,1499,Summer Sale,Email,SUMMER21,20% off
2021-05-11,1,PR001,P015,1,8499,8499,20,1699.8,6799.2,679.92,1352,2021,2,May,Tuesday,10.0,Aarav Singh,Nagpur       , Maharashtra   ,440001,1Aarav@gmail.com,860135097,Philips Air Fryer,Home Appliances,8499,Summer Sale,Email,SUMMER21,20% off
2023-05-25,1,PR001,P026,1,5499,5499,20,1099.8,4399.2,439.92,3051,2023,2,May,Thursday,10.0,Aarav Singh,Nagpur       , Maharashtra   ,440001,1Aarav@gmail.com,860135097,Wildcraft Hiking Bag,Bags,5499,Summer Sale,Email,SUMMER21,20% off
2020-07-18,1,PR004,P030,1,399,399,50,199.5,199.5,19.95,752,2020,3,July,Saturday,10.0,Aarav Singh,Nagpur       , Maharashtra   ,440001,1Aarav@gmail.com,860135097,Nivea Body Lotion,Personal Care,399,Weekend Flash Sale,Mobile Push,FLASH50,50% off
2022-07-03,1,PR004,P013,3,15999,47997,50,23998.5,23998.5,2399.85,2156,2022,3,July,Sunday,10.0,Aarav Singh,Nagpur       , Maharashtra   ,440001,1Aarav@gmail.com,860135097,Raymond Suit,Clothing,15999,Weekend Flash Sale,Mobile Push,FLASH50,50% off
2022-11-08,10,0,P002,2,69999,139998,0,0.0,139998.0,13999.8,1592,2022,4,November,Tuesday,10.0,Dhruv Desai,Pune         , Maharashtra   ,411001,10Dhruv@gmail.com,900051106,Samsung Galaxy S21,Electronics,69999,,,,
2022-03-22,10,0,P011,3,1499,4497,0,0.0,4497.0,449.7,2652,2022,1,March,Tuesday,10.0,Dhruv Desai,Pune         , Maharashtra   ,411001,10Dhruv@gmail.com,900051106,H&M T-Shirt,Clothing,1499,,,,
2023-03-30,10,0,P011,3,1499,4497,0,0.0,4497.0,449.7,2722,2023,1,March,Thursday,10.0,Dhruv Desai,Pune         , Maharashtra   ,411001,10Dhruv@gmail.com,900051106,H&M T-Shirt,Clothing,1499,,,,
2023-06-05,10,0,P008,3,5499,16497,0,0.0,16497.0,1649.7,1922,2023,2,June,Monday,10.0,Dhruv Desai,Pune         , Maharashtra   ,411001,10Dhruv@gmail.com,900051106,Puma Sports Shoes,Footwear,5499,,,,
2021-11-13,10,0,P018,3,2299,6897,0,0.0,6897.0,689.7,76,2021,4,November,Saturday,10.0,Dhruv Desai,Pune         , Maharashtra   ,411001,10Dhruv@gmail.com,900051106,Prestige Pressure Cooker,Home Appliances,2299,,,,
2022-06-04,10,0,P030,3,399,1197,0,0.0,1197.0,119.7,477,2022,2,June,Saturday,10.0,Dhruv Desai,Pune         , Maharashtra   ,411001,10Dhruv@gmail.com,900051106,Nivea Body Lotion,Personal Care,399,,,,
2022-02-18,10,0,P017,3,10499,31497,0,0.0,31497.0,3149.7,779,2022,1,February,Friday,10.0,Dhruv Desai,Pune         , Maharashtra   ,411001,10Dhruv@gmail.com,900051106,IFB Microwave Oven,Home Appliances,10499,,,,
2021-12-17,10,0,P013,3,15999,47997,0,0.0,47997.0,4799.7,872,2021,4,December,Friday,10.0,Dhruv Desai,Pune         , Maharashtra   ,411001,10Dhruv@gmail.com,900051106,Raymond Suit,Clothing,15999,,,,
2020-11-21,10,0,P022,3,1999,5997,0,0.0,5997.0,599.7,926,2020,4,November,Saturday,10.0,Dhruv Desai,Pune         , Maharashtra   ,411001,10Dhruv@gmail.com,900051106,Borosil Glass Set,Kitchenware,1999,,,,
2023-03-06,10,0,P005,3,92499,277497,0,0.0,277497.0,27749.7,1244,2023,1,March,Monday,10.0,Dhruv Desai,Pune         , Maharashtra   ,411001,10Dhruv@gmail.com,900051106,Apple MacBook Air,Electronics,92499,,,,
2023-09-03,10,0,P003,3,89999,269997,0,0.0,269997.0,26999.7,1390,2023,3,September,Sunday,10.0,Dhruv Desai,Pune         , Maharashtra   ,411001,10Dhruv@gmail.com,900051106,"Sony Bravia 55"" TV",Electronics,89999,,,,
2023-02-19,10,0,P004,3,64999,194997,0,0.0,194997.0,19499.7,1882,2023,1,February,Sunday,10.0,Dhruv Desai,Pune         , Maharashtra   ,411001,10Dhruv@gmail.com,900051106,HP Pavilion Laptop,Electronics,64999,,,,
2020-08-28,10,0,P016,3,24999,74997,0,0.0,74997.0,7499.7,2280,2020,3,August,Friday,10.0,Dhruv Desai,Pune         , Maharashtra   ,411001,10Dhruv@gmail.com,900051106,LG Washing Machine,Home Appliances,24999,,,,
2020-06-18,10,0,P010,3,2199,6597,0,0.0,6597.0,659.7,2368,2020,2,June,Thursday,10.0,Dhruv Desai,Pune         , Maharashtra   ,411001,10Dhruv@gmail.com,900051106,Zara Casual Shirt,Clothing,2199,,,,
2023-11-02,10,0,P027,3,699,2097,0,0.0,2097.0,209.7,2634,2023,4,November,Thursday,10.0,Dhruv Desai,Pune         , Maharashtra   ,411001,10Dhruv@gmail.com,900051106,L'Oreal Shampoo,Personal Care,699,,,,
2020-10-22,10,0,P030,3,399,1197,0,0.0,1197.0,119.7,2714,2020,4,October,Thursday,10.0,Dhruv Desai,Pune         , Maharashtra   ,411001,10Dhruv@gmail.com,900051106,Nivea Body Lotion,Personal Care,399,,,,
2021-03-16,10,0,P006,3,7499,22497,0,0.0,22497.0,2249.7,3021,2021,1,March,Tuesday,10.0,Dhruv Desai,Pune         , Maharashtra   ,411001,10Dhruv@gmail.com,900051106,Nike Running Shoes,Footwear,7499,,,,
2023-06-15,10,0,P004,3,64999,194997,0,0.0,194997.0,19499.7,3044,2023,2,June,Thursday,10.0,Dhruv Desai,Pune         , Maharashtra   ,411001,10Dhruv@gmail.com,900051106,HP Pavilion Laptop,Electronics,64999,,,,
2020-01-09,10,0,P006,3,7499,22497,0,0.0,22497.0,2249.7,3068,2020,1,January,Thursday,10.0,Dhruv Desai,Pune         , Maharashtra   ,411001,10Dhruv@gmail.com,900051106,Nike Running Shoes,Footwear,7499,,,,
2023-08-12,10,0,P015,3,8499,25497,0,0.0,25497.0,2549.7,3344,2023,3,August,Saturday,10.0,Dhruv Desai,Pune         , Maharashtra   ,411001,10Dhruv@gmail.com,900051106,Philips Air Fryer,Home Appliances,8499,,,,
2020-01-19,10,0,P003,3,89999,269997,0,0.0,269997.0,26999.7,3454,2020,1,January,Sunday,10.0,Dhruv Desai,Pune         , Maharashtra   ,411001,10Dhruv@gmail.com,900051106,"Sony Bravia 55"" TV",Electronics,89999,,,,
2020-02-04,10,0,P004,2,64999,129998,0,0.0,129998.0,12999.8,1,2020,1,February,Tuesday,10.0,Dhruv Desai,Pune         , Maharashtra   ,411001,10Dhruv@gmail.com,900051106,HP Pavilion Laptop,Electronics,64999,,,,
2023-07-18,10,0,P030,2,399,798,0,0.0,798.0,79.8,183,2023,3,July,Tuesday,10.0,Dhruv Desai,Pune         , Maharashtra   ,411001,10Dhruv@gmail.com,900051106,Nivea Body Lotion,Personal Care,399,,,,
2020-02-11,10,0,P014,2,4999,9998,0,0.0,9998.0,999.8,200,2020,1,February,Tuesday,10.0,Dhruv Desai,Pune         , Maharashtra   ,411001,10Dhruv@gmail.com,900051106,Bajaj Mixer Grinder,Home Appliances,4999,,,,
2023-09-12,10,0,P025,2,8999,17998,0,0.0,17998.0,1799.8,304,2023,3,September,Tuesday,10.0,Dhruv Desai,Pune         , Maharashtra   ,411001,10Dhruv@gmail.com,900051106,American Tourister Suitcase,Bags,8999,,,,
2021-03-01,10,0,P018,2,2299,4598,0,0.0,4598.0,459.8,428,2021,1,March,Monday,10.0,Dhruv Desai,Pune         , Maharashtra   ,411001,10Dhruv@gmail.com,900051106,Prestige Pressure Cooker,Home Appliances,2299,,,,
2020-11-05,10,0,P024,2,2799,5598,0,0.0,5598.0,559.8,1120,2020,4,November,Thursday,10.0,Dhruv Desai,Pune         , Maharashtra   ,411001,10Dhruv@gmail.com,900051106,Puma Backpack,Bags,2799,,,,
2020-01-21,10,0,P014,2,4999,9998,0,0.0,9998.0,999.8,1452,2020,1,January,Tuesday,10.0,Dhruv Desai,Pune         , Maharashtra   ,411001,10Dhruv@gmail.com,900051106,Bajaj Mixer Grinder,Home Appliances,4999,,,,
2022-02-15,10,0,P022,2,1999,3998,0,0.0,3998.0,399.8,1659,2022,1,February,Tuesday,10.0,Dhruv Desai,Pune         , Maharashtra   ,411001,10Dhruv@gmail.com,900051106,Borosil Glass Set,Kitchenware,1999,,,,
2020-09-11,10,0,P011,2,1499,2998,0,0.0,2998.0,299.8,2041,2020,3,September,Friday,10.0,Dhruv Desai,Pune         , Maharashtra   ,411001,10Dhruv@gmail.com,900051106,H&M T-Shirt,Clothing,1499,,,,
2022-07-11,10,0,P021,2,1299,2598,0,0.0,2598.0,259.8,2389,2022,3,July,Monday,10.0,Dhruv Desai,Pune         , Maharashtra   ,411001,10Dhruv@gmail.com,900051106,Tupperware Lunch Box,Kitchenware,1299,,,,
2021-01-20,10,0,P002,2,69999,139998,0,0.0,139998.0,13999.8,2693,2021,1,January,Wednesday,10.0,Dhruv Desai,Pune         , Maharashtra   ,411001,10Dhruv@gmail.com,900051106,Samsung Galaxy S21,Electronics,69999,,,,
2020-02-23,10,0,P023,2,1499,2998,0,0.0,2998.0,299.8,3147,2020,1,February,Sunday,10.0,Dhruv Desai,Pune         , Maharashtra   ,411001,10Dhruv@gmail.com,900051106,Milton Thermos Flask,Kitchenware,1499,,,,
2022-02-21,10,0,P017,2,10499,20998,0,0.0,20998.0,2099.8,3487,2022,1,February,Monday,10.0,Dhruv Desai,Pune         , Maharashtra   ,411001,10Dhruv@gmail.com,900051106,IFB Microwave Oven,Home Appliances,10499,,,,
2020-03-20,10,0,P026,2,5499,10998,0,0.0,10998.0,1099.8,724,2020,1,March,Friday,10.0,Dhruv Desai,Pune         , Maharashtra   ,411001,10Dhruv@gmail.com,900051106,Wildcraft Hiking Bag,Bags,5499,,,,
2021-10-04,10,0,P008,2,5499,10998,0,0.0,10998.0,1099.8,2700,2021,4,October,Monday,10.0,Dhruv Desai,Pune         , Maharashtra   ,411001,10Dhruv@gmail.com,900051106,Puma Sports Shoes,Footwear,5499,,,,
2022-09-11,10,0,P019,1,5999,5999,0,0.0,5999.0,599.9,53,2022,3,September,Sunday,10.0,Dhruv Desai,Pune         , Maharashtra   ,411001,10Dhruv@gmail.com,900051106,Titan Wrist Watch,Accessories,5999,,,,
2021-06-18,10,0,P030,1,399,399,0,0.0,399.0,39.9,503,2021,2,June,Friday,10.0,Dhruv Desai,Pune         , Maharashtra   ,411001,10Dhruv@gmail.com,900051106,Nivea Body Lotion,Personal Care,399,,,,
2022-06-25,10,0,P007,1,6999,6999,0,0.0,6999.0,699.9,599,2022,2,June,Saturday,10.0,Dhruv Desai,Pune         , Maharashtra   ,411001,10Dhruv@gmail.com,900051106,Adidas Sneakers,Footwear,6999,,,,
2023-02-25,10,0,P009,1,3499,3499,0,0.0,3499.0,349.9,737,2023,1,February,Saturday,10.0,Dhruv Desai,Pune         , Maharashtra   ,411001,10Dhruv@gmail.com,900051106,Levi's Denim Jeans,Clothing,3499,,,,
2021-01-14,10,0,P028,1,349,349,0,0.0,349.0,34.9,747,2021,1,January,Thursday,10.0,Dhruv Desai,Pune         , Maharashtra   ,411001,10Dhruv@gmail.com,900051106,Dove Soap Pack,Personal Care,349,,,,
2020-08-15,10,0,P009,1,3499,3499,0,0.0,3499.0,349.9,863,2020,3,August,Saturday,10.0,Dhruv Desai,Pune         , Maharashtra   ,411001,10Dhruv@gmail.com,900051106,Levi's Denim Jeans,Clothing,3499,,,,
2020-08-05,10,0,P026,1,5499,5499,0,0.0,5499.0,549.9,1188,2020,3,August,Wednesday,10.0,Dhruv Desai,Pune         , Maharashtra   ,411001,10Dhruv@gmail.com,900051106,Wildcraft Hiking Bag,Bags,5499,,,,
2022-09-04,10,0,P022,1,1999,1999,0,0.0,1999.0,199.9,1198,2022,3,September,Sunday,10.0,Dhruv Desai,Pune         , Maharashtra   ,411001,10Dhruv@gmail.com,900051106,Borosil Glass Set,Kitchenware,1999,,,,
2020-12-02,10,0,P002,1,69999,69999,0,0.0,69999.0,6999.9,1294,2020,4,December,Wednesday,10.0,Dhruv Desai,Pune         , Maharashtra   ,411001,10Dhruv@gmail.com,900051106,Samsung Galaxy S21,Electronics,69999,,,,
2023-08-10,10,0,P028,1,349,349,0,0.0,349.0,34.9,1925,2023,3,August,Thursday,10.0,Dhruv Desai,Pune         , Maharashtra   ,411001,10Dhruv@gmail.com,900051106,Dove Soap Pack,Personal Care,349,,,,
2022-03-10,10,0,P015,1,8499,8499,0,0.0,8499.0,849.9,1926,2022,1,March,Thursday,10.0,Dhruv Desai,Pune         , Maharashtra   ,411001,10Dhruv@gmail.com,900051106,Philips Air Fryer,Home Appliances,8499,,,,
2023-09-27,10,0,P026,1,5499,5499,0,0.0,5499.0,549.9,2111,2023,3,September,Wednesday,10.0,Dhruv Desai,Pune         , Maharashtra   ,411001,10Dhruv@gmail.com,900051106,Wildcraft Hiking Bag,Bags,5499,,,,
2022-06-14,10,0,P007,1,6999,6999,0,0.0,6999.0,699.9,2164,2022,2,June,Tuesday,10.0,Dhruv Desai,Pune         , Maharashtra   ,411001,10Dhruv@gmail.com,900051106,Adidas Sneakers,Footwear,6999,,,,
2020-09-24,10,0,P024,1,2799,2799,0,0.0,2799.0,279.9,2439,2020,3,September,Thursday,10.0,Dhruv Desai,Pune         , Maharashtra   ,411001,10Dhruv@gmail.com,900051106,Puma Backpack,Bags,2799,,,,
2021-03-26,10,0,P026,1,5499,5499,0,0.0,5499.0,549.9,2816,2021,1,March,Friday,10.0,Dhruv Desai,Pune         , Maharashtra   ,411001,10Dhruv@gmail.com,900051106,Wildcraft Hiking Bag,Bags,5499,,,,
2023-11-26,10,0,P021,1,1299,1299,0,0.0,1299.0,129.9,2945,2023,4,November,Sunday,10.0,Dhruv Desai,Pune         , Maharashtra   ,411001,10Dhruv@gmail.com,900051106,Tupperware Lunch Box,Kitchenware,1299,,,,
2020-07-28,10,0,P009,1,3499,3499,0,0.0,3499.0,349.9,2997,2020,3,July,Tuesday,10.0,Dhruv Desai,Pune         , Maharashtra   ,411001,10Dhruv@gmail.com,900051106,Levi's Denim Jeans,Clothing,3499,,,,
2023-11-10,10,0,P022,1,1999,1999,0,0.0,1999.0,199.9,3122,2023,4,November,Friday,10.0,Dhruv Desai,Pune         , Maharashtra   ,411001,10Dhruv@gmail.com,900051106,Borosil Glass Set,Kitchenware,1999,,,,
2021-10-07,10,0,P004,1,64999,64999,0,0.0,64999.0,6499.9,3252,2021,4,October,Thursday,10.0,Dhruv Desai,Pune         , Maharashtra   ,411001,10Dhruv@gmail.com,900051106,HP Pavilion Laptop,Electronics,64999,,,,
2021-09-06,10,0,P016,1,24999,24999,0,0.0,24999.0,2499.9,3437,2021,3,September,Monday,10.0,Dhruv Desai,Pune         , Maharashtra   ,411001,10Dhruv@gmail.com,900051106,LG Washing Machine,Home Appliances,24999,,,,
2023-05-22,10,PR001,P019,2,5999,11998,20,2399.6,9598.4,959.84,587,2023,2,May,Monday,10.0,Dhruv Desai,Pune         , Maharashtra   ,411001,10Dhruv@gmail.com,900051106,Titan Wrist Watch,Accessories,5999,Summer Sale,Email,SUMMER21,20% off
2020-04-15,10,PR001,P014,2,4999,9998,20,1999.6,7998.4,799.84,625,2020,2,April,Wednesday,10.0,Dhruv Desai,Pune         , Maharashtra   ,411001,10Dhruv@gmail.com,900051106,Bajaj Mixer Grinder,Home Appliances,4999,Summer Sale,Email,SUMMER21,20% off
2022-04-25,10,PR001,P012,3,2999,8997,20,1799.4,7197.6,719.76,1518,2022,2,April,Monday,10.0,Dhruv Desai,Pune         , Maharashtra   ,411001,10Dhruv@gmail.com,900051106,FabIndia Kurta,Clothing,2999,Summer Sale,Email,SUMMER21,20% off
2023-04-24,10,PR001,P025,3,8999,26997,20,5399.4,21597.6,2159.76,2093,2023,2,April,Monday,10.000000000000002,Dhruv Desai,Pune         , Maharashtra   ,411001,10Dhruv@gmail.com,900051106,American Tourister Suitcase,Bags,8999,Summer Sale,Email,SUMMER21,20% off
2021-05-01,10,PR001,P010,3,2199,6597,20,1319.4,5277.6,527.76,2902,2021,2,May,Saturday,10.0,Dhruv Desai,Pune         , Maharashtra   ,411001,10Dhruv@gmail.com,900051106,Zara Casual Shirt,Clothing,2199,Summer Sale,Email,SUMMER21,20% off
2020-04-28,10,PR001,P030,1,399,399,20,79.8,319.2,31.92,1739,2020,2,April,Tuesday,10.0,Dhruv Desai,Pune         , Maharashtra   ,411001,10Dhruv@gmail.com,900051106,Nivea Body Lotion,Personal Care,399,Summer Sale,Email,SUMMER21,20% off
2023-04-03,10,PR001,P019,1,5999,5999,20,1199.8,4799.2,479.92,2366,2023,2,April,Monday,10.0,Dhruv Desai,Pune         , Maharashtra   ,411001,10Dhruv@gmail.com,900051106,Titan Wrist Watch,Accessories,5999,Summer Sale,Email,SUMMER21,20% off
2022-05-22,10,PR001,P006,1,7499,7499,20,1499.8,5999.2,599.92,2576,2022,2,May,Sunday,10.0,Dhruv Desai,Pune         , Maharashtra   ,411001,10Dhruv@gmail.com,900051106,Nike Running Shoes,Footwear,7499,Summer Sale,Email,SUMMER21,20% off
2023-07-09,10,PR004,P012,1,2999,2999,50,1499.5,1499.5,149.95,2911,2023,3,July,Sunday,10.0,Dhruv Desai,Pune         , Maharashtra   ,411001,10Dhruv@gmail.com,900051106,FabIndia Kurta,Clothing,2999,Weekend Flash Sale,Mobile Push,FLASH50,50% off
2020-07-26,10,PR004,P016,3,24999,74997,50,37498.5,37498.5,3749.85,2972,2020,3,July,Sunday,10.0,Dhruv Desai,Pune         , Maharashtra   ,411001,10Dhruv@gmail.com,900051106,LG Washing Machine,Home Appliances,24999,Weekend Flash Sale,Mobile Push,FLASH50,50% off
2023-01-11,11,0,P026,2,5499,10998,0,0.0,10998.0,1099.8,2897,2023,1,January,Wednesday,10.0,Diya Kapoor,Mumbai       , Maharashtra   ,400001,11Diya@gmail.com,845767347,Wildcraft Hiking Bag,Bags,5499,,,,
2021-08-10,11,0,P023,3,1499,4497,0,0.0,4497.0,449.7,2708,2021,3,August,Tuesday,10.0,Diya Kapoor,Mumbai       , Maharashtra   ,400001,11Diya@gmail.com,845767347,Milton Thermos Flask,Kitchenware,1499,,,,
2022-09-09,11,0,P020,3,12999,38997,0,0.0,38997.0,3899.7,41,2022,3,September,Friday,10.0,Diya Kapoor,Mumbai       , Maharashtra   ,400001,11Diya@gmail.com,845767347,Fossil Smartwatch,Accessories,12999,,,,
2020-08-25,11,0,P030,3,399,1197,0,0.0,1197.0,119.7,321,2020,3,August,Tuesday,10.0,Diya Kapoor,Mumbai       , Maharashtra   ,400001,11Diya@gmail.com,845767347,Nivea Body Lotion,Personal Care,399,,,,
2020-11-29,11,0,P004,3,64999,194997,0,0.0,194997.0,19499.7,877,2020,4,November,Sunday,10.0,Diya Kapoor,Mumbai       , Maharashtra   ,400001,11Diya@gmail.com,845767347,HP Pavilion Laptop,Electronics,64999,,,,
2021-09-03,11,0,P010,3,2199,6597,0,0.0,6597.0,659.7,1222,2021,3,September,Friday,10.0,Diya Kapoor,Mumbai       , Maharashtra   ,400001,11Diya@gmail.com,845767347,Zara Casual Shirt,Clothing,2199,,,,
2022-11-07,11,0,P020,3,12999,38997,0,0.0,38997.0,3899.7,1314,2022,4,November,Monday,10.0,Diya Kapoor,Mumbai       , Maharashtra   ,400001,11Diya@gmail.com,845767347,Fossil Smartwatch,Accessories,12999,,,,
2022-09-09,11,0,P024,3,2799,8397,0,0.0,8397.0,839.7,1462,2022,3,September,Friday,10.0,Diya Kapoor,Mumbai       , Maharashtra   ,400001,11Diya@gmail.com,845767347,Puma Backpack,Bags,2799,,,,
2023-01-02,11,0,P021,3,1299,3897,0,0.0,3897.0,389.7,1467,2023,1,January,Monday,10.0,Diya Kapoor,Mumbai       , Maharashtra   ,400001,11Diya@gmail.com,845767347,Tupperware Lunch Box,Kitchenware,1299,,,,
2021-03-04,11,0,P020,3,12999,38997,0,0.0,38997.0,3899.7,1488,2021,1,March,Thursday,10.0,Diya Kapoor,Mumbai       , Maharashtra   ,400001,11Diya@gmail.com,845767347,Fossil Smartwatch,Accessories,12999,,,,
2020-12-03,11,0,P025,3,8999,26997,0,0.0,26997.0,2699.7,1495,2020,4,December,Thursday,10.0,Diya Kapoor,Mumbai       , Maharashtra   ,400001,11Diya@gmail.com,845767347,American Tourister Suitcase,Bags,8999,,,,
2020-07-21,11,0,P016,3,24999,74997,0,0.0,74997.0,7499.7,2201,2020,3,July,Tuesday,10.0,Diya Kapoor,Mumbai       , Maharashtra   ,400001,11Diya@gmail.com,845767347,LG Washing Machine,Home Appliances,24999,,,,
2021-10-19,11,0,P009,3,3499,10497,0,0.0,10497.0,1049.7,2307,2021,4,October,Tuesday,10.0,Diya Kapoor,Mumbai       , Maharashtra   ,400001,11Diya@gmail.com,845767347,Levi's Denim Jeans,Clothing,3499,,,,
2021-01-03,11,0,P002,3,69999,209997,0,0.0,209997.0,20999.7,3031,2021,1,January,Sunday,10.0,Diya Kapoor,Mumbai       , Maharashtra   ,400001,11Diya@gmail.com,845767347,Samsung Galaxy S21,Electronics,69999,,,,
2021-03-05,11,0,P015,3,8499,25497,0,0.0,25497.0,2549.7,3077,2021,1,March,Friday,10.0,Diya Kapoor,Mumbai       , Maharashtra   ,400001,11Diya@gmail.com,845767347,Philips Air Fryer,Home Appliances,8499,,,,
2020-10-26,11,0,P022,3,1999,5997,0,0.0,5997.0,599.7,3177,2020,4,October,Monday,10.0,Diya Kapoor,Mumbai       , Maharashtra   ,400001,11Diya@gmail.com,845767347,Borosil Glass Set,Kitchenware,1999,,,,
2023-01-01,11,0,P022,3,1999,5997,0,0.0,5997.0,599.7,3391,2023,1,January,Sunday,10.0,Diya Kapoor,Mumbai       , Maharashtra   ,400001,11Diya@gmail.com,845767347,Borosil Glass Set,Kitchenware,1999,,,,
2021-09-20,11,0,P019,3,5999,17997,0,0.0,17997.0,1799.7,3458,2021,3,September,Monday,10.0,Diya Kapoor,Mumbai       , Maharashtra   ,400001,11Diya@gmail.com,845767347,Titan Wrist Watch,Accessories,5999,,,,
2021-03-08,11,0,P006,2,7499,14998,0,0.0,14998.0,1499.8,196,2021,1,March,Monday,10.0,Diya Kapoor,Mumbai       , Maharashtra   ,400001,11Diya@gmail.com,845767347,Nike Running Shoes,Footwear,7499,,,,
2023-09-27,11,0,P028,2,349,698,0,0.0,698.0,69.8,451,2023,3,September,Wednesday,10.0,Diya Kapoor,Mumbai       , Maharashtra   ,400001,11Diya@gmail.com,845767347,Dove Soap Pack,Personal Care,349,,,,
2021-06-03,11,0,P003,2,89999,179998,0,0.0,179998.0,17999.8,692,2021,2,June,Thursday,10.0,Diya Kapoor,Mumbai       , Maharashtra   ,400001,11Diya@gmail.com,845767347,"Sony Bravia 55"" TV",Electronics,89999,,,,
2023-07-31,11,0,P020,2,12999,25998,0,0.0,25998.0,2599.8,762,2023,3,July,Monday,10.0,Diya Kapoor,Mumbai       , Maharashtra   ,400001,11Diya@gmail.com,845767347,Fossil Smartwatch,Accessories,12999,,,,
2022-09-11,11,0,P013,2,15999,31998,0,0.0,31998.0,3199.8,784,2022,3,September,Sunday,10.0,Diya Kapoor,Mumbai       , Maharashtra   ,400001,11Diya@gmail.com,845767347,Raymond Suit,Clothing,15999,,,,
2022-03-12,11,0,P004,2,64999,129998,0,0.0,129998.0,12999.8,1115,2022,1,March,Saturday,10.0,Diya Kapoor,Mumbai       , Maharashtra   ,400001,11Diya@gmail.com,845767347,HP Pavilion Laptop,Electronics,64999,,,,
2020-03-05,11,0,P023,2,1499,2998,0,0.0,2998.0,299.8,1547,2020,1,March,Thursday,10.0,Diya Kapoor,Mumbai       , Maharashtra   ,400001,11Diya@gmail.com,845767347,Milton Thermos Flask,Kitchenware,1499,,,,
2020-11-09,11,0,P011,2,1499,2998,0,0.0,2998.0,299.8,1593,2020,4,November,Monday,10.0,Diya Kapoor,Mumbai       , Maharashtra   ,400001,11Diya@gmail.com,845767347,H&M T-Shirt,Clothing,1499,,,,
2021-08-25,11,0,P003,2,89999,179998,0,0.0,179998.0,17999.8,1644,2021,3,August,Wednesday,10.0,Diya Kapoor,Mumbai       , Maharashtra   ,400001,11Diya@gmail.com,845767347,"Sony Bravia 55"" TV",Electronics,89999,,,,
2020-10-05,11,0,P001,2,79999,159998,0,0.0,159998.0,15999.8,1939,2020,4,October,Monday,10.0,Diya Kapoor,Mumbai       , Maharashtra   ,400001,11Diya@gmail.com,845767347,Apple iPhone 14,Electronics,79999,,,,
2021-10-07,11,0,P002,2,69999,139998,0,0.0,139998.0,13999.8,2109,2021,4,October,Thursday,10.0,Diya Kapoor,Mumbai       , Maharashtra   ,400001,11Diya@gmail.com,845767347,Samsung Galaxy S21,Electronics,69999,,,,
2023-11-27,11,0,P022,2,1999,3998,0,0.0,3998.0,399.8,2326,2023,4,November,Monday,10.0,Diya Kapoor,Mumbai       , Maharashtra   ,400001,11Diya@gmail.com,845767347,Borosil Glass Set,Kitchenware,1999,,,,
2020-10-21,11,0,P016,2,24999,49998,0,0.0,49998.0,4999.8,2891,2020,4,October,Wednesday,10.0,Diya Kapoor,Mumbai       , Maharashtra   ,400001,11Diya@gmail.com,845767347,LG Washing Machine,Home Appliances,24999,,,,
2022-12-06,11,0,P019,2,5999,11998,0,0.0,11998.0,1199.8,3144,2022,4,December,Tuesday,10.0,Diya Kapoor,Mumbai       , Maharashtra   ,400001,11Diya@gmail.com,845767347,Titan Wrist Watch,Accessories,5999,,,,
2023-07-17,11,0,P001,2,79999,159998,0,0.0,159998.0,15999.8,3172,2023,3,July,Monday,10.0,Diya Kapoor,Mumbai       , Maharashtra   ,400001,11Diya@gmail.com,845767347,Apple iPhone 14,Electronics,79999,,,,
2023-01-29,11,0,P023,3,1499,4497,0,0.0,4497.0,449.7,249,2023,1,January,Sunday,10.0,Diya Kapoor,Mumbai       , Maharashtra   ,400001,11Diya@gmail.com,845767347,Milton Thermos Flask,Kitchenware,1499,,,,
2021-09-09,11,0,P017,1,10499,10499,0,0.0,10499.0,1049.9,174,2021,3,September,Thursday,10.0,Diya Kapoor,Mumbai       , Maharashtra   ,400001,11Diya@gmail.com,845767347,IFB Microwave Oven,Home Appliances,10499,,,,
2020-03-23,11,0,P026,1,5499,5499,0,0.0,5499.0,549.9,637,2020,1,March,Monday,10.0,Diya Kapoor,Mumbai       , Maharashtra   ,400001,11Diya@gmail.com,845767347,Wildcraft Hiking Bag,Bags,5499,,,,
2020-06-24,11,0,P026,1,5499,5499,0,0.0,5499.0,549.9,729,2020,2,June,Wednesday,10.0,Diya Kapoor,Mumbai       , Maharashtra   ,400001,11Diya@gmail.com,845767347,Wildcraft Hiking Bag,Bags,5499,,,,
2023-07-31,11,0,P030,1,399,399,0,0.0,399.0,39.9,1135,2023,3,July,Monday,10.0,Diya Kapoor,Mumbai       , Maharashtra   ,400001,11Diya@gmail.com,845767347,Nivea Body Lotion,Personal Care,399,,,,
2020-01-09,11,0,P024,1,2799,2799,0,0.0,2799.0,279.9,1251,2020,1,January,Thursday,10.0,Diya Kapoor,Mumbai       , Maharashtra   ,400001,11Diya@gmail.com,845767347,Puma Backpack,Bags,2799,,,,
2022-10-13,11,0,P024,1,2799,2799,0,0.0,2799.0,279.9,1546,2022,4,October,Thursday,10.0,Diya Kapoor,Mumbai       , Maharashtra   ,400001,11Diya@gmail.com,845767347,Puma Backpack,Bags,2799,,,,
2023-03-12,11,0,P028,1,349,349,0,0.0,349.0,34.9,1575,2023,1,March,Sunday,10.0,Diya Kapoor,Mumbai       , Maharashtra   ,400001,11Diya@gmail.com,845767347,Dove Soap Pack,Personal Care,349,,,,
2022-02-11,11,0,P027,1,699,699,0,0.0,699.0,69.9,2132,2022,1,February,Friday,10.0,Diya Kapoor,Mumbai       , Maharashtra   ,400001,11Diya@gmail.com,845767347,L'Oreal Shampoo,Personal Care,699,,,,
2023-03-31,11,0,P027,1,699,699,0,0.0,699.0,69.9,2198,2023,1,March,Friday,10.0,Diya Kapoor,Mumbai       , Maharashtra   ,400001,11Diya@gmail.com,845767347,L'Oreal Shampoo,Personal Care,699,,,,
2020-02-06,11,0,P004,1,64999,64999,0,0.0,64999.0,6499.9,2301,2020,1,February,Thursday,10.0,Diya Kapoor,Mumbai       , Maharashtra   ,400001,11Diya@gmail.com,845767347,HP Pavilion Laptop,Electronics,64999,,,,
2021-01-18,11,0,P027,1,699,699,0,0.0,699.0,69.9,2321,2021,1,January,Monday,10.0,Diya Kapoor,Mumbai       , Maharashtra   ,400001,11Diya@gmail.com,845767347,L'Oreal Shampoo,Personal Care,699,,,,
2023-08-09,11,0,P029,1,99,99,0,0.0,99.0,9.9,2465,2023,3,August,Wednesday,10.0,Diya Kapoor,Mumbai       , Maharashtra   ,400001,11Diya@gmail.com,845767347,Colgate Toothpaste,Personal Care,99,,,,
2023-12-12,11,0,P021,1,1299,1299,0,0.0,1299.0,129.9,2530,2023,4,December,Tuesday,10.0,Diya Kapoor,Mumbai       , Maharashtra   ,400001,11Diya@gmail.com,845767347,Tupperware Lunch Box,Kitchenware,1299,,,,
2023-08-25,11,0,P015,1,8499,8499,0,0.0,8499.0,849.9,2600,2023,3,August,Friday,10.0,Diya Kapoor,Mumbai       , Maharashtra   ,400001,11Diya@gmail.com,845767347,Philips Air Fryer,Home Appliances,8499,,,,
2023-03-12,11,0,P027,1,699,699,0,0.0,699.0,69.9,2703,2023,1,March,Sunday,10.0,Diya Kapoor,Mumbai       , Maharashtra   ,400001,11Diya@gmail.com,845767347,L'Oreal Shampoo,Personal Care,699,,,,
2023-01-26,11,0,P008,1,5499,5499,0,0.0,5499.0,549.9,2747,2023,1,January,Thursday,10.0,Diya Kapoor,Mumbai       , Maharashtra   ,400001,11Diya@gmail.com,845767347,Puma Sports Shoes,Footwear,5499,,,,
2021-12-24,11,0,P009,1,3499,3499,0,0.0,3499.0,349.9,2888,2021,4,December,Friday,10.0,Diya Kapoor,Mumbai       , Maharashtra   ,400001,11Diya@gmail.com,845767347,Levi's Denim Jeans,Clothing,3499,,,,
2021-01-12,11,0,P009,1,3499,3499,0,0.0,3499.0,349.9,3119,2021,1,January,Tuesday,10.0,Diya Kapoor,Mumbai       , Maharashtra   ,400001,11Diya@gmail.com,845767347,Levi's Denim Jeans,Clothing,3499,,,,
2021-02-27,11,0,P020,1,12999,12999,0,0.0,12999.0,1299.9,3278,2021,1,February,Saturday,10.0,Diya Kapoor,Mumbai       , Maharashtra   ,400001,11Diya@gmail.com,845767347,Fossil Smartwatch,Accessories,12999,,,,
2023-08-19,11,0,P026,1,5499,5499,0,0.0,5499.0,549.9,3470,2023,3,August,Saturday,10.0,Diya Kapoor,Mumbai       , Maharashtra   ,400001,11Diya@gmail.com,845767347,Wildcraft Hiking Bag,Bags,5499,,,,
2022-04-06,11,PR001,P009,2,3499,6998,20,1399.6,5598.4,559.84,10,2022,2,April,Wednesday,10.0,Diya Kapoor,Mumbai       , Maharashtra   ,400001,11Diya@gmail.com,845767347,Levi's Denim Jeans,Clothing,3499,Summer Sale,Email,SUMMER21,20% off
2021-05-22,11,PR001,P018,2,2299,4598,20,919.6,3678.4,367.84,121,2021,2,May,Saturday,10.0,Diya Kapoor,Mumbai       , Maharashtra   ,400001,11Diya@gmail.com,845767347,Prestige Pressure Cooker,Home Appliances,2299,Summer Sale,Email,SUMMER21,20% off
2020-04-08,11,PR001,P004,2,64999,129998,20,25999.6,103998.4,10399.84,1006,2020,2,April,Wednesday,10.0,Diya Kapoor,Mumbai       , Maharashtra   ,400001,11Diya@gmail.com,845767347,HP Pavilion Laptop,Electronics,64999,Summer Sale,Email,SUMMER21,20% off
2022-05-11,11,PR001,P012,2,2999,5998,20,1199.6,4798.4,479.84,2248,2022,2,May,Wednesday,10.0,Diya Kapoor,Mumbai       , Maharashtra   ,400001,11Diya@gmail.com,845767347,FabIndia Kurta,Clothing,2999,Summer Sale,Email,SUMMER21,20% off
2021-05-22,11,PR001,P014,2,4999,9998,20,1999.6,7998.4,799.84,3221,2021,2,May,Saturday,10.0,Diya Kapoor,Mumbai       , Maharashtra   ,400001,11Diya@gmail.com,845767347,Bajaj Mixer Grinder,Home Appliances,4999,Summer Sale,Email,SUMMER21,20% off
2022-04-28,11,PR001,P024,3,2799,8397,20,1679.4,6717.6,671.76,1345,2022,2,April,Thursday,10.0,Diya Kapoor,Mumbai       , Maharashtra   ,400001,11Diya@gmail.com,845767347,Puma Backpack,Bags,2799,Summer Sale,Email,SUMMER21,20% off
2023-05-18,11,PR001,P017,3,10499,31497,20,6299.4,25197.6,2519.76,3173,2023,2,May,Thursday,10.000000000000002,Diya Kapoor,Mumbai       , Maharashtra   ,400001,11Diya@gmail.com,845767347,IFB Microwave Oven,Home Appliances,10499,Summer Sale,Email,SUMMER21,20% off
2021-05-24,11,PR001,P018,1,2299,2299,20,459.8,1839.2,183.92,296,2021,2,May,Monday,10.0,Diya Kapoor,Mumbai       , Maharashtra   ,400001,11Diya@gmail.com,845767347,Prestige Pressure Cooker,Home Appliances,2299,Summer Sale,Email,SUMMER21,20% off
2023-04-01,11,PR001,P010,1,2199,2199,20,439.8,1759.2,175.92,3231,2023,2,April,Saturday,10.0,Diya Kapoor,Mumbai       , Maharashtra   ,400001,11Diya@gmail.com,845767347,Zara Casual Shirt,Clothing,2199,Summer Sale,Email,SUMMER21,20% off
2022-07-31,11,PR004,P019,2,5999,11998,50,5999.0,5999.0,599.9,1063,2022,3,July,Sunday,10.0,Diya Kapoor,Mumbai       , Maharashtra   ,400001,11Diya@gmail.com,845767347,Titan Wrist Watch,Accessories,5999,Weekend Flash Sale,Mobile Push,FLASH50,50% off
2022-07-03,11,PR004,P009,3,3499,10497,50,5248.5,5248.5,524.85,2016,2022,3,July,Sunday,10.0,Diya Kapoor,Mumbai       , Maharashtra   ,400001,11Diya@gmail.com,845767347,Levi's Denim Jeans,Clothing,3499,Weekend Flash Sale,Mobile Push,FLASH50,50% off
2023-12-19,11,PR005,P007,2,6999,13998,70,9798.6,4199.4,419.94,1775,2023,4,December,Tuesday,10.0,Diya Kapoor,Mumbai       , Maharashtra   ,400001,11Diya@gmail.com,845767347,Adidas Sneakers,Footwear,6999,Clearance Sale,In-App,CLEARANCE23,70% off
2022-09-25,12,0,P020,2,12999,25998,0,0.0,25998.0,2599.8,1139,2022,3,September,Sunday,10.0,Gaurav Nair,Pune         , Maharashtra   ,411001,12Gaurav@gmail.com,882241217,Fossil Smartwatch,Accessories,12999,,,,
2020-02-08,12,0,P023,3,1499,4497,0,0.0,4497.0,449.7,2514,2020,1,February,Saturday,10.0,Gaurav Nair,Pune         , Maharashtra   ,411001,12Gaurav@gmail.com,882241217,Milton Thermos Flask,Kitchenware,1499,,,,
2020-11-05,12,0,P023,3,1499,4497,0,0.0,4497.0,449.7,3336,2020,4,November,Thursday,10.0,Gaurav Nair,Pune         , Maharashtra   ,411001,12Gaurav@gmail.com,882241217,Milton Thermos Flask,Kitchenware,1499,,,,
2020-06-21,12,0,P026,3,5499,16497,0,0.0,16497.0,1649.7,2491,2020,2,June,Sunday,10.0,Gaurav Nair,Pune         , Maharashtra   ,411001,12Gaurav@gmail.com,882241217,Wildcraft Hiking Bag,Bags,5499,,,,
2022-11-10,12,0,P020,3,12999,38997,0,0.0,38997.0,3899.7,113,2022,4,November,Thursday,10.0,Gaurav Nair,Pune         , Maharashtra   ,411001,12Gaurav@gmail.com,882241217,Fossil Smartwatch,Accessories,12999,,,,
2020-07-07,12,0,P003,3,89999,269997,0,0.0,269997.0,26999.7,513,2020,3,July,Tuesday,10.0,Gaurav Nair,Pune         , Maharashtra   ,411001,12Gaurav@gmail.com,882241217,"Sony Bravia 55"" TV",Electronics,89999,,,,
2020-02-07,12,0,P014,3,4999,14997,0,0.0,14997.0,1499.7,528,2020,1,February,Friday,10.0,Gaurav Nair,Pune         , Maharashtra   ,411001,12Gaurav@gmail.com,882241217,Bajaj Mixer Grinder,Home Appliances,4999,,,,
2021-01-18,12,0,P005,3,92499,277497,0,0.0,277497.0,27749.7,600,2021,1,January,Monday,10.0,Gaurav Nair,Pune         , Maharashtra   ,411001,12Gaurav@gmail.com,882241217,Apple MacBook Air,Electronics,92499,,,,
2023-01-30,12,0,P025,3,8999,26997,0,0.0,26997.0,2699.7,941,2023,1,January,Monday,10.0,Gaurav Nair,Pune         , Maharashtra   ,411001,12Gaurav@gmail.com,882241217,American Tourister Suitcase,Bags,8999,,,,
2020-02-09,12,0,P018,3,2299,6897,0,0.0,6897.0,689.7,1136,2020,1,February,Sunday,10.0,Gaurav Nair,Pune         , Maharashtra   ,411001,12Gaurav@gmail.com,882241217,Prestige Pressure Cooker,Home Appliances,2299,,,,
2020-02-22,12,0,P007,3,6999,20997,0,0.0,20997.0,2099.7,1661,2020,1,February,Saturday,10.0,Gaurav Nair,Pune         , Maharashtra   ,411001,12Gaurav@gmail.com,882241217,Adidas Sneakers,Footwear,6999,,,,
2020-10-04,12,0,P028,3,349,1047,0,0.0,1047.0,104.7,2725,2020,4,October,Sunday,10.0,Gaurav Nair,Pune         , Maharashtra   ,411001,12Gaurav@gmail.com,882241217,Dove Soap Pack,Personal Care,349,,,,
2023-02-23,12,0,P024,3,2799,8397,0,0.0,8397.0,839.7,2843,2023,1,February,Thursday,10.0,Gaurav Nair,Pune         , Maharashtra   ,411001,12Gaurav@gmail.com,882241217,Puma Backpack,Bags,2799,,,,
2021-08-29,12,0,P012,3,2999,8997,0,0.0,8997.0,899.7,3027,2021,3,August,Sunday,10.0,Gaurav Nair,Pune         , Maharashtra   ,411001,12Gaurav@gmail.com,882241217,FabIndia Kurta,Clothing,2999,,,,
2020-07-20,12,0,P030,2,399,798,0,0.0,798.0,79.8,713,2020,3,July,Monday,10.0,Gaurav Nair,Pune         , Maharashtra   ,411001,12Gaurav@gmail.com,882241217,Nivea Body Lotion,Personal Care,399,,,,
2020-08-18,12,0,P028,2,349,698,0,0.0,698.0,69.8,886,2020,3,August,Tuesday,10.0,Gaurav Nair,Pune         , Maharashtra   ,411001,12Gaurav@gmail.com,882241217,Dove Soap Pack,Personal Care,349,,,,
2020-08-18,12,0,P030,2,399,798,0,0.0,798.0,79.8,982,2020,3,August,Tuesday,10.0,Gaurav Nair,Pune         , Maharashtra   ,411001,12Gaurav@gmail.com,882241217,Nivea Body Lotion,Personal Care,399,,,,
2023-02-04,12,0,P004,2,64999,129998,0,0.0,129998.0,12999.8,1016,2023,1,February,Saturday,10.0,Gaurav Nair,Pune         , Maharashtra   ,411001,12Gaurav@gmail.com,882241217,HP Pavilion Laptop,Electronics,64999,,,,
2023-09-28,12,0,P025,2,8999,17998,0,0.0,17998.0,1799.8,1076,2023,3,September,Thursday,10.0,Gaurav Nair,Pune         , Maharashtra   ,411001,12Gaurav@gmail.com,882241217,American Tourister Suitcase,Bags,8999,,,,
2023-07-14,12,0,P027,2,699,1398,0,0.0,1398.0,139.8,1184,2023,3,July,Friday,10.0,Gaurav Nair,Pune         , Maharashtra   ,411001,12Gaurav@gmail.com,882241217,L'Oreal Shampoo,Personal Care,699,,,,
2021-06-01,12,0,P005,2,92499,184998,0,0.0,184998.0,18499.8,1526,2021,2,June,Tuesday,10.0,Gaurav Nair,Pune         , Maharashtra   ,411001,12Gaurav@gmail.com,882241217,Apple MacBook Air,Electronics,92499,,,,
2020-12-09,12,0,P001,2,79999,159998,0,0.0,159998.0,15999.8,1764,2020,4,December,Wednesday,10.0,Gaurav Nair,Pune         , Maharashtra   ,411001,12Gaurav@gmail.com,882241217,Apple iPhone 14,Electronics,79999,,,,
2022-02-15,12,0,P013,2,15999,31998,0,0.0,31998.0,3199.8,1826,2022,1,February,Tuesday,10.0,Gaurav Nair,Pune         , Maharashtra   ,411001,12Gaurav@gmail.com,882241217,Raymond Suit,Clothing,15999,,,,
2023-10-04,12,0,P013,2,15999,31998,0,0.0,31998.0,3199.8,2085,2023,4,October,Wednesday,10.0,Gaurav Nair,Pune         , Maharashtra   ,411001,12Gaurav@gmail.com,882241217,Raymond Suit,Clothing,15999,,,,
2020-10-17,12,0,P001,2,79999,159998,0,0.0,159998.0,15999.8,2137,2020,4,October,Saturday,10.0,Gaurav Nair,Pune         , Maharashtra   ,411001,12Gaurav@gmail.com,882241217,Apple iPhone 14,Electronics,79999,,,,
2020-10-11,12,0,P001,2,79999,159998,0,0.0,159998.0,15999.8,2149,2020,4,October,Sunday,10.0,Gaurav Nair,Pune         , Maharashtra   ,411001,12Gaurav@gmail.com,882241217,Apple iPhone 14,Electronics,79999,,,,
2020-02-21,12,0,P025,2,8999,17998,0,0.0,17998.0,1799.8,2609,2020,1,February,Friday,10.0,Gaurav Nair,Pune         , Maharashtra   ,411001,12Gaurav@gmail.com,882241217,American Tourister Suitcase,Bags,8999,,,,
2022-12-28,12,0,P021,2,1299,2598,0,0.0,2598.0,259.8,2702,2022,4,December,Wednesday,10.0,Gaurav Nair,Pune         , Maharashtra   ,411001,12Gaurav@gmail.com,882241217,Tupperware Lunch Box,Kitchenware,1299,,,,
2021-03-18,12,0,P022,2,1999,3998,0,0.0,3998.0,399.8,2982,2021,1,March,Thursday,10.0,Gaurav Nair,Pune         , Maharashtra   ,411001,12Gaurav@gmail.com,882241217,Borosil Glass Set,Kitchenware,1999,,,,
2020-02-06,12,0,P029,2,99,198,0,0.0,198.0,19.8,3247,2020,1,February,Thursday,10.0,Gaurav Nair,Pune         , Maharashtra   ,411001,12Gaurav@gmail.com,882241217,Colgate Toothpaste,Personal Care,99,,,,
2021-01-24,12,0,P005,2,92499,184998,0,0.0,184998.0,18499.8,3388,2021,1,January,Sunday,10.0,Gaurav Nair,Pune         , Maharashtra   ,411001,12Gaurav@gmail.com,882241217,Apple MacBook Air,Electronics,92499,,,,
2021-11-22,12,0,P008,2,5499,10998,0,0.0,10998.0,1099.8,3097,2021,4,November,Monday,10.0,Gaurav Nair,Pune         , Maharashtra   ,411001,12Gaurav@gmail.com,882241217,Puma Sports Shoes,Footwear,5499,,,,
2020-01-15,12,0,P008,2,5499,10998,0,0.0,10998.0,1099.8,3452,2020,1,January,Wednesday,10.0,Gaurav Nair,Pune         , Maharashtra   ,411001,12Gaurav@gmail.com,882241217,Puma Sports Shoes,Footwear,5499,,,,
2020-10-01,12,0,P010,1,2199,2199,0,0.0,2199.0,219.9,19,2020,4,October,Thursday,10.0,Gaurav Nair,Pune         , Maharashtra   ,411001,12Gaurav@gmail.com,882241217,Zara Casual Shirt,Clothing,2199,,,,
2020-03-24,12,0,P017,1,10499,10499,0,0.0,10499.0,1049.9,208,2020,1,March,Tuesday,10.0,Gaurav Nair,Pune         , Maharashtra   ,411001,12Gaurav@gmail.com,882241217,IFB Microwave Oven,Home Appliances,10499,,,,
2023-10-13,12,0,P019,1,5999,5999,0,0.0,5999.0,599.9,331,2023,4,October,Friday,10.0,Gaurav Nair,Pune         , Maharashtra   ,411001,12Gaurav@gmail.com,882241217,Titan Wrist Watch,Accessories,5999,,,,
2023-10-22,12,0,P007,1,6999,6999,0,0.0,6999.0,699.9,344,2023,4,October,Sunday,10.0,Gaurav Nair,Pune         , Maharashtra   ,411001,12Gaurav@gmail.com,882241217,Adidas Sneakers,Footwear,6999,,,,
2021-12-31,12,0,P011,1,1499,1499,0,0.0,1499.0,149.9,517,2021,4,December,Friday,10.0,Gaurav Nair,Pune         , Maharashtra   ,411001,12Gaurav@gmail.com,882241217,H&M T-Shirt,Clothing,1499,,,,
2021-06-01,12,0,P015,1,8499,8499,0,0.0,8499.0,849.9,586,2021,2,June,Tuesday,10.0,Gaurav Nair,Pune         , Maharashtra   ,411001,12Gaurav@gmail.com,882241217,Philips Air Fryer,Home Appliances,8499,,,,
2023-11-29,12,0,P024,1,2799,2799,0,0.0,2799.0,279.9,657,2023,4,November,Wednesday,10.0,Gaurav Nair,Pune         , Maharashtra   ,411001,12Gaurav@gmail.com,882241217,Puma Backpack,Bags,2799,,,,
2023-02-06,12,0,P022,1,1999,1999,0,0.0,1999.0,199.9,659,2023,1,February,Monday,10.0,Gaurav Nair,Pune         , Maharashtra   ,411001,12Gaurav@gmail.com,882241217,Borosil Glass Set,Kitchenware,1999,,,,
2021-12-18,12,0,P025,1,8999,8999,0,0.0,8999.0,899.9,880,2021,4,December,Saturday,10.0,Gaurav Nair,Pune         , Maharashtra   ,411001,12Gaurav@gmail.com,882241217,American Tourister Suitcase,Bags,8999,,,,
2021-10-03,12,0,P005,1,92499,92499,0,0.0,92499.0,9249.9,1124,2021,4,October,Sunday,10.0,Gaurav Nair,Pune         , Maharashtra   ,411001,12Gaurav@gmail.com,882241217,Apple MacBook Air,Electronics,92499,,,,
2020-10-09,12,0,P012,1,2999,2999,0,0.0,2999.0,299.9,1177,2020,4,October,Friday,10.0,Gaurav Nair,Pune         , Maharashtra   ,411001,12Gaurav@gmail.com,882241217,FabIndia Kurta,Clothing,2999,,,,
2022-11-29,12,0,P005,1,92499,92499,0,0.0,92499.0,9249.9,1276,2022,4,November,Tuesday,10.0,Gaurav Nair,Pune         , Maharashtra   ,411001,12Gaurav@gmail.com,882241217,Apple MacBook Air,Electronics,92499,,,,
2020-10-17,12,0,P025,1,8999,8999,0,0.0,8999.0,899.9,1579,2020,4,October,Saturday,10.0,Gaurav Nair,Pune         , Maharashtra   ,411001,12Gaurav@gmail.com,882241217,American Tourister Suitcase,Bags,8999,,,,
2021-03-14,12,0,P029,1,99,99,0,0.0,99.0,9.9,2230,2021,1,March,Sunday,10.0,Gaurav Nair,Pune         , Maharashtra   ,411001,12Gaurav@gmail.com,882241217,Colgate Toothpaste,Personal Care,99,,,,
2022-12-20,12,0,P016,1,24999,24999,0,0.0,24999.0,2499.9,2845,2022,4,December,Tuesday,10.0,Gaurav Nair,Pune         , Maharashtra   ,411001,12Gaurav@gmail.com,882241217,LG Washing Machine,Home Appliances,24999,,,,
2020-07-03,12,0,P023,1,1499,1499,0,0.0,1499.0,149.9,3348,2020,3,July,Friday,10.0,Gaurav Nair,Pune         , Maharashtra   ,411001,12Gaurav@gmail.com,882241217,Milton Thermos Flask,Kitchenware,1499,,,,
2020-04-10,12,PR001,P024,2,2799,5598,20,1119.6,4478.4,447.84,106,2020,2,April,Friday,10.0,Gaurav Nair,Pune         , Maharashtra   ,411001,12Gaurav@gmail.com,882241217,Puma Backpack,Bags,2799,Summer Sale,Email,SUMMER21,20% off
2020-04-29,12,PR001,P006,2,7499,14998,20,2999.6,11998.4,1199.84,702,2020,2,April,Wednesday,10.0,Gaurav Nair,Pune         , Maharashtra   ,411001,12Gaurav@gmail.com,882241217,Nike Running Shoes,Footwear,7499,Summer Sale,Email,SUMMER21,20% off
2021-05-11,12,PR001,P030,2,399,798,20,159.6,638.4,63.84,3168,2021,2,May,Tuesday,10.0,Gaurav Nair,Pune         , Maharashtra   ,411001,12Gaurav@gmail.com,882241217,Nivea Body Lotion,Personal Care,399,Summer Sale,Email,SUMMER21,20% off
2023-04-19,12,PR001,P022,3,1999,5997,20,1199.4,4797.6,479.76,699,2023,2,April,Wednesday,10.0,Gaurav Nair,Pune         , Maharashtra   ,411001,12Gaurav@gmail.com,882241217,Borosil Glass Set,Kitchenware,1999,Summer Sale,Email,SUMMER21,20% off
2021-05-18,12,PR001,P014,3,4999,14997,20,2999.4,11997.6,1199.76,703,2021,2,May,Tuesday,10.0,Gaurav Nair,Pune         , Maharashtra   ,411001,12Gaurav@gmail.com,882241217,Bajaj Mixer Grinder,Home Appliances,4999,Summer Sale,Email,SUMMER21,20% off
2020-04-01,12,PR001,P004,3,64999,194997,20,38999.4,155997.6,15599.76,1770,2020,2,April,Wednesday,10.0,Gaurav Nair,Pune         , Maharashtra   ,411001,12Gaurav@gmail.com,882241217,HP Pavilion Laptop,Electronics,64999,Summer Sale,Email,SUMMER21,20% off
2022-04-21,12,PR001,P018,3,2299,6897,20,1379.4,5517.6,551.76,1885,2022,2,April,Thursday,10.0,Gaurav Nair,Pune         , Maharashtra   ,411001,12Gaurav@gmail.com,882241217,Prestige Pressure Cooker,Home Appliances,2299,Summer Sale,Email,SUMMER21,20% off
2022-04-13,12,PR001,P029,3,99,297,20,59.4,237.6,23.76,1981,2022,2,April,Wednesday,10.0,Gaurav Nair,Pune         , Maharashtra   ,411001,12Gaurav@gmail.com,882241217,Colgate Toothpaste,Personal Care,99,Summer Sale,Email,SUMMER21,20% off
2020-05-17,12,PR001,P010,3,2199,6597,20,1319.4,5277.6,527.76,2087,2020,2,May,Sunday,10.0,Gaurav Nair,Pune         , Maharashtra   ,411001,12Gaurav@gmail.com,882241217,Zara Casual Shirt,Clothing,2199,Summer Sale,Email,SUMMER21,20% off
2022-05-15,12,PR001,P004,3,64999,194997,20,38999.4,155997.6,15599.76,2234,2022,2,May,Sunday,10.0,Gaurav Nair,Pune         , Maharashtra   ,411001,12Gaurav@gmail.com,882241217,HP Pavilion Laptop,Electronics,64999,Summer Sale,Email,SUMMER21,20% off
2020-05-04,12,PR001,P001,1,79999,79999,20,15999.8,63999.2,6399.92,1380,2020,2,May,Monday,10.0,Gaurav Nair,Pune         , Maharashtra   ,411001,12Gaurav@gmail.com,882241217,Apple iPhone 14,Electronics,79999,Summer Sale,Email,SUMMER21,20% off
2022-04-29,12,PR001,P001,1,79999,79999,20,15999.8,63999.2,6399.92,2091,2022,2,April,Friday,10.0,Gaurav Nair,Pune         , Maharashtra   ,411001,12Gaurav@gmail.com,882241217,Apple iPhone 14,Electronics,79999,Summer Sale,Email,SUMMER21,20% off
2021-04-28,12,PR001,P002,1,69999,69999,20,13999.8,55999.2,5599.92,2527,2021,2,April,Wednesday,10.0,Gaurav Nair,Pune         , Maharashtra   ,411001,12Gaurav@gmail.com,882241217,Samsung Galaxy S21,Electronics,69999,Summer Sale,Email,SUMMER21,20% off
2020-04-04,12,PR001,P007,1,6999,6999,20,1399.8,5599.2,559.92,2847,2020,2,April,Saturday,10.0,Gaurav Nair,Pune         , Maharashtra   ,411001,12Gaurav@gmail.com,882241217,Adidas Sneakers,Footwear,6999,Summer Sale,Email,SUMMER21,20% off
2021-04-30,12,PR001,P004,1,64999,64999,20,12999.8,51999.2,5199.92,3358,2021,2,April,Friday,10.0,Gaurav Nair,Pune         , Maharashtra   ,411001,12Gaurav@gmail.com,882241217,HP Pavilion Laptop,Electronics,64999,Summer Sale,Email,SUMMER21,20% off
2023-07-15,12,PR004,P028,1,349,349,50,174.5,174.5,17.45,335,2023,3,July,Saturday,10.0,Gaurav Nair,Pune         , Maharashtra   ,411001,12Gaurav@gmail.com,882241217,Dove Soap Pack,Personal Care,349,Weekend Flash Sale,Mobile Push,FLASH50,50% off
2023-12-25,12,PR005,P017,2,10499,20998,70,14698.6,6299.4,629.94,780,2023,4,December,Monday,10.000000000000002,Gaurav Nair,Pune         , Maharashtra   ,411001,12Gaurav@gmail.com,882241217,IFB Microwave Oven,Home Appliances,10499,Clearance Sale,In-App,CLEARANCE23,70% off
2023-12-24,12,PR005,P007,2,6999,13998,70,9798.6,4199.4,419.94,816,2023,4,December,Sunday,10.0,Gaurav Nair,Pune         , Maharashtra   ,411001,12Gaurav@gmail.com,882241217,Adidas Sneakers,Footwear,6999,Clearance Sale,In-App,CLEARANCE23,70% off
2020-03-28,13,0,P028,1,349,349,0,0.0,349.0,34.9,2923,2020,1,March,Saturday,10.0,Isha Reddy,Bhopal       , Madhya Pradesh,462001,13Isha@gmail.com,936075025,Dove Soap Pack,Personal Care,349,,,,
2021-01-05,13,0,P010,3,2199,6597,0,0.0,6597.0,659.7,2933,2021,1,January,Tuesday,10.0,Isha Reddy,Bhopal       , Madhya Pradesh,462001,13Isha@gmail.com,936075025,Zara Casual Shirt,Clothing,2199,,,,
2020-06-28,13,0,P017,3,10499,31497,0,0.0,31497.0,3149.7,3264,2020,2,June,Sunday,10.0,Isha Reddy,Bhopal       , Madhya Pradesh,462001,13Isha@gmail.com,936075025,IFB Microwave Oven,Home Appliances,10499,,,,
2021-07-29,13,0,P007,3,6999,20997,0,0.0,20997.0,2099.7,3307,2021,3,July,Thursday,10.0,Isha Reddy,Bhopal       , Madhya Pradesh,462001,13Isha@gmail.com,936075025,Adidas Sneakers,Footwear,6999,,,,
2023-08-20,13,0,P007,3,6999,20997,0,0.0,20997.0,2099.7,3350,2023,3,August,Sunday,10.0,Isha Reddy,Bhopal       , Madhya Pradesh,462001,13Isha@gmail.com,936075025,Adidas Sneakers,Footwear,6999,,,,
2022-02-01,13,0,P030,2,399,798,0,0.0,798.0,79.8,369,2022,1,February,Tuesday,10.0,Isha Reddy,Bhopal       , Madhya Pradesh,462001,13Isha@gmail.com,936075025,Nivea Body Lotion,Personal Care,399,,,,
2022-08-05,13,0,P009,2,3499,6998,0,0.0,6998.0,699.8,505,2022,3,August,Friday,10.0,Isha Reddy,Bhopal       , Madhya Pradesh,462001,13Isha@gmail.com,936075025,Levi's Denim Jeans,Clothing,3499,,,,
2021-08-11,13,0,P002,2,69999,139998,0,0.0,139998.0,13999.8,873,2021,3,August,Wednesday,10.0,Isha Reddy,Bhopal       , Madhya Pradesh,462001,13Isha@gmail.com,936075025,Samsung Galaxy S21,Electronics,69999,,,,
2022-12-19,13,0,P023,2,1499,2998,0,0.0,2998.0,299.8,1196,2022,4,December,Monday,10.0,Isha Reddy,Bhopal       , Madhya Pradesh,462001,13Isha@gmail.com,936075025,Milton Thermos Flask,Kitchenware,1499,,,,
2022-11-15,13,0,P024,2,2799,5598,0,0.0,5598.0,559.8,1710,2022,4,November,Tuesday,10.0,Isha Reddy,Bhopal       , Madhya Pradesh,462001,13Isha@gmail.com,936075025,Puma Backpack,Bags,2799,,,,
2022-06-15,13,0,P010,2,2199,4398,0,0.0,4398.0,439.8,2135,2022,2,June,Wednesday,10.0,Isha Reddy,Bhopal       , Madhya Pradesh,462001,13Isha@gmail.com,936075025,Zara Casual Shirt,Clothing,2199,,,,
2023-02-26,13,0,P003,2,89999,179998,0,0.0,179998.0,17999.8,2931,2023,1,February,Sunday,10.0,Isha Reddy,Bhopal       , Madhya Pradesh,462001,13Isha@gmail.com,936075025,"Sony Bravia 55"" TV",Electronics,89999,,,,
2020-09-08,13,0,P014,2,4999,9998,0,0.0,9998.0,999.8,2977,2020,3,September,Tuesday,10.0,Isha Reddy,Bhopal       , Madhya Pradesh,462001,13Isha@gmail.com,936075025,Bajaj Mixer Grinder,Home Appliances,4999,,,,
2022-02-20,13,0,P025,2,8999,17998,0,0.0,17998.0,1799.8,3111,2022,1,February,Sunday,10.0,Isha Reddy,Bhopal       , Madhya Pradesh,462001,13Isha@gmail.com,936075025,American Tourister Suitcase,Bags,8999,,,,
2023-10-03,13,0,P010,2,2199,4398,0,0.0,4398.0,439.8,3271,2023,4,October,Tuesday,10.0,Isha Reddy,Bhopal       , Madhya Pradesh,462001,13Isha@gmail.com,936075025,Zara Casual Shirt,Clothing,2199,,,,
2022-08-31,13,0,P012,2,2999,5998,0,0.0,5998.0,599.8,3320,2022,3,August,Wednesday,10.0,Isha Reddy,Bhopal       , Madhya Pradesh,462001,13Isha@gmail.com,936075025,FabIndia Kurta,Clothing,2999,,,,
2021-08-02,13,0,P025,2,8999,17998,0,0.0,17998.0,1799.8,3446,2021,3,August,Monday,10.0,Isha Reddy,Bhopal       , Madhya Pradesh,462001,13Isha@gmail.com,936075025,American Tourister Suitcase,Bags,8999,,,,
2022-01-22,13,0,P024,1,2799,2799,0,0.0,2799.0,279.9,109,2022,1,January,Saturday,10.0,Isha Reddy,Bhopal       , Madhya Pradesh,462001,13Isha@gmail.com,936075025,Puma Backpack,Bags,2799,,,,
2021-02-10,13,0,P020,1,12999,12999,0,0.0,12999.0,1299.9,142,2021,1,February,Wednesday,10.0,Isha Reddy,Bhopal       , Madhya Pradesh,462001,13Isha@gmail.com,936075025,Fossil Smartwatch,Accessories,12999,,,,
2020-08-30,13,0,P021,1,1299,1299,0,0.0,1299.0,129.9,231,2020,3,August,Sunday,10.0,Isha Reddy,Bhopal       , Madhya Pradesh,462001,13Isha@gmail.com,936075025,Tupperware Lunch Box,Kitchenware,1299,,,,
2022-12-19,13,0,P007,1,6999,6999,0,0.0,6999.0,699.9,235,2022,4,December,Monday,10.0,Isha Reddy,Bhopal       , Madhya Pradesh,462001,13Isha@gmail.com,936075025,Adidas Sneakers,Footwear,6999,,,,
2021-01-26,13,0,P007,1,6999,6999,0,0.0,6999.0,699.9,482,2021,1,January,Tuesday,10.0,Isha Reddy,Bhopal       , Madhya Pradesh,462001,13Isha@gmail.com,936075025,Adidas Sneakers,Footwear,6999,,,,
2023-06-11,13,0,P005,1,92499,92499,0,0.0,92499.0,9249.9,1014,2023,2,June,Sunday,10.0,Isha Reddy,Bhopal       , Madhya Pradesh,462001,13Isha@gmail.com,936075025,Apple MacBook Air,Electronics,92499,,,,
2023-08-20,13,0,P001,1,79999,79999,0,0.0,79999.0,7999.9,1433,2023,3,August,Sunday,10.0,Isha Reddy,Bhopal       , Madhya Pradesh,462001,13Isha@gmail.com,936075025,Apple iPhone 14,Electronics,79999,,,,
2023-10-19,13,0,P017,1,10499,10499,0,0.0,10499.0,1049.9,1756,2023,4,October,Thursday,10.0,Isha Reddy,Bhopal       , Madhya Pradesh,462001,13Isha@gmail.com,936075025,IFB Microwave Oven,Home Appliances,10499,,,,
2023-02-17,13,0,P013,3,15999,47997,0,0.0,47997.0,4799.7,2840,2023,1,February,Friday,10.0,Isha Reddy,Bhopal       , Madhya Pradesh,462001,13Isha@gmail.com,936075025,Raymond Suit,Clothing,15999,,,,
2022-09-22,13,0,P007,1,6999,6999,0,0.0,6999.0,699.9,3286,2022,3,September,Thursday,10.0,Isha Reddy,Bhopal       , Madhya Pradesh,462001,13Isha@gmail.com,936075025,Adidas Sneakers,Footwear,6999,,,,
2023-01-30,13,0,P029,3,99,297,0,0.0,297.0,29.7,832,2023,1,January,Monday,10.0,Isha Reddy,Bhopal       , Madhya Pradesh,462001,13Isha@gmail.com,936075025,Colgate Toothpaste,Personal Care,99,,,,
2023-06-21,13,0,P023,1,1499,1499,0,0.0,1499.0,149.9,3310,2023,2,June,Wednesday,10.0,Isha Reddy,Bhopal       , Madhya Pradesh,462001,13Isha@gmail.com,936075025,Milton Thermos Flask,Kitchenware,1499,,,,
2023-04-09,13,PR001,P018,2,2299,4598,20,919.6,3678.4,367.84,94,2023,2,April,Sunday,10.0,Isha Reddy,Bhopal       , Madhya Pradesh,462001,13Isha@gmail.com,936075025,Prestige Pressure Cooker,Home Appliances,2299,Summer Sale,Email,SUMMER21,20% off
2020-04-27,13,PR001,P019,2,5999,11998,20,2399.6,9598.4,959.84,560,2020,2,April,Monday,10.0,Isha Reddy,Bhopal       , Madhya Pradesh,462001,13Isha@gmail.com,936075025,Titan Wrist Watch,Accessories,5999,Summer Sale,Email,SUMMER21,20% off
2023-05-11,13,PR001,P009,3,3499,10497,20,2099.4,8397.6,839.76,66,2023,2,May,Thursday,10.0,Isha Reddy,Bhopal       , Madhya Pradesh,462001,13Isha@gmail.com,936075025,Levi's Denim Jeans,Clothing,3499,Summer Sale,Email,SUMMER21,20% off
2021-04-20,13,PR001,P024,3,2799,8397,20,1679.4,6717.6,671.76,105,2021,2,April,Tuesday,10.0,Isha Reddy,Bhopal       , Madhya Pradesh,462001,13Isha@gmail.com,936075025,Puma Backpack,Bags,2799,Summer Sale,Email,SUMMER21,20% off
2021-05-25,13,PR001,P029,3,99,297,20,59.4,237.6,23.76,1123,2021,2,May,Tuesday,10.0,Isha Reddy,Bhopal       , Madhya Pradesh,462001,13Isha@gmail.com,936075025,Colgate Toothpaste,Personal Care,99,Summer Sale,Email,SUMMER21,20% off
2021-05-28,13,PR001,P001,3,79999,239997,20,47999.4,191997.6,19199.76,2552,2021,2,May,Friday,10.0,Isha Reddy,Bhopal       , Madhya Pradesh,462001,13Isha@gmail.com,936075025,Apple iPhone 14,Electronics,79999,Summer Sale,Email,SUMMER21,20% off
2020-04-25,13,PR001,P023,1,1499,1499,20,299.8,1199.2,119.92,591,2020,2,April,Saturday,10.0,Isha Reddy,Bhopal       , Madhya Pradesh,462001,13Isha@gmail.com,936075025,Milton Thermos Flask,Kitchenware,1499,Summer Sale,Email,SUMMER21,20% off
2021-04-27,13,PR001,P002,1,69999,69999,20,13999.8,55999.2,5599.92,1322,2021,2,April,Tuesday,10.0,Isha Reddy,Bhopal       , Madhya Pradesh,462001,13Isha@gmail.com,936075025,Samsung Galaxy S21,Electronics,69999,Summer Sale,Email,SUMMER21,20% off
2023-12-30,13,PR005,P018,2,2299,4598,70,3218.6,1379.4,137.94,199,2023,4,December,Saturday,10.0,Isha Reddy,Bhopal       , Madhya Pradesh,462001,13Isha@gmail.com,936075025,Prestige Pressure Cooker,Home Appliances,2299,Clearance Sale,In-App,CLEARANCE23,70% off
2021-02-01,13,0,P019,3,5999,17997,0,0.0,17997.0,1799.7,1031,2021,1,February,Monday,10.0,Isha Reddy,Bhopal       , Madhya Pradesh,462001,13Isha@gmail.com,936075025,Titan Wrist Watch,Accessories,5999,,,,
2023-01-08,13,0,P028,3,349,1047,0,0.0,1047.0,104.7,1315,2023,1,January,Sunday,10.0,Isha Reddy,Bhopal       , Madhya Pradesh,462001,13Isha@gmail.com,936075025,Dove Soap Pack,Personal Care,349,,,,
2022-11-20,13,0,P028,3,349,1047,0,0.0,1047.0,104.7,1383,2022,4,November,Sunday,10.0,Isha Reddy,Bhopal       , Madhya Pradesh,462001,13Isha@gmail.com,936075025,Dove Soap Pack,Personal Care,349,,,,
2022-01-08,13,0,P029,3,99,297,0,0.0,297.0,29.7,1532,2022,1,January,Saturday,10.0,Isha Reddy,Bhopal       , Madhya Pradesh,462001,13Isha@gmail.com,936075025,Colgate Toothpaste,Personal Care,99,,,,
2022-11-08,13,0,P004,3,64999,194997,0,0.0,194997.0,19499.7,1738,2022,4,November,Tuesday,10.0,Isha Reddy,Bhopal       , Madhya Pradesh,462001,13Isha@gmail.com,936075025,HP Pavilion Laptop,Electronics,64999,,,,
2022-08-16,13,0,P027,3,699,2097,0,0.0,2097.0,209.7,1851,2022,3,August,Tuesday,10.0,Isha Reddy,Bhopal       , Madhya Pradesh,462001,13Isha@gmail.com,936075025,L'Oreal Shampoo,Personal Care,699,,,,
2021-08-25,13,0,P024,3,2799,8397,0,0.0,8397.0,839.7,1879,2021,3,August,Wednesday,10.0,Isha Reddy,Bhopal       , Madhya Pradesh,462001,13Isha@gmail.com,936075025,Puma Backpack,Bags,2799,,,,
2022-11-08,13,0,P009,3,3499,10497,0,0.0,10497.0,1049.7,2115,2022,4,November,Tuesday,10.0,Isha Reddy,Bhopal       , Madhya Pradesh,462001,13Isha@gmail.com,936075025,Levi's Denim Jeans,Clothing,3499,,,,
2022-03-12,13,0,P009,3,3499,10497,0,0.0,10497.0,1049.7,2375,2022,1,March,Saturday,10.0,Isha Reddy,Bhopal       , Madhya Pradesh,462001,13Isha@gmail.com,936075025,Levi's Denim Jeans,Clothing,3499,,,,
2023-09-07,13,0,P006,3,7499,22497,0,0.0,22497.0,2249.7,2550,2023,3,September,Thursday,10.0,Isha Reddy,Bhopal       , Madhya Pradesh,462001,13Isha@gmail.com,936075025,Nike Running Shoes,Footwear,7499,,,,
2020-06-24,13,0,P007,3,6999,20997,0,0.0,20997.0,2099.7,2629,2020,2,June,Wednesday,10.0,Isha Reddy,Bhopal       , Madhya Pradesh,462001,13Isha@gmail.com,936075025,Adidas Sneakers,Footwear,6999,,,,
2021-11-04,13,0,P028,3,349,1047,0,0.0,1047.0,104.7,2647,2021,4,November,Thursday,10.0,Isha Reddy,Bhopal       , Madhya Pradesh,462001,13Isha@gmail.com,936075025,Dove Soap Pack,Personal Care,349,,,,
2022-05-05,14,PR001,P011,2,1499,2998,20,599.6,2398.4,239.84,463,2022,2,May,Thursday,10.0,Ishaan Shah,Pune         , Maharashtra   ,411001,14Ishaan@gmail.com,919817067,H&M T-Shirt,Clothing,1499,Summer Sale,Email,SUMMER21,20% off
2023-05-28,14,PR001,P026,2,5499,10998,20,2199.6,8798.4,879.84,1367,2023,2,May,Sunday,10.0,Ishaan Shah,Pune         , Maharashtra   ,411001,14Ishaan@gmail.com,919817067,Wildcraft Hiking Bag,Bags,5499,Summer Sale,Email,SUMMER21,20% off
2020-04-07,14,PR001,P024,2,2799,5598,20,1119.6,4478.4,447.84,1930,2020,2,April,Tuesday,10.0,Ishaan Shah,Pune         , Maharashtra   ,411001,14Ishaan@gmail.com,919817067,Puma Backpack,Bags,2799,Summer Sale,Email,SUMMER21,20% off
2023-05-23,14,PR001,P028,2,349,698,20,139.6,558.4,55.84,3498,2023,2,May,Tuesday,10.0,Ishaan Shah,Pune         , Maharashtra   ,411001,14Ishaan@gmail.com,919817067,Dove Soap Pack,Personal Care,349,Summer Sale,Email,SUMMER21,20% off
2020-05-11,14,PR001,P010,3,2199,6597,20,1319.4,5277.6,527.76,355,2020,2,May,Monday,10.0,Ishaan Shah,Pune         , Maharashtra   ,411001,14Ishaan@gmail.com,919817067,Zara Casual Shirt,Clothing,2199,Summer Sale,Email,SUMMER21,20% off
2023-04-06,14,PR001,P010,3,2199,6597,20,1319.4,5277.6,527.76,2015,2023,2,April,Thursday,10.0,Ishaan Shah,Pune         , Maharashtra   ,411001,14Ishaan@gmail.com,919817067,Zara Casual Shirt,Clothing,2199,Summer Sale,Email,SUMMER21,20% off
2023-05-10,14,PR001,P004,1,64999,64999,20,12999.8,51999.2,5199.92,185,2023,2,May,Wednesday,10.0,Ishaan Shah,Pune         , Maharashtra   ,411001,14Ishaan@gmail.com,919817067,HP Pavilion Laptop,Electronics,64999,Summer Sale,Email,SUMMER21,20% off
2021-04-15,14,PR001,P027,1,699,699,20,139.8,559.2,55.92,1040,2021,2,April,Thursday,10.0,Ishaan Shah,Pune         , Maharashtra   ,411001,14Ishaan@gmail.com,919817067,L'Oreal Shampoo,Personal Care,699,Summer Sale,Email,SUMMER21,20% off
2021-05-01,14,PR001,P025,1,8999,8999,20,1799.8,7199.2,719.92,1171,2021,2,May,Saturday,10.0,Ishaan Shah,Pune         , Maharashtra   ,411001,14Ishaan@gmail.com,919817067,American Tourister Suitcase,Bags,8999,Summer Sale,Email,SUMMER21,20% off
2021-05-12,14,PR001,P010,1,2199,2199,20,439.8,1759.2,175.92,1933,2021,2,May,Wednesday,10.0,Ishaan Shah,Pune         , Maharashtra   ,411001,14Ishaan@gmail.com,919817067,Zara Casual Shirt,Clothing,2199,Summer Sale,Email,SUMMER21,20% off
2023-07-29,14,PR004,P011,3,1499,4497,50,2248.5,2248.5,224.85,3488,2023,3,July,Saturday,10.0,Ishaan Shah,Pune         , Maharashtra   ,411001,14Ishaan@gmail.com,919817067,H&M T-Shirt,Clothing,1499,Weekend Flash Sale,Mobile Push,FLASH50,50% off
2023-12-22,14,PR005,P017,3,10499,31497,70,22047.9,9449.1,944.91,1180,2023,4,December,Friday,10.0,Ishaan Shah,Pune         , Maharashtra   ,411001,14Ishaan@gmail.com,919817067,IFB Microwave Oven,Home Appliances,10499,Clearance Sale,In-App,CLEARANCE23,70% off
2023-10-15,14,0,P005,1,92499,92499,0,0.0,92499.0,9249.9,1750,2023,4,October,Sunday,10.0,Ishaan Shah,Pune         , Maharashtra   ,411001,14Ishaan@gmail.com,919817067,Apple MacBook Air,Electronics,92499,,,,
2020-07-03,14,0,P023,3,1499,4497,0,0.0,4497.0,449.7,3155,2020,3,July,Friday,10.0,Ishaan Shah,Pune         , Maharashtra   ,411001,14Ishaan@gmail.com,919817067,Milton Thermos Flask,Kitchenware,1499,,,,
2021-06-16,14,0,P026,3,5499,16497,0,0.0,16497.0,1649.7,1494,2021,2,June,Wednesday,10.0,Ishaan Shah,Pune         , Maharashtra   ,411001,14Ishaan@gmail.com,919817067,Wildcraft Hiking Bag,Bags,5499,,,,
2020-08-28,14,0,P017,3,10499,31497,0,0.0,31497.0,3149.7,34,2020,3,August,Friday,10.0,Ishaan Shah,Pune         , Maharashtra   ,411001,14Ishaan@gmail.com,919817067,IFB Microwave Oven,Home Appliances,10499,,,,
2023-09-16,14,0,P030,3,399,1197,0,0.0,1197.0,119.7,732,2023,3,September,Saturday,10.0,Ishaan Shah,Pune         , Maharashtra   ,411001,14Ishaan@gmail.com,919817067,Nivea Body Lotion,Personal Care,399,,,,
2021-06-29,14,0,P006,3,7499,22497,0,0.0,22497.0,2249.7,844,2021,2,June,Tuesday,10.0,Ishaan Shah,Pune         , Maharashtra   ,411001,14Ishaan@gmail.com,919817067,Nike Running Shoes,Footwear,7499,,,,
2022-09-12,14,0,P016,3,24999,74997,0,0.0,74997.0,7499.7,915,2022,3,September,Monday,10.0,Ishaan Shah,Pune         , Maharashtra   ,411001,14Ishaan@gmail.com,919817067,LG Washing Machine,Home Appliances,24999,,,,
2020-12-11,14,0,P002,3,69999,209997,0,0.0,209997.0,20999.7,1522,2020,4,December,Friday,10.0,Ishaan Shah,Pune         , Maharashtra   ,411001,14Ishaan@gmail.com,919817067,Samsung Galaxy S21,Electronics,69999,,,,
2020-08-27,14,0,P021,3,1299,3897,0,0.0,3897.0,389.7,1921,2020,3,August,Thursday,10.0,Ishaan Shah,Pune         , Maharashtra   ,411001,14Ishaan@gmail.com,919817067,Tupperware Lunch Box,Kitchenware,1299,,,,
2020-03-28,14,0,P009,3,3499,10497,0,0.0,10497.0,1049.7,1987,2020,1,March,Saturday,10.0,Ishaan Shah,Pune         , Maharashtra   ,411001,14Ishaan@gmail.com,919817067,Levi's Denim Jeans,Clothing,3499,,,,
2021-10-29,14,0,P001,3,79999,239997,0,0.0,239997.0,23999.7,2590,2021,4,October,Friday,10.0,Ishaan Shah,Pune         , Maharashtra   ,411001,14Ishaan@gmail.com,919817067,Apple iPhone 14,Electronics,79999,,,,
2022-09-08,14,0,P014,3,4999,14997,0,0.0,14997.0,1499.7,2807,2022,3,September,Thursday,10.0,Ishaan Shah,Pune         , Maharashtra   ,411001,14Ishaan@gmail.com,919817067,Bajaj Mixer Grinder,Home Appliances,4999,,,,
2023-03-08,14,0,P020,3,12999,38997,0,0.0,38997.0,3899.7,2841,2023,1,March,Wednesday,10.0,Ishaan Shah,Pune         , Maharashtra   ,411001,14Ishaan@gmail.com,919817067,Fossil Smartwatch,Accessories,12999,,,,
2023-07-31,14,0,P006,3,7499,22497,0,0.0,22497.0,2249.7,2958,2023,3,July,Monday,10.0,Ishaan Shah,Pune         , Maharashtra   ,411001,14Ishaan@gmail.com,919817067,Nike Running Shoes,Footwear,7499,,,,
2020-08-21,14,0,P017,3,10499,31497,0,0.0,31497.0,3149.7,2975,2020,3,August,Friday,10.0,Ishaan Shah,Pune         , Maharashtra   ,411001,14Ishaan@gmail.com,919817067,IFB Microwave Oven,Home Appliances,10499,,,,
2022-01-13,14,0,P002,3,69999,209997,0,0.0,209997.0,20999.7,3419,2022,1,January,Thursday,10.0,Ishaan Shah,Pune         , Maharashtra   ,411001,14Ishaan@gmail.com,919817067,Samsung Galaxy S21,Electronics,69999,,,,
2020-09-18,14,0,P025,2,8999,17998,0,0.0,17998.0,1799.8,36,2020,3,September,Friday,10.0,Ishaan Shah,Pune         , Maharashtra   ,411001,14Ishaan@gmail.com,919817067,American Tourister Suitcase,Bags,8999,,,,
2023-01-16,14,0,P007,2,6999,13998,0,0.0,13998.0,1399.8,88,2023,1,January,Monday,10.0,Ishaan Shah,Pune         , Maharashtra   ,411001,14Ishaan@gmail.com,919817067,Adidas Sneakers,Footwear,6999,,,,
2020-09-14,14,0,P017,2,10499,20998,0,0.0,20998.0,2099.8,155,2020,3,September,Monday,10.0,Ishaan Shah,Pune         , Maharashtra   ,411001,14Ishaan@gmail.com,919817067,IFB Microwave Oven,Home Appliances,10499,,,,
2020-08-31,14,0,P028,2,349,698,0,0.0,698.0,69.8,449,2020,3,August,Monday,10.0,Ishaan Shah,Pune         , Maharashtra   ,411001,14Ishaan@gmail.com,919817067,Dove Soap Pack,Personal Care,349,,,,
2023-10-14,14,0,P001,2,79999,159998,0,0.0,159998.0,15999.8,544,2023,4,October,Saturday,10.0,Ishaan Shah,Pune         , Maharashtra   ,411001,14Ishaan@gmail.com,919817067,Apple iPhone 14,Electronics,79999,,,,
2022-01-16,14,0,P017,2,10499,20998,0,0.0,20998.0,2099.8,631,2022,1,January,Sunday,10.0,Ishaan Shah,Pune         , Maharashtra   ,411001,14Ishaan@gmail.com,919817067,IFB Microwave Oven,Home Appliances,10499,,,,
2023-09-22,14,0,P003,2,89999,179998,0,0.0,179998.0,17999.8,1729,2023,3,September,Friday,10.0,Ishaan Shah,Pune         , Maharashtra   ,411001,14Ishaan@gmail.com,919817067,"Sony Bravia 55"" TV",Electronics,89999,,,,
2023-03-07,14,0,P001,2,79999,159998,0,0.0,159998.0,15999.8,2001,2023,1,March,Tuesday,10.0,Ishaan Shah,Pune         , Maharashtra   ,411001,14Ishaan@gmail.com,919817067,Apple iPhone 14,Electronics,79999,,,,
2021-09-06,14,0,P019,2,5999,11998,0,0.0,11998.0,1199.8,2082,2021,3,September,Monday,10.0,Ishaan Shah,Pune         , Maharashtra   ,411001,14Ishaan@gmail.com,919817067,Titan Wrist Watch,Accessories,5999,,,,
2023-12-13,14,0,P024,2,2799,5598,0,0.0,5598.0,559.8,2344,2023,4,December,Wednesday,10.0,Ishaan Shah,Pune         , Maharashtra   ,411001,14Ishaan@gmail.com,919817067,Puma Backpack,Bags,2799,,,,
2021-12-22,14,0,P010,2,2199,4398,0,0.0,4398.0,439.8,2621,2021,4,December,Wednesday,10.0,Ishaan Shah,Pune         , Maharashtra   ,411001,14Ishaan@gmail.com,919817067,Zara Casual Shirt,Clothing,2199,,,,
2020-11-18,14,0,P030,2,399,798,0,0.0,798.0,79.8,3361,2020,4,November,Wednesday,10.0,Ishaan Shah,Pune         , Maharashtra   ,411001,14Ishaan@gmail.com,919817067,Nivea Body Lotion,Personal Care,399,,,,
2022-12-29,14,0,P008,2,5499,10998,0,0.0,10998.0,1099.8,1413,2022,4,December,Thursday,10.0,Ishaan Shah,Pune         , Maharashtra   ,411001,14Ishaan@gmail.com,919817067,Puma Sports Shoes,Footwear,5499,,,,
2022-06-01,14,0,P008,2,5499,10998,0,0.0,10998.0,1099.8,2214,2022,2,June,Wednesday,10.0,Ishaan Shah,Pune         , Maharashtra   ,411001,14Ishaan@gmail.com,919817067,Puma Sports Shoes,Footwear,5499,,,,
2021-03-01,14,0,P008,2,5499,10998,0,0.0,10998.0,1099.8,2220,2021,1,March,Monday,10.0,Ishaan Shah,Pune         , Maharashtra   ,411001,14Ishaan@gmail.com,919817067,Puma Sports Shoes,Footwear,5499,,,,
2023-01-13,14,0,P008,2,5499,10998,0,0.0,10998.0,1099.8,3313,2023,1,January,Friday,10.0,Ishaan Shah,Pune         , Maharashtra   ,411001,14Ishaan@gmail.com,919817067,Puma Sports Shoes,Footwear,5499,,,,
2023-06-16,14,0,P027,1,699,699,0,0.0,699.0,69.9,258,2023,2,June,Friday,10.0,Ishaan Shah,Pune         , Maharashtra   ,411001,14Ishaan@gmail.com,919817067,L'Oreal Shampoo,Personal Care,699,,,,
2020-11-03,14,0,P002,1,69999,69999,0,0.0,69999.0,6999.9,358,2020,4,November,Tuesday,10.0,Ishaan Shah,Pune         , Maharashtra   ,411001,14Ishaan@gmail.com,919817067,Samsung Galaxy S21,Electronics,69999,,,,
2021-01-30,14,0,P019,1,5999,5999,0,0.0,5999.0,599.9,532,2021,1,January,Saturday,10.0,Ishaan Shah,Pune         , Maharashtra   ,411001,14Ishaan@gmail.com,919817067,Titan Wrist Watch,Accessories,5999,,,,
2022-01-13,14,0,P029,1,99,99,0,0.0,99.0,9.9,547,2022,1,January,Thursday,10.0,Ishaan Shah,Pune         , Maharashtra   ,411001,14Ishaan@gmail.com,919817067,Colgate Toothpaste,Personal Care,99,,,,
2022-03-28,14,0,P029,1,99,99,0,0.0,99.0,9.9,589,2022,1,March,Monday,10.0,Ishaan Shah,Pune         , Maharashtra   ,411001,14Ishaan@gmail.com,919817067,Colgate Toothpaste,Personal Care,99,,,,
2020-03-05,14,0,P029,1,99,99,0,0.0,99.0,9.9,673,2020,1,March,Thursday,10.0,Ishaan Shah,Pune         , Maharashtra   ,411001,14Ishaan@gmail.com,919817067,Colgate Toothpaste,Personal Care,99,,,,
2020-09-20,14,0,P007,1,6999,6999,0,0.0,6999.0,699.9,812,2020,3,September,Sunday,10.0,Ishaan Shah,Pune         , Maharashtra   ,411001,14Ishaan@gmail.com,919817067,Adidas Sneakers,Footwear,6999,,,,
2022-08-16,14,0,P007,1,6999,6999,0,0.0,6999.0,699.9,1559,2022,3,August,Tuesday,10.0,Ishaan Shah,Pune         , Maharashtra   ,411001,14Ishaan@gmail.com,919817067,Adidas Sneakers,Footwear,6999,,,,
2023-06-16,14,0,P027,1,699,699,0,0.0,699.0,69.9,1997,2023,2,June,Friday,10.0,Ishaan Shah,Pune         , Maharashtra   ,411001,14Ishaan@gmail.com,919817067,L'Oreal Shampoo,Personal Care,699,,,,
2021-06-24,14,0,P006,1,7499,7499,0,0.0,7499.0,749.9,2266,2021,2,June,Thursday,10.0,Ishaan Shah,Pune         , Maharashtra   ,411001,14Ishaan@gmail.com,919817067,Nike Running Shoes,Footwear,7499,,,,
2020-12-24,14,0,P026,1,5499,5499,0,0.0,5499.0,549.9,2482,2020,4,December,Thursday,10.0,Ishaan Shah,Pune         , Maharashtra   ,411001,14Ishaan@gmail.com,919817067,Wildcraft Hiking Bag,Bags,5499,,,,
2022-11-07,14,0,P009,1,3499,3499,0,0.0,3499.0,349.9,2934,2022,4,November,Monday,10.0,Ishaan Shah,Pune         , Maharashtra   ,411001,14Ishaan@gmail.com,919817067,Levi's Denim Jeans,Clothing,3499,,,,
2022-06-27,14,0,P027,1,699,699,0,0.0,699.0,69.9,3123,2022,2,June,Monday,10.0,Ishaan Shah,Pune         , Maharashtra   ,411001,14Ishaan@gmail.com,919817067,L'Oreal Shampoo,Personal Care,699,,,,
2023-09-03,14,0,P016,1,24999,24999,0,0.0,24999.0,2499.9,3133,2023,3,September,Sunday,10.0,Ishaan Shah,Pune         , Maharashtra   ,411001,14Ishaan@gmail.com,919817067,LG Washing Machine,Home Appliances,24999,,,,
2021-01-29,14,0,P015,1,8499,8499,0,0.0,8499.0,849.9,3137,2021,1,January,Friday,10.0,Ishaan Shah,Pune         , Maharashtra   ,411001,14Ishaan@gmail.com,919817067,Philips Air Fryer,Home Appliances,8499,,,,
2023-12-05,14,0,P008,1,5499,5499,0,0.0,5499.0,549.9,3299,2023,4,December,Tuesday,10.0,Ishaan Shah,Pune         , Maharashtra   ,411001,14Ishaan@gmail.com,919817067,Puma Sports Shoes,Footwear,5499,,,,
2021-08-21,14,0,P015,1,8499,8499,0,0.0,8499.0,849.9,3331,2021,3,August,Saturday,10.0,Ishaan Shah,Pune         , Maharashtra   ,411001,14Ishaan@gmail.com,919817067,Philips Air Fryer,Home Appliances,8499,,,,
2023-04-14,14,PR001,P029,2,99,198,20,39.6,158.4,15.84,75,2023,2,April,Friday,10.0,Ishaan Shah,Pune         , Maharashtra   ,411001,14Ishaan@gmail.com,919817067,Colgate Toothpaste,Personal Care,99,Summer Sale,Email,SUMMER21,20% off
2021-08-22,15,0,P026,2,5499,10998,0,0.0,10998.0,1099.8,91,2021,3,August,Sunday,10.0,Jaya Kumar,Chennai      , Tamil Nadu    ,600001,15Jaya@gmail.com,924456577,Wildcraft Hiking Bag,Bags,5499,,,,
2020-10-25,15,0,P004,3,64999,194997,0,0.0,194997.0,19499.7,255,2020,4,October,Sunday,10.0,Jaya Kumar,Chennai      , Tamil Nadu    ,600001,15Jaya@gmail.com,924456577,HP Pavilion Laptop,Electronics,64999,,,,
2020-11-10,15,0,P003,3,89999,269997,0,0.0,269997.0,26999.7,632,2020,4,November,Tuesday,10.0,Jaya Kumar,Chennai      , Tamil Nadu    ,600001,15Jaya@gmail.com,924456577,"Sony Bravia 55"" TV",Electronics,89999,,,,
2023-01-18,15,0,P017,3,10499,31497,0,0.0,31497.0,3149.7,682,2023,1,January,Wednesday,10.0,Jaya Kumar,Chennai      , Tamil Nadu    ,600001,15Jaya@gmail.com,924456577,IFB Microwave Oven,Home Appliances,10499,,,,
2021-12-24,15,0,P029,3,99,297,0,0.0,297.0,29.7,728,2021,4,December,Friday,10.0,Jaya Kumar,Chennai      , Tamil Nadu    ,600001,15Jaya@gmail.com,924456577,Colgate Toothpaste,Personal Care,99,,,,
2022-03-30,15,0,P001,3,79999,239997,0,0.0,239997.0,23999.7,760,2022,1,March,Wednesday,10.0,Jaya Kumar,Chennai      , Tamil Nadu    ,600001,15Jaya@gmail.com,924456577,Apple iPhone 14,Electronics,79999,,,,
2020-06-07,15,0,P015,3,8499,25497,0,0.0,25497.0,2549.7,1004,2020,2,June,Sunday,10.0,Jaya Kumar,Chennai      , Tamil Nadu    ,600001,15Jaya@gmail.com,924456577,Philips Air Fryer,Home Appliances,8499,,,,
2023-09-09,15,0,P029,3,99,297,0,0.0,297.0,29.7,1121,2023,3,September,Saturday,10.0,Jaya Kumar,Chennai      , Tamil Nadu    ,600001,15Jaya@gmail.com,924456577,Colgate Toothpaste,Personal Care,99,,,,
2021-03-16,15,0,P005,3,92499,277497,0,0.0,277497.0,27749.7,1239,2021,1,March,Tuesday,10.0,Jaya Kumar,Chennai      , Tamil Nadu    ,600001,15Jaya@gmail.com,924456577,Apple MacBook Air,Electronics,92499,,,,
2022-11-08,15,0,P017,3,10499,31497,0,0.0,31497.0,3149.7,1573,2022,4,November,Tuesday,10.0,Jaya Kumar,Chennai      , Tamil Nadu    ,600001,15Jaya@gmail.com,924456577,IFB Microwave Oven,Home Appliances,10499,,,,
2020-09-17,15,0,P021,3,1299,3897,0,0.0,3897.0,389.7,1802,2020,3,September,Thursday,10.0,Jaya Kumar,Chennai      , Tamil Nadu    ,600001,15Jaya@gmail.com,924456577,Tupperware Lunch Box,Kitchenware,1299,,,,
2022-07-05,15,0,P014,3,4999,14997,0,0.0,14997.0,1499.7,1810,2022,3,July,Tuesday,10.0,Jaya Kumar,Chennai      , Tamil Nadu    ,600001,15Jaya@gmail.com,924456577,Bajaj Mixer Grinder,Home Appliances,4999,,,,
2020-02-13,15,0,P010,3,2199,6597,0,0.0,6597.0,659.7,2066,2020,1,February,Thursday,10.0,Jaya Kumar,Chennai      , Tamil Nadu    ,600001,15Jaya@gmail.com,924456577,Zara Casual Shirt,Clothing,2199,,,,
2022-01-04,15,0,P004,3,64999,194997,0,0.0,194997.0,19499.7,2622,2022,1,January,Tuesday,10.0,Jaya Kumar,Chennai      , Tamil Nadu    ,600001,15Jaya@gmail.com,924456577,HP Pavilion Laptop,Electronics,64999,,,,
2022-02-11,15,0,P001,3,79999,239997,0,0.0,239997.0,23999.7,2623,2022,1,February,Friday,10.0,Jaya Kumar,Chennai      , Tamil Nadu    ,600001,15Jaya@gmail.com,924456577,Apple iPhone 14,Electronics,79999,,,,
2022-10-01,15,0,P001,3,79999,239997,0,0.0,239997.0,23999.7,3457,2022,4,October,Saturday,10.0,Jaya Kumar,Chennai      , Tamil Nadu    ,600001,15Jaya@gmail.com,924456577,Apple iPhone 14,Electronics,79999,,,,
2022-12-29,15,0,P016,2,24999,49998,0,0.0,49998.0,4999.8,445,2022,4,December,Thursday,10.0,Jaya Kumar,Chennai      , Tamil Nadu    ,600001,15Jaya@gmail.com,924456577,LG Washing Machine,Home Appliances,24999,,,,
2023-07-03,15,0,P013,2,15999,31998,0,0.0,31998.0,3199.8,518,2023,3,July,Monday,10.0,Jaya Kumar,Chennai      , Tamil Nadu    ,600001,15Jaya@gmail.com,924456577,Raymond Suit,Clothing,15999,,,,
2020-02-04,15,0,P021,2,1299,2598,0,0.0,2598.0,259.8,552,2020,1,February,Tuesday,10.0,Jaya Kumar,Chennai      , Tamil Nadu    ,600001,15Jaya@gmail.com,924456577,Tupperware Lunch Box,Kitchenware,1299,,,,
2021-06-08,15,0,P020,2,12999,25998,0,0.0,25998.0,2599.8,643,2021,2,June,Tuesday,10.0,Jaya Kumar,Chennai      , Tamil Nadu    ,600001,15Jaya@gmail.com,924456577,Fossil Smartwatch,Accessories,12999,,,,
2023-11-05,15,0,P002,2,69999,139998,0,0.0,139998.0,13999.8,754,2023,4,November,Sunday,10.0,Jaya Kumar,Chennai      , Tamil Nadu    ,600001,15Jaya@gmail.com,924456577,Samsung Galaxy S21,Electronics,69999,,,,
2023-11-11,15,0,P001,2,79999,159998,0,0.0,159998.0,15999.8,830,2023,4,November,Saturday,10.0,Jaya Kumar,Chennai      , Tamil Nadu    ,600001,15Jaya@gmail.com,924456577,Apple iPhone 14,Electronics,79999,,,,
2022-11-10,15,0,P018,2,2299,4598,0,0.0,4598.0,459.8,1134,2022,4,November,Thursday,10.0,Jaya Kumar,Chennai      , Tamil Nadu    ,600001,15Jaya@gmail.com,924456577,Prestige Pressure Cooker,Home Appliances,2299,,,,
2023-03-19,15,0,P017,2,10499,20998,0,0.0,20998.0,2099.8,1728,2023,1,March,Sunday,10.0,Jaya Kumar,Chennai      , Tamil Nadu    ,600001,15Jaya@gmail.com,924456577,IFB Microwave Oven,Home Appliances,10499,,,,
2020-09-07,15,0,P007,2,6999,13998,0,0.0,13998.0,1399.8,2028,2020,3,September,Monday,10.0,Jaya Kumar,Chennai      , Tamil Nadu    ,600001,15Jaya@gmail.com,924456577,Adidas Sneakers,Footwear,6999,,,,
2021-08-07,15,0,P017,2,10499,20998,0,0.0,20998.0,2099.8,2077,2021,3,August,Saturday,10.0,Jaya Kumar,Chennai      , Tamil Nadu    ,600001,15Jaya@gmail.com,924456577,IFB Microwave Oven,Home Appliances,10499,,,,
2021-12-19,15,0,P005,2,92499,184998,0,0.0,184998.0,18499.8,2104,2021,4,December,Sunday,10.0,Jaya Kumar,Chennai      , Tamil Nadu    ,600001,15Jaya@gmail.com,924456577,Apple MacBook Air,Electronics,92499,,,,
2023-10-12,15,0,P013,2,15999,31998,0,0.0,31998.0,3199.8,2189,2023,4,October,Thursday,10.0,Jaya Kumar,Chennai      , Tamil Nadu    ,600001,15Jaya@gmail.com,924456577,Raymond Suit,Clothing,15999,,,,
2021-01-08,15,0,P012,2,2999,5998,0,0.0,5998.0,599.8,2676,2021,1,January,Friday,10.0,Jaya Kumar,Chennai      , Tamil Nadu    ,600001,15Jaya@gmail.com,924456577,FabIndia Kurta,Clothing,2999,,,,
2020-01-17,15,0,P010,2,2199,4398,0,0.0,4398.0,439.8,2948,2020,1,January,Friday,10.0,Jaya Kumar,Chennai      , Tamil Nadu    ,600001,15Jaya@gmail.com,924456577,Zara Casual Shirt,Clothing,2199,,,,
2021-10-06,15,0,P006,2,7499,14998,0,0.0,14998.0,1499.8,3101,2021,4,October,Wednesday,10.0,Jaya Kumar,Chennai      , Tamil Nadu    ,600001,15Jaya@gmail.com,924456577,Nike Running Shoes,Footwear,7499,,,,
2023-07-28,15,0,P013,2,15999,31998,0,0.0,31998.0,3199.8,3249,2023,3,July,Friday,10.0,Jaya Kumar,Chennai      , Tamil Nadu    ,600001,15Jaya@gmail.com,924456577,Raymond Suit,Clothing,15999,,,,
2022-03-14,15,0,P006,2,7499,14998,0,0.0,14998.0,1499.8,3279,2022,1,March,Monday,10.0,Jaya Kumar,Chennai      , Tamil Nadu    ,600001,15Jaya@gmail.com,924456577,Nike Running Shoes,Footwear,7499,,,,
2021-10-24,15,0,P008,3,5499,16497,0,0.0,16497.0,1649.7,2918,2021,4,October,Sunday,10.0,Jaya Kumar,Chennai      , Tamil Nadu    ,600001,15Jaya@gmail.com,924456577,Puma Sports Shoes,Footwear,5499,,,,
2021-08-02,15,0,P008,2,5499,10998,0,0.0,10998.0,1099.8,898,2021,3,August,Monday,10.0,Jaya Kumar,Chennai      , Tamil Nadu    ,600001,15Jaya@gmail.com,924456577,Puma Sports Shoes,Footwear,5499,,,,
2023-11-05,15,0,P026,2,5499,10998,0,0.0,10998.0,1099.8,1857,2023,4,November,Sunday,10.0,Jaya Kumar,Chennai      , Tamil Nadu    ,600001,15Jaya@gmail.com,924456577,Wildcraft Hiking Bag,Bags,5499,,,,
2021-12-27,15,0,P026,2,5499,10998,0,0.0,10998.0,1099.8,1992,2021,4,December,Monday,10.0,Jaya Kumar,Chennai      , Tamil Nadu    ,600001,15Jaya@gmail.com,924456577,Wildcraft Hiking Bag,Bags,5499,,,,
2023-06-06,15,0,P027,1,699,699,0,0.0,699.0,69.9,150,2023,2,June,Tuesday,10.0,Jaya Kumar,Chennai      , Tamil Nadu    ,600001,15Jaya@gmail.com,924456577,L'Oreal Shampoo,Personal Care,699,,,,
2023-09-20,15,0,P014,1,4999,4999,0,0.0,4999.0,499.9,205,2023,3,September,Wednesday,10.0,Jaya Kumar,Chennai      , Tamil Nadu    ,600001,15Jaya@gmail.com,924456577,Bajaj Mixer Grinder,Home Appliances,4999,,,,
2020-01-06,15,0,P027,1,699,699,0,0.0,699.0,69.9,241,2020,1,January,Monday,10.0,Jaya Kumar,Chennai      , Tamil Nadu    ,600001,15Jaya@gmail.com,924456577,L'Oreal Shampoo,Personal Care,699,,,,
2023-10-29,15,0,P014,1,4999,4999,0,0.0,4999.0,499.9,288,2023,4,October,Sunday,10.0,Jaya Kumar,Chennai      , Tamil Nadu    ,600001,15Jaya@gmail.com,924456577,Bajaj Mixer Grinder,Home Appliances,4999,,,,
2022-01-27,15,0,P003,1,89999,89999,0,0.0,89999.0,8999.9,301,2022,1,January,Thursday,10.0,Jaya Kumar,Chennai      , Tamil Nadu    ,600001,15Jaya@gmail.com,924456577,"Sony Bravia 55"" TV",Electronics,89999,,,,
2021-12-15,15,0,P020,1,12999,12999,0,0.0,12999.0,1299.9,481,2021,4,December,Wednesday,10.0,Jaya Kumar,Chennai      , Tamil Nadu    ,600001,15Jaya@gmail.com,924456577,Fossil Smartwatch,Accessories,12999,,,,
2020-06-21,15,0,P028,1,349,349,0,0.0,349.0,34.9,1169,2020,2,June,Sunday,10.0,Jaya Kumar,Chennai      , Tamil Nadu    ,600001,15Jaya@gmail.com,924456577,Dove Soap Pack,Personal Care,349,,,,
2020-11-17,15,0,P014,1,4999,4999,0,0.0,4999.0,499.9,1749,2020,4,November,Tuesday,10.0,Jaya Kumar,Chennai      , Tamil Nadu    ,600001,15Jaya@gmail.com,924456577,Bajaj Mixer Grinder,Home Appliances,4999,,,,
2020-02-13,15,0,P021,1,1299,1299,0,0.0,1299.0,129.9,1757,2020,1,February,Thursday,10.0,Jaya Kumar,Chennai      , Tamil Nadu    ,600001,15Jaya@gmail.com,924456577,Tupperware Lunch Box,Kitchenware,1299,,,,
2020-10-18,15,0,P015,1,8499,8499,0,0.0,8499.0,849.9,1792,2020,4,October,Sunday,10.0,Jaya Kumar,Chennai      , Tamil Nadu    ,600001,15Jaya@gmail.com,924456577,Philips Air Fryer,Home Appliances,8499,,,,
2021-06-21,15,0,P002,1,69999,69999,0,0.0,69999.0,6999.9,1842,2021,2,June,Monday,10.0,Jaya Kumar,Chennai      , Tamil Nadu    ,600001,15Jaya@gmail.com,924456577,Samsung Galaxy S21,Electronics,69999,,,,
2021-11-23,15,0,P025,1,8999,8999,0,0.0,8999.0,899.9,2222,2021,4,November,Tuesday,10.0,Jaya Kumar,Chennai      , Tamil Nadu    ,600001,15Jaya@gmail.com,924456577,American Tourister Suitcase,Bags,8999,,,,
2021-11-11,15,0,P024,1,2799,2799,0,0.0,2799.0,279.9,2229,2021,4,November,Thursday,10.0,Jaya Kumar,Chennai      , Tamil Nadu    ,600001,15Jaya@gmail.com,924456577,Puma Backpack,Bags,2799,,,,
2021-02-16,15,0,P006,1,7499,7499,0,0.0,7499.0,749.9,2361,2021,1,February,Tuesday,10.0,Jaya Kumar,Chennai      , Tamil Nadu    ,600001,15Jaya@gmail.com,924456577,Nike Running Shoes,Footwear,7499,,,,
2020-09-17,15,0,P010,1,2199,2199,0,0.0,2199.0,219.9,2381,2020,3,September,Thursday,10.0,Jaya Kumar,Chennai      , Tamil Nadu    ,600001,15Jaya@gmail.com,924456577,Zara Casual Shirt,Clothing,2199,,,,
2022-07-08,15,0,P018,1,2299,2299,0,0.0,2299.0,229.9,2853,2022,3,July,Friday,10.0,Jaya Kumar,Chennai      , Tamil Nadu    ,600001,15Jaya@gmail.com,924456577,Prestige Pressure Cooker,Home Appliances,2299,,,,
2020-07-07,15,0,P029,1,99,99,0,0.0,99.0,9.9,2896,2020,3,July,Tuesday,10.0,Jaya Kumar,Chennai      , Tamil Nadu    ,600001,15Jaya@gmail.com,924456577,Colgate Toothpaste,Personal Care,99,,,,
2023-09-20,15,0,P011,1,1499,1499,0,0.0,1499.0,149.9,3401,2023,3,September,Wednesday,10.0,Jaya Kumar,Chennai      , Tamil Nadu    ,600001,15Jaya@gmail.com,924456577,H&M T-Shirt,Clothing,1499,,,,
2022-05-14,15,PR001,P009,2,3499,6998,20,1399.6,5598.4,559.84,189,2022,2,May,Saturday,10.0,Jaya Kumar,Chennai      , Tamil Nadu    ,600001,15Jaya@gmail.com,924456577,Levi's Denim Jeans,Clothing,3499,Summer Sale,Email,SUMMER21,20% off
2020-04-16,15,PR001,P017,2,10499,20998,20,4199.6,16798.4,1679.84,783,2020,2,April,Thursday,10.0,Jaya Kumar,Chennai      , Tamil Nadu    ,600001,15Jaya@gmail.com,924456577,IFB Microwave Oven,Home Appliances,10499,Summer Sale,Email,SUMMER21,20% off
2022-05-15,15,PR001,P016,2,24999,49998,20,9999.6,39998.4,3999.84,1822,2022,2,May,Sunday,10.0,Jaya Kumar,Chennai      , Tamil Nadu    ,600001,15Jaya@gmail.com,924456577,LG Washing Machine,Home Appliances,24999,Summer Sale,Email,SUMMER21,20% off
2023-05-26,15,PR001,P015,2,8499,16998,20,3399.6,13598.4,1359.84,2095,2023,2,May,Friday,10.0,Jaya Kumar,Chennai      , Tamil Nadu    ,600001,15Jaya@gmail.com,924456577,Philips Air Fryer,Home Appliances,8499,Summer Sale,Email,SUMMER21,20% off
2021-04-06,15,PR001,P026,3,5499,16497,20,3299.4,13197.6,1319.76,107,2021,2,April,Tuesday,10.0,Jaya Kumar,Chennai      , Tamil Nadu    ,600001,15Jaya@gmail.com,924456577,Wildcraft Hiking Bag,Bags,5499,Summer Sale,Email,SUMMER21,20% off
2021-04-17,15,PR001,P018,3,2299,6897,20,1379.4,5517.6,551.76,2098,2021,2,April,Saturday,10.0,Jaya Kumar,Chennai      , Tamil Nadu    ,600001,15Jaya@gmail.com,924456577,Prestige Pressure Cooker,Home Appliances,2299,Summer Sale,Email,SUMMER21,20% off
2021-04-26,15,PR001,P005,3,92499,277497,20,55499.4,221997.6,22199.76,2492,2021,2,April,Monday,10.0,Jaya Kumar,Chennai      , Tamil Nadu    ,600001,15Jaya@gmail.com,924456577,Apple MacBook Air,Electronics,92499,Summer Sale,Email,SUMMER21,20% off
2022-05-04,15,PR001,P024,3,2799,8397,20,1679.4,6717.6,671.76,2540,2022,2,May,Wednesday,10.0,Jaya Kumar,Chennai      , Tamil Nadu    ,600001,15Jaya@gmail.com,924456577,Puma Backpack,Bags,2799,Summer Sale,Email,SUMMER21,20% off
2020-05-29,15,PR001,P016,3,24999,74997,20,14999.4,59997.6,5999.76,3297,2020,2,May,Friday,10.0,Jaya Kumar,Chennai      , Tamil Nadu    ,600001,15Jaya@gmail.com,924456577,LG Washing Machine,Home Appliances,24999,Summer Sale,Email,SUMMER21,20% off
2022-04-11,15,PR001,P017,1,10499,10499,20,2099.8,8399.2,839.92,507,2022,2,April,Monday,10.0,Jaya Kumar,Chennai      , Tamil Nadu    ,600001,15Jaya@gmail.com,924456577,IFB Microwave Oven,Home Appliances,10499,Summer Sale,Email,SUMMER21,20% off
2023-12-19,15,PR005,P028,2,349,698,70,488.6,209.4,20.94,1801,2023,4,December,Tuesday,10.0,Jaya Kumar,Chennai      , Tamil Nadu    ,600001,15Jaya@gmail.com,924456577,Dove Soap Pack,Personal Care,349,Clearance Sale,In-App,CLEARANCE23,70% off
2023-12-16,15,PR005,P009,2,3499,6998,70,4898.6,2099.4,209.94,2026,2023,4,December,Saturday,10.0,Jaya Kumar,Chennai      , Tamil Nadu    ,600001,15Jaya@gmail.com,924456577,Levi's Denim Jeans,Clothing,3499,Clearance Sale,In-App,CLEARANCE23,70% off
2022-08-19,16,0,P029,1,99,99,0,0.0,99.0,9.9,2238,2022,3,August,Friday,10.0,Kabir Choudhary,Jaipur       , Rajasthan     ,302001,16Kabir@gmail.com,972567291,Colgate Toothpaste,Personal Care,99,,,,
2023-06-27,16,0,P026,3,5499,16497,0,0.0,16497.0,1649.7,469,2023,2,June,Tuesday,10.0,Kabir Choudhary,Jaipur       , Rajasthan     ,302001,16Kabir@gmail.com,972567291,Wildcraft Hiking Bag,Bags,5499,,,,
2023-12-07,16,0,P008,3,5499,16497,0,0.0,16497.0,1649.7,3170,2023,4,December,Thursday,10.0,Kabir Choudhary,Jaipur       , Rajasthan     ,302001,16Kabir@gmail.com,972567291,Puma Sports Shoes,Footwear,5499,,,,
2022-08-26,16,0,P017,3,10499,31497,0,0.0,31497.0,3149.7,135,2022,3,August,Friday,10.0,Kabir Choudhary,Jaipur       , Rajasthan     ,302001,16Kabir@gmail.com,972567291,IFB Microwave Oven,Home Appliances,10499,,,,
2021-09-18,16,0,P024,3,2799,8397,0,0.0,8397.0,839.7,606,2021,3,September,Saturday,10.0,Kabir Choudhary,Jaipur       , Rajasthan     ,302001,16Kabir@gmail.com,972567291,Puma Backpack,Bags,2799,,,,
2023-07-07,16,0,P004,3,64999,194997,0,0.0,194997.0,19499.7,888,2023,3,July,Friday,10.0,Kabir Choudhary,Jaipur       , Rajasthan     ,302001,16Kabir@gmail.com,972567291,HP Pavilion Laptop,Electronics,64999,,,,
2021-10-20,16,0,P020,3,12999,38997,0,0.0,38997.0,3899.7,1449,2021,4,October,Wednesday,10.0,Kabir Choudhary,Jaipur       , Rajasthan     ,302001,16Kabir@gmail.com,972567291,Fossil Smartwatch,Accessories,12999,,,,
2020-11-15,16,0,P009,3,3499,10497,0,0.0,10497.0,1049.7,1741,2020,4,November,Sunday,10.0,Kabir Choudhary,Jaipur       , Rajasthan     ,302001,16Kabir@gmail.com,972567291,Levi's Denim Jeans,Clothing,3499,,,,
2023-01-21,16,0,P006,3,7499,22497,0,0.0,22497.0,2249.7,1766,2023,1,January,Saturday,10.0,Kabir Choudhary,Jaipur       , Rajasthan     ,302001,16Kabir@gmail.com,972567291,Nike Running Shoes,Footwear,7499,,,,
2020-10-30,16,0,P024,3,2799,8397,0,0.0,8397.0,839.7,1812,2020,4,October,Friday,10.0,Kabir Choudhary,Jaipur       , Rajasthan     ,302001,16Kabir@gmail.com,972567291,Puma Backpack,Bags,2799,,,,
2020-02-26,16,0,P030,3,399,1197,0,0.0,1197.0,119.7,1827,2020,1,February,Wednesday,10.0,Kabir Choudhary,Jaipur       , Rajasthan     ,302001,16Kabir@gmail.com,972567291,Nivea Body Lotion,Personal Care,399,,,,
2022-12-19,16,0,P027,3,699,2097,0,0.0,2097.0,209.7,1852,2022,4,December,Monday,10.0,Kabir Choudhary,Jaipur       , Rajasthan     ,302001,16Kabir@gmail.com,972567291,L'Oreal Shampoo,Personal Care,699,,,,
2023-01-31,16,0,P002,3,69999,209997,0,0.0,209997.0,20999.7,1858,2023,1,January,Tuesday,10.0,Kabir Choudhary,Jaipur       , Rajasthan     ,302001,16Kabir@gmail.com,972567291,Samsung Galaxy S21,Electronics,69999,,,,
2020-01-18,16,0,P001,3,79999,239997,0,0.0,239997.0,23999.7,1949,2020,1,January,Saturday,10.0,Kabir Choudhary,Jaipur       , Rajasthan     ,302001,16Kabir@gmail.com,972567291,Apple iPhone 14,Electronics,79999,,,,
2021-09-08,16,0,P010,3,2199,6597,0,0.0,6597.0,659.7,1974,2021,3,September,Wednesday,10.0,Kabir Choudhary,Jaipur       , Rajasthan     ,302001,16Kabir@gmail.com,972567291,Zara Casual Shirt,Clothing,2199,,,,
2021-10-30,16,0,P006,3,7499,22497,0,0.0,22497.0,2249.7,2161,2021,4,October,Saturday,10.0,Kabir Choudhary,Jaipur       , Rajasthan     ,302001,16Kabir@gmail.com,972567291,Nike Running Shoes,Footwear,7499,,,,
2021-09-03,16,0,P020,3,12999,38997,0,0.0,38997.0,3899.7,2296,2021,3,September,Friday,10.0,Kabir Choudhary,Jaipur       , Rajasthan     ,302001,16Kabir@gmail.com,972567291,Fossil Smartwatch,Accessories,12999,,,,
2021-06-10,16,0,P002,3,69999,209997,0,0.0,209997.0,20999.7,2352,2021,2,June,Thursday,10.0,Kabir Choudhary,Jaipur       , Rajasthan     ,302001,16Kabir@gmail.com,972567291,Samsung Galaxy S21,Electronics,69999,,,,
2021-06-27,16,0,P002,3,69999,209997,0,0.0,209997.0,20999.7,2470,2021,2,June,Sunday,10.0,Kabir Choudhary,Jaipur       , Rajasthan     ,302001,16Kabir@gmail.com,972567291,Samsung Galaxy S21,Electronics,69999,,,,
2021-06-08,16,0,P010,3,2199,6597,0,0.0,6597.0,659.7,2506,2021,2,June,Tuesday,10.0,Kabir Choudhary,Jaipur       , Rajasthan     ,302001,16Kabir@gmail.com,972567291,Zara Casual Shirt,Clothing,2199,,,,
2023-02-05,16,0,P003,3,89999,269997,0,0.0,269997.0,26999.7,2633,2023,1,February,Sunday,10.0,Kabir Choudhary,Jaipur       , Rajasthan     ,302001,16Kabir@gmail.com,972567291,"Sony Bravia 55"" TV",Electronics,89999,,,,
2023-01-17,16,0,P014,3,4999,14997,0,0.0,14997.0,1499.7,2692,2023,1,January,Tuesday,10.0,Kabir Choudhary,Jaipur       , Rajasthan     ,302001,16Kabir@gmail.com,972567291,Bajaj Mixer Grinder,Home Appliances,4999,,,,
2023-06-08,16,0,P020,3,12999,38997,0,0.0,38997.0,3899.7,2775,2023,2,June,Thursday,10.0,Kabir Choudhary,Jaipur       , Rajasthan     ,302001,16Kabir@gmail.com,972567291,Fossil Smartwatch,Accessories,12999,,,,
2023-06-26,16,0,P021,3,1299,3897,0,0.0,3897.0,389.7,2787,2023,2,June,Monday,10.0,Kabir Choudhary,Jaipur       , Rajasthan     ,302001,16Kabir@gmail.com,972567291,Tupperware Lunch Box,Kitchenware,1299,,,,
2023-12-08,16,0,P007,3,6999,20997,0,0.0,20997.0,2099.7,3121,2023,4,December,Friday,10.0,Kabir Choudhary,Jaipur       , Rajasthan     ,302001,16Kabir@gmail.com,972567291,Adidas Sneakers,Footwear,6999,,,,
2020-08-20,16,0,P024,3,2799,8397,0,0.0,8397.0,839.7,3340,2020,3,August,Thursday,10.0,Kabir Choudhary,Jaipur       , Rajasthan     ,302001,16Kabir@gmail.com,972567291,Puma Backpack,Bags,2799,,,,
2023-09-07,16,0,P018,2,2299,4598,0,0.0,4598.0,459.8,57,2023,3,September,Thursday,10.0,Kabir Choudhary,Jaipur       , Rajasthan     ,302001,16Kabir@gmail.com,972567291,Prestige Pressure Cooker,Home Appliances,2299,,,,
2020-07-27,16,0,P004,2,64999,129998,0,0.0,129998.0,12999.8,171,2020,3,July,Monday,10.0,Kabir Choudhary,Jaipur       , Rajasthan     ,302001,16Kabir@gmail.com,972567291,HP Pavilion Laptop,Electronics,64999,,,,
2023-10-28,16,0,P017,2,10499,20998,0,0.0,20998.0,2099.8,340,2023,4,October,Saturday,10.0,Kabir Choudhary,Jaipur       , Rajasthan     ,302001,16Kabir@gmail.com,972567291,IFB Microwave Oven,Home Appliances,10499,,,,
2020-06-13,16,0,P021,2,1299,2598,0,0.0,2598.0,259.8,374,2020,2,June,Saturday,10.0,Kabir Choudhary,Jaipur       , Rajasthan     ,302001,16Kabir@gmail.com,972567291,Tupperware Lunch Box,Kitchenware,1299,,,,
2023-02-16,16,0,P004,2,64999,129998,0,0.0,129998.0,12999.8,615,2023,1,February,Thursday,10.0,Kabir Choudhary,Jaipur       , Rajasthan     ,302001,16Kabir@gmail.com,972567291,HP Pavilion Laptop,Electronics,64999,,,,
2022-11-23,16,0,P028,2,349,698,0,0.0,698.0,69.8,1116,2022,4,November,Wednesday,10.0,Kabir Choudhary,Jaipur       , Rajasthan     ,302001,16Kabir@gmail.com,972567291,Dove Soap Pack,Personal Care,349,,,,
2022-08-05,16,0,P014,2,4999,9998,0,0.0,9998.0,999.8,1248,2022,3,August,Friday,10.0,Kabir Choudhary,Jaipur       , Rajasthan     ,302001,16Kabir@gmail.com,972567291,Bajaj Mixer Grinder,Home Appliances,4999,,,,
2022-03-09,16,0,P010,2,2199,4398,0,0.0,4398.0,439.8,1476,2022,1,March,Wednesday,10.0,Kabir Choudhary,Jaipur       , Rajasthan     ,302001,16Kabir@gmail.com,972567291,Zara Casual Shirt,Clothing,2199,,,,
2023-08-23,16,0,P027,2,699,1398,0,0.0,1398.0,139.8,1838,2023,3,August,Wednesday,10.0,Kabir Choudhary,Jaipur       , Rajasthan     ,302001,16Kabir@gmail.com,972567291,L'Oreal Shampoo,Personal Care,699,,,,
2020-02-06,16,0,P019,2,5999,11998,0,0.0,11998.0,1199.8,2181,2020,1,February,Thursday,10.0,Kabir Choudhary,Jaipur       , Rajasthan     ,302001,16Kabir@gmail.com,972567291,Titan Wrist Watch,Accessories,5999,,,,
2020-09-12,16,0,P010,2,2199,4398,0,0.0,4398.0,439.8,2475,2020,3,September,Saturday,10.0,Kabir Choudhary,Jaipur       , Rajasthan     ,302001,16Kabir@gmail.com,972567291,Zara Casual Shirt,Clothing,2199,,,,
2021-10-10,16,0,P010,2,2199,4398,0,0.0,4398.0,439.8,2641,2021,4,October,Sunday,10.0,Kabir Choudhary,Jaipur       , Rajasthan     ,302001,16Kabir@gmail.com,972567291,Zara Casual Shirt,Clothing,2199,,,,
2021-12-25,16,0,P029,2,99,198,0,0.0,198.0,19.8,2777,2021,4,December,Saturday,10.0,Kabir Choudhary,Jaipur       , Rajasthan     ,302001,16Kabir@gmail.com,972567291,Colgate Toothpaste,Personal Care,99,,,,
2022-12-27,16,0,P020,2,12999,25998,0,0.0,25998.0,2599.8,3206,2022,4,December,Tuesday,10.0,Kabir Choudhary,Jaipur       , Rajasthan     ,302001,16Kabir@gmail.com,972567291,Fossil Smartwatch,Accessories,12999,,,,
2022-02-05,16,0,P008,2,5499,10998,0,0.0,10998.0,1099.8,555,2022,1,February,Saturday,10.0,Kabir Choudhary,Jaipur       , Rajasthan     ,302001,16Kabir@gmail.com,972567291,Puma Sports Shoes,Footwear,5499,,,,
2021-01-05,16,0,P026,2,5499,10998,0,0.0,10998.0,1099.8,1093,2021,1,January,Tuesday,10.0,Kabir Choudhary,Jaipur       , Rajasthan     ,302001,16Kabir@gmail.com,972567291,Wildcraft Hiking Bag,Bags,5499,,,,
2022-07-22,16,0,P013,1,15999,15999,0,0.0,15999.0,1599.9,1162,2022,3,July,Friday,10.0,Kabir Choudhary,Jaipur       , Rajasthan     ,302001,16Kabir@gmail.com,972567291,Raymond Suit,Clothing,15999,,,,
2021-11-10,16,0,P024,1,2799,2799,0,0.0,2799.0,279.9,1621,2021,4,November,Wednesday,10.0,Kabir Choudhary,Jaipur       , Rajasthan     ,302001,16Kabir@gmail.com,972567291,Puma Backpack,Bags,2799,,,,
2022-01-10,16,0,P016,1,24999,24999,0,0.0,24999.0,2499.9,2062,2022,1,January,Monday,10.0,Kabir Choudhary,Jaipur       , Rajasthan     ,302001,16Kabir@gmail.com,972567291,LG Washing Machine,Home Appliances,24999,,,,
2022-03-21,16,0,P018,1,2299,2299,0,0.0,2299.0,229.9,2274,2022,1,March,Monday,10.0,Kabir Choudhary,Jaipur       , Rajasthan     ,302001,16Kabir@gmail.com,972567291,Prestige Pressure Cooker,Home Appliances,2299,,,,
2022-03-10,16,0,P010,1,2199,2199,0,0.0,2199.0,219.9,2385,2022,1,March,Thursday,10.0,Kabir Choudhary,Jaipur       , Rajasthan     ,302001,16Kabir@gmail.com,972567291,Zara Casual Shirt,Clothing,2199,,,,
2020-09-14,16,0,P005,1,92499,92499,0,0.0,92499.0,9249.9,2405,2020,3,September,Monday,10.0,Kabir Choudhary,Jaipur       , Rajasthan     ,302001,16Kabir@gmail.com,972567291,Apple MacBook Air,Electronics,92499,,,,
2021-06-12,16,0,P019,1,5999,5999,0,0.0,5999.0,599.9,2567,2021,2,June,Saturday,10.0,Kabir Choudhary,Jaipur       , Rajasthan     ,302001,16Kabir@gmail.com,972567291,Titan Wrist Watch,Accessories,5999,,,,
2021-02-05,16,0,P007,1,6999,6999,0,0.0,6999.0,699.9,2872,2021,1,February,Friday,10.0,Kabir Choudhary,Jaipur       , Rajasthan     ,302001,16Kabir@gmail.com,972567291,Adidas Sneakers,Footwear,6999,,,,
2023-01-19,16,0,P026,1,5499,5499,0,0.0,5499.0,549.9,2951,2023,1,January,Thursday,10.0,Kabir Choudhary,Jaipur       , Rajasthan     ,302001,16Kabir@gmail.com,972567291,Wildcraft Hiking Bag,Bags,5499,,,,
2020-07-22,16,0,P015,1,8499,8499,0,0.0,8499.0,849.9,3180,2020,3,July,Wednesday,10.0,Kabir Choudhary,Jaipur       , Rajasthan     ,302001,16Kabir@gmail.com,972567291,Philips Air Fryer,Home Appliances,8499,,,,
2020-05-15,16,PR001,P026,2,5499,10998,20,2199.6,8798.4,879.84,3104,2020,2,May,Friday,10.0,Kabir Choudhary,Jaipur       , Rajasthan     ,302001,16Kabir@gmail.com,972567291,Wildcraft Hiking Bag,Bags,5499,Summer Sale,Email,SUMMER21,20% off
2020-05-16,16,PR001,P021,3,1299,3897,20,779.4,3117.6,311.76,708,2020,2,May,Saturday,10.0,Kabir Choudhary,Jaipur       , Rajasthan     ,302001,16Kabir@gmail.com,972567291,Tupperware Lunch Box,Kitchenware,1299,Summer Sale,Email,SUMMER21,20% off
2020-05-25,16,PR001,P011,3,1499,4497,20,899.4,3597.6,359.76,1175,2020,2,May,Monday,10.0,Kabir Choudhary,Jaipur       , Rajasthan     ,302001,16Kabir@gmail.com,972567291,H&M T-Shirt,Clothing,1499,Summer Sale,Email,SUMMER21,20% off
2020-05-05,16,PR001,P030,3,399,1197,20,239.4,957.6,95.76,2397,2020,2,May,Tuesday,10.0,Kabir Choudhary,Jaipur       , Rajasthan     ,302001,16Kabir@gmail.com,972567291,Nivea Body Lotion,Personal Care,399,Summer Sale,Email,SUMMER21,20% off
2020-04-09,16,PR001,P025,1,8999,8999,20,1799.8,7199.2,719.92,115,2020,2,April,Thursday,10.0,Kabir Choudhary,Jaipur       , Rajasthan     ,302001,16Kabir@gmail.com,972567291,American Tourister Suitcase,Bags,8999,Summer Sale,Email,SUMMER21,20% off
2020-04-16,16,PR001,P004,1,64999,64999,20,12999.8,51999.2,5199.92,350,2020,2,April,Thursday,10.0,Kabir Choudhary,Jaipur       , Rajasthan     ,302001,16Kabir@gmail.com,972567291,HP Pavilion Laptop,Electronics,64999,Summer Sale,Email,SUMMER21,20% off
2021-05-16,16,PR001,P007,1,6999,6999,20,1399.8,5599.2,559.92,581,2021,2,May,Sunday,10.0,Kabir Choudhary,Jaipur       , Rajasthan     ,302001,16Kabir@gmail.com,972567291,Adidas Sneakers,Footwear,6999,Summer Sale,Email,SUMMER21,20% off
2023-04-20,16,PR001,P007,1,6999,6999,20,1399.8,5599.2,559.92,2675,2023,2,April,Thursday,10.0,Kabir Choudhary,Jaipur       , Rajasthan     ,302001,16Kabir@gmail.com,972567291,Adidas Sneakers,Footwear,6999,Summer Sale,Email,SUMMER21,20% off
2023-05-18,16,PR001,P017,1,10499,10499,20,2099.8,8399.2,839.92,3432,2023,2,May,Thursday,10.0,Kabir Choudhary,Jaipur       , Rajasthan     ,302001,16Kabir@gmail.com,972567291,IFB Microwave Oven,Home Appliances,10499,Summer Sale,Email,SUMMER21,20% off
2022-07-10,16,PR004,P018,3,2299,6897,50,3448.5,3448.5,344.85,2336,2022,3,July,Sunday,10.0,Kabir Choudhary,Jaipur       , Rajasthan     ,302001,16Kabir@gmail.com,972567291,Prestige Pressure Cooker,Home Appliances,2299,Weekend Flash Sale,Mobile Push,FLASH50,50% off
2022-07-31,16,PR004,P019,3,5999,17997,50,8998.5,8998.5,899.85,3236,2022,3,July,Sunday,10.0,Kabir Choudhary,Jaipur       , Rajasthan     ,302001,16Kabir@gmail.com,972567291,Titan Wrist Watch,Accessories,5999,Weekend Flash Sale,Mobile Push,FLASH50,50% off
2023-12-26,16,PR005,P012,1,2999,2999,70,2099.3,899.7,89.97,622,2023,4,December,Tuesday,10.0,Kabir Choudhary,Jaipur       , Rajasthan     ,302001,16Kabir@gmail.com,972567291,FabIndia Kurta,Clothing,2999,Clearance Sale,In-App,CLEARANCE23,70% off
2023-12-24,16,PR005,P004,3,64999,194997,70,136497.9,58499.1,5849.91,916,2023,4,December,Sunday,10.0,Kabir Choudhary,Jaipur       , Rajasthan     ,302001,16Kabir@gmail.com,972567291,HP Pavilion Laptop,Electronics,64999,Clearance Sale,In-App,CLEARANCE23,70% off
2020-08-30,17,0,P017,1,10499,10499,0,0.0,10499.0,1049.9,1360,2020,3,August,Sunday,10.0,Kajal Bhatt,Delhi        , Delhi         ,110001,17Kajal@gmail.com,874157581,IFB Microwave Oven,Home Appliances,10499,,,,
2021-01-26,17,0,P004,3,64999,194997,0,0.0,194997.0,19499.7,383,2021,1,January,Tuesday,10.0,Kajal Bhatt,Delhi        , Delhi         ,110001,17Kajal@gmail.com,874157581,HP Pavilion Laptop,Electronics,64999,,,,
2023-11-29,17,0,P021,3,1299,3897,0,0.0,3897.0,389.7,723,2023,4,November,Wednesday,10.0,Kajal Bhatt,Delhi        , Delhi         ,110001,17Kajal@gmail.com,874157581,Tupperware Lunch Box,Kitchenware,1299,,,,
2023-08-20,17,0,P006,3,7499,22497,0,0.0,22497.0,2249.7,945,2023,3,August,Sunday,10.0,Kajal Bhatt,Delhi        , Delhi         ,110001,17Kajal@gmail.com,874157581,Nike Running Shoes,Footwear,7499,,,,
2023-11-11,17,0,P016,3,24999,74997,0,0.0,74997.0,7499.7,990,2023,4,November,Saturday,10.0,Kajal Bhatt,Delhi        , Delhi         ,110001,17Kajal@gmail.com,874157581,LG Washing Machine,Home Appliances,24999,,,,
2022-10-16,17,0,P005,3,92499,277497,0,0.0,277497.0,27749.7,1208,2022,4,October,Sunday,10.0,Kajal Bhatt,Delhi        , Delhi         ,110001,17Kajal@gmail.com,874157581,Apple MacBook Air,Electronics,92499,,,,
2023-02-18,17,0,P014,3,4999,14997,0,0.0,14997.0,1499.7,1287,2023,1,February,Saturday,10.0,Kajal Bhatt,Delhi        , Delhi         ,110001,17Kajal@gmail.com,874157581,Bajaj Mixer Grinder,Home Appliances,4999,,,,
2021-08-14,17,0,P025,3,8999,26997,0,0.0,26997.0,2699.7,1966,2021,3,August,Saturday,10.0,Kajal Bhatt,Delhi        , Delhi         ,110001,17Kajal@gmail.com,874157581,American Tourister Suitcase,Bags,8999,,,,
2022-07-29,17,0,P020,3,12999,38997,0,0.0,38997.0,3899.7,3312,2022,3,July,Friday,10.0,Kajal Bhatt,Delhi        , Delhi         ,110001,17Kajal@gmail.com,874157581,Fossil Smartwatch,Accessories,12999,,,,
2023-03-22,17,0,P002,3,69999,209997,0,0.0,209997.0,20999.7,3349,2023,1,March,Wednesday,10.0,Kajal Bhatt,Delhi        , Delhi         ,110001,17Kajal@gmail.com,874157581,Samsung Galaxy S21,Electronics,69999,,,,
2023-12-03,17,0,P017,3,10499,31497,0,0.0,31497.0,3149.7,3451,2023,4,December,Sunday,10.0,Kajal Bhatt,Delhi        , Delhi         ,110001,17Kajal@gmail.com,874157581,IFB Microwave Oven,Home Appliances,10499,,,,
2023-06-10,17,0,P020,2,12999,25998,0,0.0,25998.0,2599.8,583,2023,2,June,Saturday,10.0,Kajal Bhatt,Delhi        , Delhi         ,110001,17Kajal@gmail.com,874157581,Fossil Smartwatch,Accessories,12999,,,,
2020-01-13,17,0,P020,2,12999,25998,0,0.0,25998.0,2599.8,867,2020,1,January,Monday,10.0,Kajal Bhatt,Delhi        , Delhi         ,110001,17Kajal@gmail.com,874157581,Fossil Smartwatch,Accessories,12999,,,,
2022-02-16,17,0,P016,2,24999,49998,0,0.0,49998.0,4999.8,893,2022,1,February,Wednesday,10.0,Kajal Bhatt,Delhi        , Delhi         ,110001,17Kajal@gmail.com,874157581,LG Washing Machine,Home Appliances,24999,,,,
2021-07-21,17,0,P029,2,99,198,0,0.0,198.0,19.8,903,2021,3,July,Wednesday,10.0,Kajal Bhatt,Delhi        , Delhi         ,110001,17Kajal@gmail.com,874157581,Colgate Toothpaste,Personal Care,99,,,,
2022-12-08,17,0,P017,2,10499,20998,0,0.0,20998.0,2099.8,953,2022,4,December,Thursday,10.0,Kajal Bhatt,Delhi        , Delhi         ,110001,17Kajal@gmail.com,874157581,IFB Microwave Oven,Home Appliances,10499,,,,
2020-06-06,17,0,P011,3,1499,4497,0,0.0,4497.0,449.7,1947,2020,2,June,Saturday,10.0,Kajal Bhatt,Delhi        , Delhi         ,110001,17Kajal@gmail.com,874157581,H&M T-Shirt,Clothing,1499,,,,
2020-08-15,17,0,P015,2,8499,16998,0,0.0,16998.0,1699.8,1945,2020,3,August,Saturday,10.0,Kajal Bhatt,Delhi        , Delhi         ,110001,17Kajal@gmail.com,874157581,Philips Air Fryer,Home Appliances,8499,,,,
2020-02-17,17,0,P027,2,699,1398,0,0.0,1398.0,139.8,1965,2020,1,February,Monday,10.0,Kajal Bhatt,Delhi        , Delhi         ,110001,17Kajal@gmail.com,874157581,L'Oreal Shampoo,Personal Care,699,,,,
2023-03-22,17,0,P023,2,1499,2998,0,0.0,2998.0,299.8,2354,2023,1,March,Wednesday,10.0,Kajal Bhatt,Delhi        , Delhi         ,110001,17Kajal@gmail.com,874157581,Milton Thermos Flask,Kitchenware,1499,,,,
2022-06-08,17,0,P023,2,1499,2998,0,0.0,2998.0,299.8,2583,2022,2,June,Wednesday,10.0,Kajal Bhatt,Delhi        , Delhi         ,110001,17Kajal@gmail.com,874157581,Milton Thermos Flask,Kitchenware,1499,,,,
2022-02-23,17,0,P004,2,64999,129998,0,0.0,129998.0,12999.8,2596,2022,1,February,Wednesday,10.0,Kajal Bhatt,Delhi        , Delhi         ,110001,17Kajal@gmail.com,874157581,HP Pavilion Laptop,Electronics,64999,,,,
2021-12-18,17,0,P024,2,2799,5598,0,0.0,5598.0,559.8,2616,2021,4,December,Saturday,10.0,Kajal Bhatt,Delhi        , Delhi         ,110001,17Kajal@gmail.com,874157581,Puma Backpack,Bags,2799,,,,
2023-07-17,17,0,P019,2,5999,11998,0,0.0,11998.0,1199.8,3013,2023,3,July,Monday,10.0,Kajal Bhatt,Delhi        , Delhi         ,110001,17Kajal@gmail.com,874157581,Titan Wrist Watch,Accessories,5999,,,,
2023-10-23,17,0,P017,2,10499,20998,0,0.0,20998.0,2099.8,3033,2023,4,October,Monday,10.0,Kajal Bhatt,Delhi        , Delhi         ,110001,17Kajal@gmail.com,874157581,IFB Microwave Oven,Home Appliances,10499,,,,
2020-03-08,17,0,P013,2,15999,31998,0,0.0,31998.0,3199.8,3337,2020,1,March,Sunday,10.0,Kajal Bhatt,Delhi        , Delhi         ,110001,17Kajal@gmail.com,874157581,Raymond Suit,Clothing,15999,,,,
2021-09-23,17,0,P018,2,2299,4598,0,0.0,4598.0,459.8,3395,2021,3,September,Thursday,10.0,Kajal Bhatt,Delhi        , Delhi         ,110001,17Kajal@gmail.com,874157581,Prestige Pressure Cooker,Home Appliances,2299,,,,
2020-08-26,17,0,P001,2,79999,159998,0,0.0,159998.0,15999.8,3504,2020,3,August,Wednesday,10.0,Kajal Bhatt,Delhi        , Delhi         ,110001,17Kajal@gmail.com,874157581,Apple iPhone 14,Electronics,79999,,,,
2023-06-07,17,0,P017,1,10499,10499,0,0.0,10499.0,1049.9,84,2023,2,June,Wednesday,10.0,Kajal Bhatt,Delhi        , Delhi         ,110001,17Kajal@gmail.com,874157581,IFB Microwave Oven,Home Appliances,10499,,,,
2021-08-10,17,0,P007,1,6999,6999,0,0.0,6999.0,699.9,357,2021,3,August,Tuesday,10.0,Kajal Bhatt,Delhi        , Delhi         ,110001,17Kajal@gmail.com,874157581,Adidas Sneakers,Footwear,6999,,,,
2023-02-14,17,0,P002,1,69999,69999,0,0.0,69999.0,6999.9,396,2023,1,February,Tuesday,10.0,Kajal Bhatt,Delhi        , Delhi         ,110001,17Kajal@gmail.com,874157581,Samsung Galaxy S21,Electronics,69999,,,,
2023-01-10,17,0,P023,1,1499,1499,0,0.0,1499.0,149.9,613,2023,1,January,Tuesday,10.0,Kajal Bhatt,Delhi        , Delhi         ,110001,17Kajal@gmail.com,874157581,Milton Thermos Flask,Kitchenware,1499,,,,
2021-11-24,17,0,P015,1,8499,8499,0,0.0,8499.0,849.9,735,2021,4,November,Wednesday,10.0,Kajal Bhatt,Delhi        , Delhi         ,110001,17Kajal@gmail.com,874157581,Philips Air Fryer,Home Appliances,8499,,,,
2021-11-05,17,0,P019,1,5999,5999,0,0.0,5999.0,599.9,748,2021,4,November,Friday,10.0,Kajal Bhatt,Delhi        , Delhi         ,110001,17Kajal@gmail.com,874157581,Titan Wrist Watch,Accessories,5999,,,,
2023-07-31,17,0,P022,1,1999,1999,0,0.0,1999.0,199.9,1173,2023,3,July,Monday,10.0,Kajal Bhatt,Delhi        , Delhi         ,110001,17Kajal@gmail.com,874157581,Borosil Glass Set,Kitchenware,1999,,,,
2020-02-10,17,0,P008,3,5499,16497,0,0.0,16497.0,1649.7,2330,2020,1,February,Monday,10.0,Kajal Bhatt,Delhi        , Delhi         ,110001,17Kajal@gmail.com,874157581,Puma Sports Shoes,Footwear,5499,,,,
2021-08-11,17,0,P004,1,64999,64999,0,0.0,64999.0,6499.9,1199,2021,3,August,Wednesday,10.0,Kajal Bhatt,Delhi        , Delhi         ,110001,17Kajal@gmail.com,874157581,HP Pavilion Laptop,Electronics,64999,,,,
2021-07-14,17,0,P022,1,1999,1999,0,0.0,1999.0,199.9,1233,2021,3,July,Wednesday,10.0,Kajal Bhatt,Delhi        , Delhi         ,110001,17Kajal@gmail.com,874157581,Borosil Glass Set,Kitchenware,1999,,,,
2023-07-31,17,0,P030,3,399,1197,0,0.0,1197.0,119.7,212,2023,3,July,Monday,10.0,Kajal Bhatt,Delhi        , Delhi         ,110001,17Kajal@gmail.com,874157581,Nivea Body Lotion,Personal Care,399,,,,
2020-09-17,17,0,P004,1,64999,64999,0,0.0,64999.0,6499.9,1469,2020,3,September,Thursday,10.0,Kajal Bhatt,Delhi        , Delhi         ,110001,17Kajal@gmail.com,874157581,HP Pavilion Laptop,Electronics,64999,,,,
2022-12-31,17,0,P009,1,3499,3499,0,0.0,3499.0,349.9,1514,2022,4,December,Saturday,10.0,Kajal Bhatt,Delhi        , Delhi         ,110001,17Kajal@gmail.com,874157581,Levi's Denim Jeans,Clothing,3499,,,,
2020-07-20,17,0,P014,1,4999,4999,0,0.0,4999.0,499.9,1536,2020,3,July,Monday,10.0,Kajal Bhatt,Delhi        , Delhi         ,110001,17Kajal@gmail.com,874157581,Bajaj Mixer Grinder,Home Appliances,4999,,,,
2022-11-26,17,0,P022,1,1999,1999,0,0.0,1999.0,199.9,1568,2022,4,November,Saturday,10.0,Kajal Bhatt,Delhi        , Delhi         ,110001,17Kajal@gmail.com,874157581,Borosil Glass Set,Kitchenware,1999,,,,
2023-06-08,17,0,P011,1,1499,1499,0,0.0,1499.0,149.9,1589,2023,2,June,Thursday,10.0,Kajal Bhatt,Delhi        , Delhi         ,110001,17Kajal@gmail.com,874157581,H&M T-Shirt,Clothing,1499,,,,
2023-08-10,17,0,P003,1,89999,89999,0,0.0,89999.0,8999.9,1612,2023,3,August,Thursday,10.0,Kajal Bhatt,Delhi        , Delhi         ,110001,17Kajal@gmail.com,874157581,"Sony Bravia 55"" TV",Electronics,89999,,,,
2023-06-01,17,0,P008,1,5499,5499,0,0.0,5499.0,549.9,1670,2023,2,June,Thursday,10.0,Kajal Bhatt,Delhi        , Delhi         ,110001,17Kajal@gmail.com,874157581,Puma Sports Shoes,Footwear,5499,,,,
2022-11-20,17,0,P026,1,5499,5499,0,0.0,5499.0,549.9,2012,2022,4,November,Sunday,10.0,Kajal Bhatt,Delhi        , Delhi         ,110001,17Kajal@gmail.com,874157581,Wildcraft Hiking Bag,Bags,5499,,,,
2020-03-08,17,0,P029,1,99,99,0,0.0,99.0,9.9,2212,2020,1,March,Sunday,10.0,Kajal Bhatt,Delhi        , Delhi         ,110001,17Kajal@gmail.com,874157581,Colgate Toothpaste,Personal Care,99,,,,
2021-09-03,17,0,P015,1,8499,8499,0,0.0,8499.0,849.9,2297,2021,3,September,Friday,10.0,Kajal Bhatt,Delhi        , Delhi         ,110001,17Kajal@gmail.com,874157581,Philips Air Fryer,Home Appliances,8499,,,,
2020-02-20,17,0,P014,1,4999,4999,0,0.0,4999.0,499.9,2399,2020,1,February,Thursday,10.0,Kajal Bhatt,Delhi        , Delhi         ,110001,17Kajal@gmail.com,874157581,Bajaj Mixer Grinder,Home Appliances,4999,,,,
2022-01-18,17,0,P011,1,1499,1499,0,0.0,1499.0,149.9,2504,2022,1,January,Tuesday,10.0,Kajal Bhatt,Delhi        , Delhi         ,110001,17Kajal@gmail.com,874157581,H&M T-Shirt,Clothing,1499,,,,
2023-08-24,17,0,P001,1,79999,79999,0,0.0,79999.0,7999.9,2607,2023,3,August,Thursday,10.0,Kajal Bhatt,Delhi        , Delhi         ,110001,17Kajal@gmail.com,874157581,Apple iPhone 14,Electronics,79999,,,,
2022-08-25,17,0,P009,1,3499,3499,0,0.0,3499.0,349.9,2813,2022,3,August,Thursday,10.0,Kajal Bhatt,Delhi        , Delhi         ,110001,17Kajal@gmail.com,874157581,Levi's Denim Jeans,Clothing,3499,,,,
2021-09-25,17,0,P028,1,349,349,0,0.0,349.0,34.9,2838,2021,3,September,Saturday,10.0,Kajal Bhatt,Delhi        , Delhi         ,110001,17Kajal@gmail.com,874157581,Dove Soap Pack,Personal Care,349,,,,
2023-09-19,17,0,P013,1,15999,15999,0,0.0,15999.0,1599.9,3035,2023,3,September,Tuesday,10.0,Kajal Bhatt,Delhi        , Delhi         ,110001,17Kajal@gmail.com,874157581,Raymond Suit,Clothing,15999,,,,
2022-11-16,17,0,P001,1,79999,79999,0,0.0,79999.0,7999.9,3095,2022,4,November,Wednesday,10.0,Kajal Bhatt,Delhi        , Delhi         ,110001,17Kajal@gmail.com,874157581,Apple iPhone 14,Electronics,79999,,,,
2023-07-10,17,0,P028,1,349,349,0,0.0,349.0,34.9,3162,2023,3,July,Monday,10.0,Kajal Bhatt,Delhi        , Delhi         ,110001,17Kajal@gmail.com,874157581,Dove Soap Pack,Personal Care,349,,,,
2021-06-02,17,0,P003,1,89999,89999,0,0.0,89999.0,8999.9,3242,2021,2,June,Wednesday,10.0,Kajal Bhatt,Delhi        , Delhi         ,110001,17Kajal@gmail.com,874157581,"Sony Bravia 55"" TV",Electronics,89999,,,,
2021-06-04,17,0,P008,1,5499,5499,0,0.0,5499.0,549.9,3273,2021,2,June,Friday,10.0,Kajal Bhatt,Delhi        , Delhi         ,110001,17Kajal@gmail.com,874157581,Puma Sports Shoes,Footwear,5499,,,,
2023-10-31,17,0,P022,1,1999,1999,0,0.0,1999.0,199.9,3352,2023,4,October,Tuesday,10.0,Kajal Bhatt,Delhi        , Delhi         ,110001,17Kajal@gmail.com,874157581,Borosil Glass Set,Kitchenware,1999,,,,
2020-05-28,17,PR001,P023,2,1499,2998,20,599.6,2398.4,239.84,1699,2020,2,May,Thursday,10.0,Kajal Bhatt,Delhi        , Delhi         ,110001,17Kajal@gmail.com,874157581,Milton Thermos Flask,Kitchenware,1499,Summer Sale,Email,SUMMER21,20% off
2022-05-17,17,PR001,P020,2,12999,25998,20,5199.6,20798.4,2079.84,3409,2022,2,May,Tuesday,10.0,Kajal Bhatt,Delhi        , Delhi         ,110001,17Kajal@gmail.com,874157581,Fossil Smartwatch,Accessories,12999,Summer Sale,Email,SUMMER21,20% off
2023-05-29,17,PR001,P002,3,69999,209997,20,41999.4,167997.6,16799.76,5,2023,2,May,Monday,10.0,Kajal Bhatt,Delhi        , Delhi         ,110001,17Kajal@gmail.com,874157581,Samsung Galaxy S21,Electronics,69999,Summer Sale,Email,SUMMER21,20% off
2022-05-28,17,PR001,P010,3,2199,6597,20,1319.4,5277.6,527.76,471,2022,2,May,Saturday,10.0,Kajal Bhatt,Delhi        , Delhi         ,110001,17Kajal@gmail.com,874157581,Zara Casual Shirt,Clothing,2199,Summer Sale,Email,SUMMER21,20% off
2021-05-06,17,PR001,P004,3,64999,194997,20,38999.4,155997.6,15599.76,794,2021,2,May,Thursday,10.0,Kajal Bhatt,Delhi        , Delhi         ,110001,17Kajal@gmail.com,874157581,HP Pavilion Laptop,Electronics,64999,Summer Sale,Email,SUMMER21,20% off
2020-05-18,17,PR001,P005,3,92499,277497,20,55499.4,221997.6,22199.76,1712,2020,2,May,Monday,10.0,Kajal Bhatt,Delhi        , Delhi         ,110001,17Kajal@gmail.com,874157581,Apple MacBook Air,Electronics,92499,Summer Sale,Email,SUMMER21,20% off
2021-04-28,17,PR001,P020,3,12999,38997,20,7799.4,31197.6,3119.76,2192,2021,2,April,Wednesday,10.0,Kajal Bhatt,Delhi        , Delhi         ,110001,17Kajal@gmail.com,874157581,Fossil Smartwatch,Accessories,12999,Summer Sale,Email,SUMMER21,20% off
2023-04-18,17,PR001,P029,3,99,297,20,59.4,237.6,23.76,3160,2023,2,April,Tuesday,10.0,Kajal Bhatt,Delhi        , Delhi         ,110001,17Kajal@gmail.com,874157581,Colgate Toothpaste,Personal Care,99,Summer Sale,Email,SUMMER21,20% off
2021-04-18,17,PR001,P017,1,10499,10499,20,2099.8,8399.2,839.92,28,2021,2,April,Sunday,10.0,Kajal Bhatt,Delhi        , Delhi         ,110001,17Kajal@gmail.com,874157581,IFB Microwave Oven,Home Appliances,10499,Summer Sale,Email,SUMMER21,20% off
2022-04-07,17,PR001,P010,1,2199,2199,20,439.8,1759.2,175.92,47,2022,2,April,Thursday,10.0,Kajal Bhatt,Delhi        , Delhi         ,110001,17Kajal@gmail.com,874157581,Zara Casual Shirt,Clothing,2199,Summer Sale,Email,SUMMER21,20% off
2023-04-11,17,PR001,P027,1,699,699,20,139.8,559.2,55.92,618,2023,2,April,Tuesday,10.0,Kajal Bhatt,Delhi        , Delhi         ,110001,17Kajal@gmail.com,874157581,L'Oreal Shampoo,Personal Care,699,Summer Sale,Email,SUMMER21,20% off
2021-05-24,17,PR001,P008,1,5499,5499,20,1099.8,4399.2,439.92,739,2021,2,May,Monday,10.0,Kajal Bhatt,Delhi        , Delhi         ,110001,17Kajal@gmail.com,874157581,Puma Sports Shoes,Footwear,5499,Summer Sale,Email,SUMMER21,20% off
2023-04-20,17,PR001,P011,1,1499,1499,20,299.8,1199.2,119.92,1419,2023,2,April,Thursday,10.0,Kajal Bhatt,Delhi        , Delhi         ,110001,17Kajal@gmail.com,874157581,H&M T-Shirt,Clothing,1499,Summer Sale,Email,SUMMER21,20% off
2022-05-17,17,PR001,P008,1,5499,5499,20,1099.8,4399.2,439.92,2176,2022,2,May,Tuesday,10.0,Kajal Bhatt,Delhi        , Delhi         ,110001,17Kajal@gmail.com,874157581,Puma Sports Shoes,Footwear,5499,Summer Sale,Email,SUMMER21,20% off
2023-04-11,17,PR001,P019,1,5999,5999,20,1199.8,4799.2,479.92,2324,2023,2,April,Tuesday,10.0,Kajal Bhatt,Delhi        , Delhi         ,110001,17Kajal@gmail.com,874157581,Titan Wrist Watch,Accessories,5999,Summer Sale,Email,SUMMER21,20% off
2021-04-25,17,PR001,P029,1,99,99,20,19.8,79.2,7.92,2991,2021,2,April,Sunday,10.0,Kajal Bhatt,Delhi        , Delhi         ,110001,17Kajal@gmail.com,874157581,Colgate Toothpaste,Personal Care,99,Summer Sale,Email,SUMMER21,20% off
2023-10-03,18,0,P001,1,79999,79999,0,0.0,79999.0,7999.9,2,2023,4,October,Tuesday,10.0,Karan Sethi,Visakhapatnam, Andhra Pradesh,530001,18Karan@gmail.com,831578630,Apple iPhone 14,Electronics,79999,,,,
2023-02-07,18,0,P023,3,1499,4497,0,0.0,4497.0,449.7,476,2023,1,February,Tuesday,10.0,Karan Sethi,Visakhapatnam, Andhra Pradesh,530001,18Karan@gmail.com,831578630,Milton Thermos Flask,Kitchenware,1499,,,,
2021-03-25,18,0,P023,3,1499,4497,0,0.0,4497.0,449.7,2394,2021,1,March,Thursday,10.0,Karan Sethi,Visakhapatnam, Andhra Pradesh,530001,18Karan@gmail.com,831578630,Milton Thermos Flask,Kitchenware,1499,,,,
2020-10-23,18,0,P011,3,1499,4497,0,0.0,4497.0,449.7,2707,2020,4,October,Friday,10.0,Karan Sethi,Visakhapatnam, Andhra Pradesh,530001,18Karan@gmail.com,831578630,H&M T-Shirt,Clothing,1499,,,,
2020-02-14,18,0,P026,3,5499,16497,0,0.0,16497.0,1649.7,2067,2020,1,February,Friday,10.0,Karan Sethi,Visakhapatnam, Andhra Pradesh,530001,18Karan@gmail.com,831578630,Wildcraft Hiking Bag,Bags,5499,,,,
2023-09-30,18,0,P001,3,79999,239997,0,0.0,239997.0,23999.7,167,2023,3,September,Saturday,10.0,Karan Sethi,Visakhapatnam, Andhra Pradesh,530001,18Karan@gmail.com,831578630,Apple iPhone 14,Electronics,79999,,,,
2022-12-22,18,0,P028,3,349,1047,0,0.0,1047.0,104.7,345,2022,4,December,Thursday,10.0,Karan Sethi,Visakhapatnam, Andhra Pradesh,530001,18Karan@gmail.com,831578630,Dove Soap Pack,Personal Care,349,,,,
2023-09-09,18,0,P009,3,3499,10497,0,0.0,10497.0,1049.7,585,2023,3,September,Saturday,10.0,Karan Sethi,Visakhapatnam, Andhra Pradesh,530001,18Karan@gmail.com,831578630,Levi's Denim Jeans,Clothing,3499,,,,
2022-03-27,18,0,P014,3,4999,14997,0,0.0,14997.0,1499.7,1189,2022,1,March,Sunday,10.0,Karan Sethi,Visakhapatnam, Andhra Pradesh,530001,18Karan@gmail.com,831578630,Bajaj Mixer Grinder,Home Appliances,4999,,,,
2020-10-23,18,0,P027,3,699,2097,0,0.0,2097.0,209.7,1434,2020,4,October,Friday,10.0,Karan Sethi,Visakhapatnam, Andhra Pradesh,530001,18Karan@gmail.com,831578630,L'Oreal Shampoo,Personal Care,699,,,,
2020-06-28,18,0,P005,3,92499,277497,0,0.0,277497.0,27749.7,1557,2020,2,June,Sunday,10.0,Karan Sethi,Visakhapatnam, Andhra Pradesh,530001,18Karan@gmail.com,831578630,Apple MacBook Air,Electronics,92499,,,,
2021-07-08,18,0,P018,3,2299,6897,0,0.0,6897.0,689.7,1680,2021,3,July,Thursday,10.0,Karan Sethi,Visakhapatnam, Andhra Pradesh,530001,18Karan@gmail.com,831578630,Prestige Pressure Cooker,Home Appliances,2299,,,,
2022-12-17,18,0,P024,3,2799,8397,0,0.0,8397.0,839.7,1687,2022,4,December,Saturday,10.0,Karan Sethi,Visakhapatnam, Andhra Pradesh,530001,18Karan@gmail.com,831578630,Puma Backpack,Bags,2799,,,,
2022-12-25,18,0,P019,3,5999,17997,0,0.0,17997.0,1799.7,2017,2022,4,December,Sunday,10.0,Karan Sethi,Visakhapatnam, Andhra Pradesh,530001,18Karan@gmail.com,831578630,Titan Wrist Watch,Accessories,5999,,,,
2023-07-19,18,0,P005,3,92499,277497,0,0.0,277497.0,27749.7,2055,2023,3,July,Wednesday,10.0,Karan Sethi,Visakhapatnam, Andhra Pradesh,530001,18Karan@gmail.com,831578630,Apple MacBook Air,Electronics,92499,,,,
2022-10-08,18,0,P024,3,2799,8397,0,0.0,8397.0,839.7,2154,2022,4,October,Saturday,10.0,Karan Sethi,Visakhapatnam, Andhra Pradesh,530001,18Karan@gmail.com,831578630,Puma Backpack,Bags,2799,,,,
2020-07-15,18,0,P012,3,2999,8997,0,0.0,8997.0,899.7,2194,2020,3,July,Wednesday,10.0,Karan Sethi,Visakhapatnam, Andhra Pradesh,530001,18Karan@gmail.com,831578630,FabIndia Kurta,Clothing,2999,,,,
2020-08-05,18,0,P010,3,2199,6597,0,0.0,6597.0,659.7,2657,2020,3,August,Wednesday,10.0,Karan Sethi,Visakhapatnam, Andhra Pradesh,530001,18Karan@gmail.com,831578630,Zara Casual Shirt,Clothing,2199,,,,
2022-12-31,18,0,P001,3,79999,239997,0,0.0,239997.0,23999.7,3112,2022,4,December,Saturday,10.0,Karan Sethi,Visakhapatnam, Andhra Pradesh,530001,18Karan@gmail.com,831578630,Apple iPhone 14,Electronics,79999,,,,
2023-12-07,18,0,P005,3,92499,277497,0,0.0,277497.0,27749.7,3135,2023,4,December,Thursday,10.0,Karan Sethi,Visakhapatnam, Andhra Pradesh,530001,18Karan@gmail.com,831578630,Apple MacBook Air,Electronics,92499,,,,
2020-09-29,18,0,P022,3,1999,5997,0,0.0,5997.0,599.7,3153,2020,3,September,Tuesday,10.0,Karan Sethi,Visakhapatnam, Andhra Pradesh,530001,18Karan@gmail.com,831578630,Borosil Glass Set,Kitchenware,1999,,,,
2020-01-19,18,0,P018,2,2299,4598,0,0.0,4598.0,459.8,305,2020,1,January,Sunday,10.0,Karan Sethi,Visakhapatnam, Andhra Pradesh,530001,18Karan@gmail.com,831578630,Prestige Pressure Cooker,Home Appliances,2299,,,,
2022-03-27,18,0,P028,2,349,698,0,0.0,698.0,69.8,646,2022,1,March,Sunday,10.0,Karan Sethi,Visakhapatnam, Andhra Pradesh,530001,18Karan@gmail.com,831578630,Dove Soap Pack,Personal Care,349,,,,
2023-08-17,18,0,P021,2,1299,2598,0,0.0,2598.0,259.8,1252,2023,3,August,Thursday,10.0,Karan Sethi,Visakhapatnam, Andhra Pradesh,530001,18Karan@gmail.com,831578630,Tupperware Lunch Box,Kitchenware,1299,,,,
2023-07-31,18,0,P012,2,2999,5998,0,0.0,5998.0,599.8,1265,2023,3,July,Monday,10.0,Karan Sethi,Visakhapatnam, Andhra Pradesh,530001,18Karan@gmail.com,831578630,FabIndia Kurta,Clothing,2999,,,,
2021-11-05,18,0,P011,2,1499,2998,0,0.0,2998.0,299.8,1388,2021,4,November,Friday,10.0,Karan Sethi,Visakhapatnam, Andhra Pradesh,530001,18Karan@gmail.com,831578630,H&M T-Shirt,Clothing,1499,,,,
2023-11-04,18,0,P017,2,10499,20998,0,0.0,20998.0,2099.8,1454,2023,4,November,Saturday,10.0,Karan Sethi,Visakhapatnam, Andhra Pradesh,530001,18Karan@gmail.com,831578630,IFB Microwave Oven,Home Appliances,10499,,,,
2021-06-25,18,0,P027,2,699,1398,0,0.0,1398.0,139.8,1566,2021,2,June,Friday,10.0,Karan Sethi,Visakhapatnam, Andhra Pradesh,530001,18Karan@gmail.com,831578630,L'Oreal Shampoo,Personal Care,699,,,,
2024-01-01,18,0,P016,2,24999,49998,0,0.0,49998.0,4999.8,1978,2024,1,January,Monday,10.0,Karan Sethi,Visakhapatnam, Andhra Pradesh,530001,18Karan@gmail.com,831578630,LG Washing Machine,Home Appliances,24999,,,,
2021-03-25,18,0,P028,2,349,698,0,0.0,698.0,69.8,1994,2021,1,March,Thursday,10.0,Karan Sethi,Visakhapatnam, Andhra Pradesh,530001,18Karan@gmail.com,831578630,Dove Soap Pack,Personal Care,349,,,,
2020-01-28,18,0,P020,2,12999,25998,0,0.0,25998.0,2599.8,2022,2020,1,January,Tuesday,10.0,Karan Sethi,Visakhapatnam, Andhra Pradesh,530001,18Karan@gmail.com,831578630,Fossil Smartwatch,Accessories,12999,,,,
2023-11-01,18,0,P002,2,69999,139998,0,0.0,139998.0,13999.8,2664,2023,4,November,Wednesday,10.0,Karan Sethi,Visakhapatnam, Andhra Pradesh,530001,18Karan@gmail.com,831578630,Samsung Galaxy S21,Electronics,69999,,,,
2023-02-25,18,0,P015,2,8499,16998,0,0.0,16998.0,1699.8,2909,2023,1,February,Saturday,10.0,Karan Sethi,Visakhapatnam, Andhra Pradesh,530001,18Karan@gmail.com,831578630,Philips Air Fryer,Home Appliances,8499,,,,
2021-06-10,18,0,P023,2,1499,2998,0,0.0,2998.0,299.8,3002,2021,2,June,Thursday,10.0,Karan Sethi,Visakhapatnam, Andhra Pradesh,530001,18Karan@gmail.com,831578630,Milton Thermos Flask,Kitchenware,1499,,,,
2022-06-03,18,0,P016,2,24999,49998,0,0.0,49998.0,4999.8,3208,2022,2,June,Friday,10.0,Karan Sethi,Visakhapatnam, Andhra Pradesh,530001,18Karan@gmail.com,831578630,LG Washing Machine,Home Appliances,24999,,,,
2022-02-18,18,0,P012,2,2999,5998,0,0.0,5998.0,599.8,3369,2022,1,February,Friday,10.0,Karan Sethi,Visakhapatnam, Andhra Pradesh,530001,18Karan@gmail.com,831578630,FabIndia Kurta,Clothing,2999,,,,
2021-09-22,18,0,P016,1,24999,24999,0,0.0,24999.0,2499.9,43,2021,3,September,Wednesday,10.0,Karan Sethi,Visakhapatnam, Andhra Pradesh,530001,18Karan@gmail.com,831578630,LG Washing Machine,Home Appliances,24999,,,,
2022-03-16,18,0,P017,1,10499,10499,0,0.0,10499.0,1049.9,90,2022,1,March,Wednesday,10.0,Karan Sethi,Visakhapatnam, Andhra Pradesh,530001,18Karan@gmail.com,831578630,IFB Microwave Oven,Home Appliances,10499,,,,
2023-01-28,18,0,P007,1,6999,6999,0,0.0,6999.0,699.9,368,2023,1,January,Saturday,10.0,Karan Sethi,Visakhapatnam, Andhra Pradesh,530001,18Karan@gmail.com,831578630,Adidas Sneakers,Footwear,6999,,,,
2023-03-07,18,0,P024,1,2799,2799,0,0.0,2799.0,279.9,911,2023,1,March,Tuesday,10.0,Karan Sethi,Visakhapatnam, Andhra Pradesh,530001,18Karan@gmail.com,831578630,Puma Backpack,Bags,2799,,,,
2022-11-04,18,0,P022,1,1999,1999,0,0.0,1999.0,199.9,1038,2022,4,November,Friday,10.0,Karan Sethi,Visakhapatnam, Andhra Pradesh,530001,18Karan@gmail.com,831578630,Borosil Glass Set,Kitchenware,1999,,,,
2020-03-15,18,0,P027,1,699,699,0,0.0,699.0,69.9,1051,2020,1,March,Sunday,10.0,Karan Sethi,Visakhapatnam, Andhra Pradesh,530001,18Karan@gmail.com,831578630,L'Oreal Shampoo,Personal Care,699,,,,
2021-01-09,18,0,P024,1,2799,2799,0,0.0,2799.0,279.9,1232,2021,1,January,Saturday,10.0,Karan Sethi,Visakhapatnam, Andhra Pradesh,530001,18Karan@gmail.com,831578630,Puma Backpack,Bags,2799,,,,
2021-02-19,18,0,P005,1,92499,92499,0,0.0,92499.0,9249.9,1274,2021,1,February,Friday,10.0,Karan Sethi,Visakhapatnam, Andhra Pradesh,530001,18Karan@gmail.com,831578630,Apple MacBook Air,Electronics,92499,,,,
2022-01-23,18,0,P002,1,69999,69999,0,0.0,69999.0,6999.9,1336,2022,1,January,Sunday,10.0,Karan Sethi,Visakhapatnam, Andhra Pradesh,530001,18Karan@gmail.com,831578630,Samsung Galaxy S21,Electronics,69999,,,,
2023-08-28,18,0,P006,1,7499,7499,0,0.0,7499.0,749.9,1683,2023,3,August,Monday,10.0,Karan Sethi,Visakhapatnam, Andhra Pradesh,530001,18Karan@gmail.com,831578630,Nike Running Shoes,Footwear,7499,,,,
2020-03-07,18,0,P025,1,8999,8999,0,0.0,8999.0,899.9,1752,2020,1,March,Saturday,10.0,Karan Sethi,Visakhapatnam, Andhra Pradesh,530001,18Karan@gmail.com,831578630,American Tourister Suitcase,Bags,8999,,,,
2020-12-13,18,0,P018,1,2299,2299,0,0.0,2299.0,229.9,1902,2020,4,December,Sunday,10.0,Karan Sethi,Visakhapatnam, Andhra Pradesh,530001,18Karan@gmail.com,831578630,Prestige Pressure Cooker,Home Appliances,2299,,,,
2022-03-15,18,0,P007,1,6999,6999,0,0.0,6999.0,699.9,1941,2022,1,March,Tuesday,10.0,Karan Sethi,Visakhapatnam, Andhra Pradesh,530001,18Karan@gmail.com,831578630,Adidas Sneakers,Footwear,6999,,,,
2021-12-02,18,0,P025,1,8999,8999,0,0.0,8999.0,899.9,2108,2021,4,December,Thursday,10.0,Karan Sethi,Visakhapatnam, Andhra Pradesh,530001,18Karan@gmail.com,831578630,American Tourister Suitcase,Bags,8999,,,,
2023-11-11,18,0,P026,1,5499,5499,0,0.0,5499.0,549.9,2120,2023,4,November,Saturday,10.0,Karan Sethi,Visakhapatnam, Andhra Pradesh,530001,18Karan@gmail.com,831578630,Wildcraft Hiking Bag,Bags,5499,,,,
2023-11-05,18,0,P001,1,79999,79999,0,0.0,79999.0,7999.9,2914,2023,4,November,Sunday,10.0,Karan Sethi,Visakhapatnam, Andhra Pradesh,530001,18Karan@gmail.com,831578630,Apple iPhone 14,Electronics,79999,,,,
2022-02-24,18,0,P028,1,349,349,0,0.0,349.0,34.9,2917,2022,1,February,Thursday,10.0,Karan Sethi,Visakhapatnam, Andhra Pradesh,530001,18Karan@gmail.com,831578630,Dove Soap Pack,Personal Care,349,,,,
2023-12-10,18,0,P021,1,1299,1299,0,0.0,1299.0,129.9,2936,2023,4,December,Sunday,10.0,Karan Sethi,Visakhapatnam, Andhra Pradesh,530001,18Karan@gmail.com,831578630,Tupperware Lunch Box,Kitchenware,1299,,,,
2021-06-12,18,0,P029,1,99,99,0,0.0,99.0,9.9,2966,2021,2,June,Saturday,10.0,Karan Sethi,Visakhapatnam, Andhra Pradesh,530001,18Karan@gmail.com,831578630,Colgate Toothpaste,Personal Care,99,,,,
2021-06-21,18,0,P019,1,5999,5999,0,0.0,5999.0,599.9,3055,2021,2,June,Monday,10.0,Karan Sethi,Visakhapatnam, Andhra Pradesh,530001,18Karan@gmail.com,831578630,Titan Wrist Watch,Accessories,5999,,,,
2021-03-02,18,0,P029,1,99,99,0,0.0,99.0,9.9,3442,2021,1,March,Tuesday,10.0,Karan Sethi,Visakhapatnam, Andhra Pradesh,530001,18Karan@gmail.com,831578630,Colgate Toothpaste,Personal Care,99,,,,
2020-02-27,18,0,P020,1,12999,12999,0,0.0,12999.0,1299.9,3479,2020,1,February,Thursday,10.0,Karan Sethi,Visakhapatnam, Andhra Pradesh,530001,18Karan@gmail.com,831578630,Fossil Smartwatch,Accessories,12999,,,,
2021-04-10,18,PR001,P018,2,2299,4598,20,919.6,3678.4,367.84,822,2021,2,April,Saturday,10.0,Karan Sethi,Visakhapatnam, Andhra Pradesh,530001,18Karan@gmail.com,831578630,Prestige Pressure Cooker,Home Appliances,2299,Summer Sale,Email,SUMMER21,20% off
2022-05-08,18,PR001,P009,2,3499,6998,20,1399.6,5598.4,559.84,2096,2022,2,May,Sunday,10.0,Karan Sethi,Visakhapatnam, Andhra Pradesh,530001,18Karan@gmail.com,831578630,Levi's Denim Jeans,Clothing,3499,Summer Sale,Email,SUMMER21,20% off
2020-04-15,18,PR001,P023,3,1499,4497,20,899.4,3597.6,359.76,61,2020,2,April,Wednesday,10.0,Karan Sethi,Visakhapatnam, Andhra Pradesh,530001,18Karan@gmail.com,831578630,Milton Thermos Flask,Kitchenware,1499,Summer Sale,Email,SUMMER21,20% off
2022-04-20,18,PR001,P010,3,2199,6597,20,1319.4,5277.6,527.76,1865,2022,2,April,Wednesday,10.0,Karan Sethi,Visakhapatnam, Andhra Pradesh,530001,18Karan@gmail.com,831578630,Zara Casual Shirt,Clothing,2199,Summer Sale,Email,SUMMER21,20% off
2023-04-01,18,PR001,P015,3,8499,25497,20,5099.4,20397.6,2039.76,2315,2023,2,April,Saturday,10.0,Karan Sethi,Visakhapatnam, Andhra Pradesh,530001,18Karan@gmail.com,831578630,Philips Air Fryer,Home Appliances,8499,Summer Sale,Email,SUMMER21,20% off
2021-05-07,18,PR001,P026,1,5499,5499,20,1099.8,4399.2,439.92,607,2021,2,May,Friday,10.0,Karan Sethi,Visakhapatnam, Andhra Pradesh,530001,18Karan@gmail.com,831578630,Wildcraft Hiking Bag,Bags,5499,Summer Sale,Email,SUMMER21,20% off
2023-04-06,18,PR001,P019,1,5999,5999,20,1199.8,4799.2,479.92,854,2023,2,April,Thursday,10.0,Karan Sethi,Visakhapatnam, Andhra Pradesh,530001,18Karan@gmail.com,831578630,Titan Wrist Watch,Accessories,5999,Summer Sale,Email,SUMMER21,20% off
2020-07-11,18,PR004,P018,3,2299,6897,50,3448.5,3448.5,344.85,191,2020,3,July,Saturday,10.0,Karan Sethi,Visakhapatnam, Andhra Pradesh,530001,18Karan@gmail.com,831578630,Prestige Pressure Cooker,Home Appliances,2299,Weekend Flash Sale,Mobile Push,FLASH50,50% off
2020-09-11,19,0,P019,2,5999,11998,0,0.0,11998.0,1199.8,2912,2020,3,September,Friday,10.0,Kavya Mishra,Indore       , Madhya Pradesh,452001,19Kavya@gmail.com,922627518,Titan Wrist Watch,Accessories,5999,,,,
2021-01-27,19,0,P011,3,1499,4497,0,0.0,4497.0,449.7,3306,2021,1,January,Wednesday,10.0,Kavya Mishra,Indore       , Madhya Pradesh,452001,19Kavya@gmail.com,922627518,H&M T-Shirt,Clothing,1499,,,,
2023-08-19,19,0,P026,3,5499,16497,0,0.0,16497.0,1649.7,282,2023,3,August,Saturday,10.0,Kavya Mishra,Indore       , Madhya Pradesh,452001,19Kavya@gmail.com,922627518,Wildcraft Hiking Bag,Bags,5499,,,,
2023-01-24,19,0,P008,3,5499,16497,0,0.0,16497.0,1649.7,594,2023,1,January,Tuesday,10.0,Kavya Mishra,Indore       , Madhya Pradesh,452001,19Kavya@gmail.com,922627518,Puma Sports Shoes,Footwear,5499,,,,
2021-01-24,19,0,P026,3,5499,16497,0,0.0,16497.0,1649.7,2967,2021,1,January,Sunday,10.0,Kavya Mishra,Indore       , Madhya Pradesh,452001,19Kavya@gmail.com,922627518,Wildcraft Hiking Bag,Bags,5499,,,,
2021-11-24,19,0,P022,3,1999,5997,0,0.0,5997.0,599.7,63,2021,4,November,Wednesday,10.0,Kavya Mishra,Indore       , Madhya Pradesh,452001,19Kavya@gmail.com,922627518,Borosil Glass Set,Kitchenware,1999,,,,
2021-01-29,19,0,P012,3,2999,8997,0,0.0,8997.0,899.7,360,2021,1,January,Friday,10.0,Kavya Mishra,Indore       , Madhya Pradesh,452001,19Kavya@gmail.com,922627518,FabIndia Kurta,Clothing,2999,,,,
2020-09-26,19,0,P005,3,92499,277497,0,0.0,277497.0,27749.7,497,2020,3,September,Saturday,10.0,Kavya Mishra,Indore       , Madhya Pradesh,452001,19Kavya@gmail.com,922627518,Apple MacBook Air,Electronics,92499,,,,
2023-11-16,19,0,P024,3,2799,8397,0,0.0,8397.0,839.7,559,2023,4,November,Thursday,10.0,Kavya Mishra,Indore       , Madhya Pradesh,452001,19Kavya@gmail.com,922627518,Puma Backpack,Bags,2799,,,,
2022-03-05,19,0,P006,3,7499,22497,0,0.0,22497.0,2249.7,595,2022,1,March,Saturday,10.0,Kavya Mishra,Indore       , Madhya Pradesh,452001,19Kavya@gmail.com,922627518,Nike Running Shoes,Footwear,7499,,,,
2021-11-20,19,0,P029,3,99,297,0,0.0,297.0,29.7,650,2021,4,November,Saturday,10.0,Kavya Mishra,Indore       , Madhya Pradesh,452001,19Kavya@gmail.com,922627518,Colgate Toothpaste,Personal Care,99,,,,
2021-03-06,19,0,P013,3,15999,47997,0,0.0,47997.0,4799.7,958,2021,1,March,Saturday,10.0,Kavya Mishra,Indore       , Madhya Pradesh,452001,19Kavya@gmail.com,922627518,Raymond Suit,Clothing,15999,,,,
2023-08-27,19,0,P004,3,64999,194997,0,0.0,194997.0,19499.7,977,2023,3,August,Sunday,10.0,Kavya Mishra,Indore       , Madhya Pradesh,452001,19Kavya@gmail.com,922627518,HP Pavilion Laptop,Electronics,64999,,,,
2021-02-06,19,0,P027,3,699,2097,0,0.0,2097.0,209.7,1002,2021,1,February,Saturday,10.0,Kavya Mishra,Indore       , Madhya Pradesh,452001,19Kavya@gmail.com,922627518,L'Oreal Shampoo,Personal Care,699,,,,
2021-11-02,19,0,P021,3,1299,3897,0,0.0,3897.0,389.7,1045,2021,4,November,Tuesday,10.0,Kavya Mishra,Indore       , Madhya Pradesh,452001,19Kavya@gmail.com,922627518,Tupperware Lunch Box,Kitchenware,1299,,,,
2021-10-07,19,0,P007,3,6999,20997,0,0.0,20997.0,2099.7,1355,2021,4,October,Thursday,10.0,Kavya Mishra,Indore       , Madhya Pradesh,452001,19Kavya@gmail.com,922627518,Adidas Sneakers,Footwear,6999,,,,
2022-01-24,19,0,P025,3,8999,26997,0,0.0,26997.0,2699.7,1422,2022,1,January,Monday,10.0,Kavya Mishra,Indore       , Madhya Pradesh,452001,19Kavya@gmail.com,922627518,American Tourister Suitcase,Bags,8999,,,,
2023-08-06,19,0,P001,3,79999,239997,0,0.0,239997.0,23999.7,2003,2023,3,August,Sunday,10.0,Kavya Mishra,Indore       , Madhya Pradesh,452001,19Kavya@gmail.com,922627518,Apple iPhone 14,Electronics,79999,,,,
2020-09-02,19,0,P018,3,2299,6897,0,0.0,6897.0,689.7,2509,2020,3,September,Wednesday,10.0,Kavya Mishra,Indore       , Madhya Pradesh,452001,19Kavya@gmail.com,922627518,Prestige Pressure Cooker,Home Appliances,2299,,,,
2020-07-21,19,0,P028,3,349,1047,0,0.0,1047.0,104.7,2582,2020,3,July,Tuesday,10.0,Kavya Mishra,Indore       , Madhya Pradesh,452001,19Kavya@gmail.com,922627518,Dove Soap Pack,Personal Care,349,,,,
2023-08-21,19,0,P018,3,2299,6897,0,0.0,6897.0,689.7,2804,2023,3,August,Monday,10.0,Kavya Mishra,Indore       , Madhya Pradesh,452001,19Kavya@gmail.com,922627518,Prestige Pressure Cooker,Home Appliances,2299,,,,
2022-02-12,19,0,P007,3,6999,20997,0,0.0,20997.0,2099.7,2887,2022,1,February,Saturday,10.0,Kavya Mishra,Indore       , Madhya Pradesh,452001,19Kavya@gmail.com,922627518,Adidas Sneakers,Footwear,6999,,,,
2021-01-30,19,0,P028,3,349,1047,0,0.0,1047.0,104.7,3039,2021,1,January,Saturday,10.0,Kavya Mishra,Indore       , Madhya Pradesh,452001,19Kavya@gmail.com,922627518,Dove Soap Pack,Personal Care,349,,,,
2020-01-19,19,0,P019,3,5999,17997,0,0.0,17997.0,1799.7,3187,2020,1,January,Sunday,10.0,Kavya Mishra,Indore       , Madhya Pradesh,452001,19Kavya@gmail.com,922627518,Titan Wrist Watch,Accessories,5999,,,,
2022-10-29,19,0,P004,2,64999,129998,0,0.0,129998.0,12999.8,165,2022,4,October,Saturday,10.0,Kavya Mishra,Indore       , Madhya Pradesh,452001,19Kavya@gmail.com,922627518,HP Pavilion Laptop,Electronics,64999,,,,
2023-06-05,19,0,P007,2,6999,13998,0,0.0,13998.0,1399.8,411,2023,2,June,Monday,10.0,Kavya Mishra,Indore       , Madhya Pradesh,452001,19Kavya@gmail.com,922627518,Adidas Sneakers,Footwear,6999,,,,
2022-02-13,19,0,P001,2,79999,159998,0,0.0,159998.0,15999.8,549,2022,1,February,Sunday,10.0,Kavya Mishra,Indore       , Madhya Pradesh,452001,19Kavya@gmail.com,922627518,Apple iPhone 14,Electronics,79999,,,,
2020-01-30,19,0,P030,2,399,798,0,0.0,798.0,79.8,694,2020,1,January,Thursday,10.0,Kavya Mishra,Indore       , Madhya Pradesh,452001,19Kavya@gmail.com,922627518,Nivea Body Lotion,Personal Care,399,,,,
2022-02-23,19,0,P025,2,8999,17998,0,0.0,17998.0,1799.8,712,2022,1,February,Wednesday,10.0,Kavya Mishra,Indore       , Madhya Pradesh,452001,19Kavya@gmail.com,922627518,American Tourister Suitcase,Bags,8999,,,,
2020-01-08,19,0,P013,2,15999,31998,0,0.0,31998.0,3199.8,808,2020,1,January,Wednesday,10.0,Kavya Mishra,Indore       , Madhya Pradesh,452001,19Kavya@gmail.com,922627518,Raymond Suit,Clothing,15999,,,,
2023-10-30,19,0,P001,2,79999,159998,0,0.0,159998.0,15999.8,971,2023,4,October,Monday,10.0,Kavya Mishra,Indore       , Madhya Pradesh,452001,19Kavya@gmail.com,922627518,Apple iPhone 14,Electronics,79999,,,,
2021-03-07,19,0,P030,2,399,798,0,0.0,798.0,79.8,1720,2021,1,March,Sunday,10.0,Kavya Mishra,Indore       , Madhya Pradesh,452001,19Kavya@gmail.com,922627518,Nivea Body Lotion,Personal Care,399,,,,
2023-09-28,19,0,P005,2,92499,184998,0,0.0,184998.0,18499.8,2074,2023,3,September,Thursday,10.0,Kavya Mishra,Indore       , Madhya Pradesh,452001,19Kavya@gmail.com,922627518,Apple MacBook Air,Electronics,92499,,,,
2020-10-01,19,0,P014,2,4999,9998,0,0.0,9998.0,999.8,2347,2020,4,October,Thursday,10.0,Kavya Mishra,Indore       , Madhya Pradesh,452001,19Kavya@gmail.com,922627518,Bajaj Mixer Grinder,Home Appliances,4999,,,,
2021-11-06,19,0,P001,2,79999,159998,0,0.0,159998.0,15999.8,2568,2021,4,November,Saturday,10.0,Kavya Mishra,Indore       , Madhya Pradesh,452001,19Kavya@gmail.com,922627518,Apple iPhone 14,Electronics,79999,,,,
2021-03-12,19,0,P017,2,10499,20998,0,0.0,20998.0,2099.8,2704,2021,1,March,Friday,10.0,Kavya Mishra,Indore       , Madhya Pradesh,452001,19Kavya@gmail.com,922627518,IFB Microwave Oven,Home Appliances,10499,,,,
2021-02-23,19,0,P022,2,1999,3998,0,0.0,3998.0,399.8,2706,2021,1,February,Tuesday,10.0,Kavya Mishra,Indore       , Madhya Pradesh,452001,19Kavya@gmail.com,922627518,Borosil Glass Set,Kitchenware,1999,,,,
2023-08-13,19,0,P019,2,5999,11998,0,0.0,11998.0,1199.8,2740,2023,3,August,Sunday,10.0,Kavya Mishra,Indore       , Madhya Pradesh,452001,19Kavya@gmail.com,922627518,Titan Wrist Watch,Accessories,5999,,,,
2022-11-15,19,0,P002,2,69999,139998,0,0.0,139998.0,13999.8,2742,2022,4,November,Tuesday,10.0,Kavya Mishra,Indore       , Madhya Pradesh,452001,19Kavya@gmail.com,922627518,Samsung Galaxy S21,Electronics,69999,,,,
2022-06-04,19,0,P010,2,2199,4398,0,0.0,4398.0,439.8,2800,2022,2,June,Saturday,10.0,Kavya Mishra,Indore       , Madhya Pradesh,452001,19Kavya@gmail.com,922627518,Zara Casual Shirt,Clothing,2199,,,,
2021-07-19,19,0,P011,3,1499,4497,0,0.0,4497.0,449.7,2030,2021,3,July,Monday,10.0,Kavya Mishra,Indore       , Madhya Pradesh,452001,19Kavya@gmail.com,922627518,H&M T-Shirt,Clothing,1499,,,,
2022-12-28,19,0,P028,2,349,698,0,0.0,698.0,69.8,3301,2022,4,December,Wednesday,10.0,Kavya Mishra,Indore       , Madhya Pradesh,452001,19Kavya@gmail.com,922627518,Dove Soap Pack,Personal Care,349,,,,
2023-01-27,19,0,P025,1,8999,8999,0,0.0,8999.0,899.9,593,2023,1,January,Friday,10.0,Kavya Mishra,Indore       , Madhya Pradesh,452001,19Kavya@gmail.com,922627518,American Tourister Suitcase,Bags,8999,,,,
2021-08-14,19,0,P010,1,2199,2199,0,0.0,2199.0,219.9,610,2021,3,August,Saturday,10.0,Kavya Mishra,Indore       , Madhya Pradesh,452001,19Kavya@gmail.com,922627518,Zara Casual Shirt,Clothing,2199,,,,
2021-03-07,19,0,P021,1,1299,1299,0,0.0,1299.0,129.9,680,2021,1,March,Sunday,10.0,Kavya Mishra,Indore       , Madhya Pradesh,452001,19Kavya@gmail.com,922627518,Tupperware Lunch Box,Kitchenware,1299,,,,
2021-06-24,19,0,P003,1,89999,89999,0,0.0,89999.0,8999.9,809,2021,2,June,Thursday,10.0,Kavya Mishra,Indore       , Madhya Pradesh,452001,19Kavya@gmail.com,922627518,"Sony Bravia 55"" TV",Electronics,89999,,,,
2023-08-09,19,0,P028,1,349,349,0,0.0,349.0,34.9,920,2023,3,August,Wednesday,10.0,Kavya Mishra,Indore       , Madhya Pradesh,452001,19Kavya@gmail.com,922627518,Dove Soap Pack,Personal Care,349,,,,
2022-11-13,19,0,P023,1,1499,1499,0,0.0,1499.0,149.9,1017,2022,4,November,Sunday,10.0,Kavya Mishra,Indore       , Madhya Pradesh,452001,19Kavya@gmail.com,922627518,Milton Thermos Flask,Kitchenware,1499,,,,
2021-11-25,19,0,P007,1,6999,6999,0,0.0,6999.0,699.9,1026,2021,4,November,Thursday,10.0,Kavya Mishra,Indore       , Madhya Pradesh,452001,19Kavya@gmail.com,922627518,Adidas Sneakers,Footwear,6999,,,,
2020-10-11,19,0,P015,1,8499,8499,0,0.0,8499.0,849.9,1141,2020,4,October,Sunday,10.0,Kavya Mishra,Indore       , Madhya Pradesh,452001,19Kavya@gmail.com,922627518,Philips Air Fryer,Home Appliances,8499,,,,
2023-02-07,19,0,P027,1,699,699,0,0.0,699.0,69.9,1768,2023,1,February,Tuesday,10.0,Kavya Mishra,Indore       , Madhya Pradesh,452001,19Kavya@gmail.com,922627518,L'Oreal Shampoo,Personal Care,699,,,,
2022-08-28,19,0,P030,1,399,399,0,0.0,399.0,39.9,1935,2022,3,August,Sunday,10.0,Kavya Mishra,Indore       , Madhya Pradesh,452001,19Kavya@gmail.com,922627518,Nivea Body Lotion,Personal Care,399,,,,
2020-03-19,19,0,P001,1,79999,79999,0,0.0,79999.0,7999.9,2359,2020,1,March,Thursday,10.0,Kavya Mishra,Indore       , Madhya Pradesh,452001,19Kavya@gmail.com,922627518,Apple iPhone 14,Electronics,79999,,,,
2021-12-13,19,0,P003,1,89999,89999,0,0.0,89999.0,8999.9,2432,2021,4,December,Monday,10.0,Kavya Mishra,Indore       , Madhya Pradesh,452001,19Kavya@gmail.com,922627518,"Sony Bravia 55"" TV",Electronics,89999,,,,
2020-11-13,19,0,P007,1,6999,6999,0,0.0,6999.0,699.9,2461,2020,4,November,Friday,10.0,Kavya Mishra,Indore       , Madhya Pradesh,452001,19Kavya@gmail.com,922627518,Adidas Sneakers,Footwear,6999,,,,
2022-01-04,19,0,P022,1,1999,1999,0,0.0,1999.0,199.9,2574,2022,1,January,Tuesday,10.0,Kavya Mishra,Indore       , Madhya Pradesh,452001,19Kavya@gmail.com,922627518,Borosil Glass Set,Kitchenware,1999,,,,
2020-06-30,19,0,P019,1,5999,5999,0,0.0,5999.0,599.9,2628,2020,2,June,Tuesday,10.0,Kavya Mishra,Indore       , Madhya Pradesh,452001,19Kavya@gmail.com,922627518,Titan Wrist Watch,Accessories,5999,,,,
2023-11-20,19,0,P024,1,2799,2799,0,0.0,2799.0,279.9,2913,2023,4,November,Monday,10.0,Kavya Mishra,Indore       , Madhya Pradesh,452001,19Kavya@gmail.com,922627518,Puma Backpack,Bags,2799,,,,
2021-08-01,19,0,P009,1,3499,3499,0,0.0,3499.0,349.9,3102,2021,3,August,Sunday,10.0,Kavya Mishra,Indore       , Madhya Pradesh,452001,19Kavya@gmail.com,922627518,Levi's Denim Jeans,Clothing,3499,,,,
2023-02-03,19,0,P022,1,1999,1999,0,0.0,1999.0,199.9,3292,2023,1,February,Friday,10.0,Kavya Mishra,Indore       , Madhya Pradesh,452001,19Kavya@gmail.com,922627518,Borosil Glass Set,Kitchenware,1999,,,,
2020-08-26,19,0,P024,1,2799,2799,0,0.0,2799.0,279.9,3351,2020,3,August,Wednesday,10.0,Kavya Mishra,Indore       , Madhya Pradesh,452001,19Kavya@gmail.com,922627518,Puma Backpack,Bags,2799,,,,
2023-04-20,19,PR001,P007,2,6999,13998,20,2799.6,11198.4,1119.84,93,2023,2,April,Thursday,10.0,Kavya Mishra,Indore       , Madhya Pradesh,452001,19Kavya@gmail.com,922627518,Adidas Sneakers,Footwear,6999,Summer Sale,Email,SUMMER21,20% off
2021-05-17,19,PR001,P026,2,5499,10998,20,2199.6,8798.4,879.84,763,2021,2,May,Monday,10.0,Kavya Mishra,Indore       , Madhya Pradesh,452001,19Kavya@gmail.com,922627518,Wildcraft Hiking Bag,Bags,5499,Summer Sale,Email,SUMMER21,20% off
2021-04-13,19,PR001,P011,2,1499,2998,20,599.6,2398.4,239.84,1333,2021,2,April,Tuesday,10.0,Kavya Mishra,Indore       , Madhya Pradesh,452001,19Kavya@gmail.com,922627518,H&M T-Shirt,Clothing,1499,Summer Sale,Email,SUMMER21,20% off
2021-05-15,19,PR001,P009,2,3499,6998,20,1399.6,5598.4,559.84,2219,2021,2,May,Saturday,10.0,Kavya Mishra,Indore       , Madhya Pradesh,452001,19Kavya@gmail.com,922627518,Levi's Denim Jeans,Clothing,3499,Summer Sale,Email,SUMMER21,20% off
2023-05-20,19,PR001,P010,2,2199,4398,20,879.6,3518.4,351.84,2425,2023,2,May,Saturday,10.0,Kavya Mishra,Indore       , Madhya Pradesh,452001,19Kavya@gmail.com,922627518,Zara Casual Shirt,Clothing,2199,Summer Sale,Email,SUMMER21,20% off
2022-05-13,19,PR001,P011,2,1499,2998,20,599.6,2398.4,239.84,2935,2022,2,May,Friday,10.0,Kavya Mishra,Indore       , Madhya Pradesh,452001,19Kavya@gmail.com,922627518,H&M T-Shirt,Clothing,1499,Summer Sale,Email,SUMMER21,20% off
2020-04-17,19,PR001,P016,2,24999,49998,20,9999.6,39998.4,3999.84,3314,2020,2,April,Friday,10.0,Kavya Mishra,Indore       , Madhya Pradesh,452001,19Kavya@gmail.com,922627518,LG Washing Machine,Home Appliances,24999,Summer Sale,Email,SUMMER21,20% off
2022-05-18,19,PR001,P017,2,10499,20998,20,4199.6,16798.4,1679.84,3441,2022,2,May,Wednesday,10.0,Kavya Mishra,Indore       , Madhya Pradesh,452001,19Kavya@gmail.com,922627518,IFB Microwave Oven,Home Appliances,10499,Summer Sale,Email,SUMMER21,20% off
2020-04-17,19,PR001,P004,3,64999,194997,20,38999.4,155997.6,15599.76,336,2020,2,April,Friday,10.0,Kavya Mishra,Indore       , Madhya Pradesh,452001,19Kavya@gmail.com,922627518,HP Pavilion Laptop,Electronics,64999,Summer Sale,Email,SUMMER21,20% off
2022-04-30,19,PR001,P014,3,4999,14997,20,2999.4,11997.6,1199.76,1288,2022,2,April,Saturday,10.0,Kavya Mishra,Indore       , Madhya Pradesh,452001,19Kavya@gmail.com,922627518,Bajaj Mixer Grinder,Home Appliances,4999,Summer Sale,Email,SUMMER21,20% off
2023-05-04,19,PR001,P022,3,1999,5997,20,1199.4,4797.6,479.76,1588,2023,2,May,Thursday,10.0,Kavya Mishra,Indore       , Madhya Pradesh,452001,19Kavya@gmail.com,922627518,Borosil Glass Set,Kitchenware,1999,Summer Sale,Email,SUMMER21,20% off
2022-04-13,19,PR001,P007,3,6999,20997,20,4199.4,16797.6,1679.76,2577,2022,2,April,Wednesday,10.0,Kavya Mishra,Indore       , Madhya Pradesh,452001,19Kavya@gmail.com,922627518,Adidas Sneakers,Footwear,6999,Summer Sale,Email,SUMMER21,20% off
2021-05-31,19,PR001,P023,3,1499,4497,20,899.4,3597.6,359.76,2799,2021,2,May,Monday,10.0,Kavya Mishra,Indore       , Madhya Pradesh,452001,19Kavya@gmail.com,922627518,Milton Thermos Flask,Kitchenware,1499,Summer Sale,Email,SUMMER21,20% off
2022-05-16,19,PR001,P013,3,15999,47997,20,9599.4,38397.6,3839.76,2858,2022,2,May,Monday,10.0,Kavya Mishra,Indore       , Madhya Pradesh,452001,19Kavya@gmail.com,922627518,Raymond Suit,Clothing,15999,Summer Sale,Email,SUMMER21,20% off
2020-05-08,19,PR001,P015,3,8499,25497,20,5099.4,20397.6,2039.76,3431,2020,2,May,Friday,10.0,Kavya Mishra,Indore       , Madhya Pradesh,452001,19Kavya@gmail.com,922627518,Philips Air Fryer,Home Appliances,8499,Summer Sale,Email,SUMMER21,20% off
2022-04-07,19,PR001,P022,1,1999,1999,20,399.8,1599.2,159.92,1414,2022,2,April,Thursday,10.0,Kavya Mishra,Indore       , Madhya Pradesh,452001,19Kavya@gmail.com,922627518,Borosil Glass Set,Kitchenware,1999,Summer Sale,Email,SUMMER21,20% off
2022-04-06,19,PR001,P006,1,7499,7499,20,1499.8,5999.2,599.92,1591,2022,2,April,Wednesday,10.0,Kavya Mishra,Indore       , Madhya Pradesh,452001,19Kavya@gmail.com,922627518,Nike Running Shoes,Footwear,7499,Summer Sale,Email,SUMMER21,20% off
2023-07-23,19,PR004,P009,2,3499,6998,50,3499.0,3499.0,349.9,2677,2023,3,July,Sunday,10.0,Kavya Mishra,Indore       , Madhya Pradesh,452001,19Kavya@gmail.com,922627518,Levi's Denim Jeans,Clothing,3499,Weekend Flash Sale,Mobile Push,FLASH50,50% off
2023-12-25,19,PR005,P002,2,69999,139998,70,97998.6,41999.4,4199.94,726,2023,4,December,Monday,10.0,Kavya Mishra,Indore       , Madhya Pradesh,452001,19Kavya@gmail.com,922627518,Samsung Galaxy S21,Electronics,69999,Clearance Sale,In-App,CLEARANCE23,70% off
2021-10-10,2,0,P004,2,64999,129998,0,0.0,129998.0,12999.8,1229,2021,4,October,Sunday,10.0,Aditi Patel,Bhopal       , Madhya Pradesh,462001,2Aditi@gmail.com,896750475,HP Pavilion Laptop,Electronics,64999,,,,
2022-07-01,2,0,P011,3,1499,4497,0,0.0,4497.0,449.7,8,2022,3,July,Friday,10.0,Aditi Patel,Bhopal       , Madhya Pradesh,462001,2Aditi@gmail.com,896750475,H&M T-Shirt,Clothing,1499,,,,
2021-06-25,2,0,P023,3,1499,4497,0,0.0,4497.0,449.7,1023,2021,2,June,Friday,10.0,Aditi Patel,Bhopal       , Madhya Pradesh,462001,2Aditi@gmail.com,896750475,Milton Thermos Flask,Kitchenware,1499,,,,
2020-06-24,2,0,P008,3,5499,16497,0,0.0,16497.0,1649.7,499,2020,2,June,Wednesday,10.0,Aditi Patel,Bhopal       , Madhya Pradesh,462001,2Aditi@gmail.com,896750475,Puma Sports Shoes,Footwear,5499,,,,
2023-07-19,2,0,P008,3,5499,16497,0,0.0,16497.0,1649.7,757,2023,3,July,Wednesday,10.0,Aditi Patel,Bhopal       , Madhya Pradesh,462001,2Aditi@gmail.com,896750475,Puma Sports Shoes,Footwear,5499,,,,
2022-03-10,2,0,P010,3,2199,6597,0,0.0,6597.0,659.7,20,2022,1,March,Thursday,10.0,Aditi Patel,Bhopal       , Madhya Pradesh,462001,2Aditi@gmail.com,896750475,Zara Casual Shirt,Clothing,2199,,,,
2023-11-28,2,0,P016,3,24999,74997,0,0.0,74997.0,7499.7,897,2023,4,November,Tuesday,10.0,Aditi Patel,Bhopal       , Madhya Pradesh,462001,2Aditi@gmail.com,896750475,LG Washing Machine,Home Appliances,24999,,,,
2021-01-24,2,0,P019,3,5999,17997,0,0.0,17997.0,1799.7,923,2021,1,January,Sunday,10.0,Aditi Patel,Bhopal       , Madhya Pradesh,462001,2Aditi@gmail.com,896750475,Titan Wrist Watch,Accessories,5999,,,,
2020-10-03,2,0,P021,3,1299,3897,0,0.0,3897.0,389.7,1150,2020,4,October,Saturday,10.0,Aditi Patel,Bhopal       , Madhya Pradesh,462001,2Aditi@gmail.com,896750475,Tupperware Lunch Box,Kitchenware,1299,,,,
2022-02-25,2,0,P013,3,15999,47997,0,0.0,47997.0,4799.7,1936,2022,1,February,Friday,10.0,Aditi Patel,Bhopal       , Madhya Pradesh,462001,2Aditi@gmail.com,896750475,Raymond Suit,Clothing,15999,,,,
2023-01-17,2,0,P024,3,2799,8397,0,0.0,8397.0,839.7,3134,2023,1,January,Tuesday,10.0,Aditi Patel,Bhopal       , Madhya Pradesh,462001,2Aditi@gmail.com,896750475,Puma Backpack,Bags,2799,,,,
2021-06-07,2,0,P020,3,12999,38997,0,0.0,38997.0,3899.7,3136,2021,2,June,Monday,10.0,Aditi Patel,Bhopal       , Madhya Pradesh,462001,2Aditi@gmail.com,896750475,Fossil Smartwatch,Accessories,12999,,,,
2021-07-29,2,0,P018,3,2299,6897,0,0.0,6897.0,689.7,3150,2021,3,July,Thursday,10.0,Aditi Patel,Bhopal       , Madhya Pradesh,462001,2Aditi@gmail.com,896750475,Prestige Pressure Cooker,Home Appliances,2299,,,,
2020-07-14,2,0,P004,2,64999,129998,0,0.0,129998.0,12999.8,533,2020,3,July,Tuesday,10.0,Aditi Patel,Bhopal       , Madhya Pradesh,462001,2Aditi@gmail.com,896750475,HP Pavilion Laptop,Electronics,64999,,,,
2020-01-10,2,0,P003,2,89999,179998,0,0.0,179998.0,17999.8,596,2020,1,January,Friday,10.0,Aditi Patel,Bhopal       , Madhya Pradesh,462001,2Aditi@gmail.com,896750475,"Sony Bravia 55"" TV",Electronics,89999,,,,
2022-10-26,2,0,P025,2,8999,17998,0,0.0,17998.0,1799.8,629,2022,4,October,Wednesday,10.0,Aditi Patel,Bhopal       , Madhya Pradesh,462001,2Aditi@gmail.com,896750475,American Tourister Suitcase,Bags,8999,,,,
2022-06-13,2,0,P024,2,2799,5598,0,0.0,5598.0,559.8,667,2022,2,June,Monday,10.0,Aditi Patel,Bhopal       , Madhya Pradesh,462001,2Aditi@gmail.com,896750475,Puma Backpack,Bags,2799,,,,
2021-10-25,2,0,P002,2,69999,139998,0,0.0,139998.0,13999.8,717,2021,4,October,Monday,10.0,Aditi Patel,Bhopal       , Madhya Pradesh,462001,2Aditi@gmail.com,896750475,Samsung Galaxy S21,Electronics,69999,,,,
2022-07-05,2,0,P017,2,10499,20998,0,0.0,20998.0,2099.8,1272,2022,3,July,Tuesday,10.0,Aditi Patel,Bhopal       , Madhya Pradesh,462001,2Aditi@gmail.com,896750475,IFB Microwave Oven,Home Appliances,10499,,,,
2020-10-14,2,0,P005,2,92499,184998,0,0.0,184998.0,18499.8,1347,2020,4,October,Wednesday,10.0,Aditi Patel,Bhopal       , Madhya Pradesh,462001,2Aditi@gmail.com,896750475,Apple MacBook Air,Electronics,92499,,,,
2022-09-07,2,0,P004,2,64999,129998,0,0.0,129998.0,12999.8,1602,2022,3,September,Wednesday,10.0,Aditi Patel,Bhopal       , Madhya Pradesh,462001,2Aditi@gmail.com,896750475,HP Pavilion Laptop,Electronics,64999,,,,
2022-03-28,2,0,P016,2,24999,49998,0,0.0,49998.0,4999.8,1616,2022,1,March,Monday,10.0,Aditi Patel,Bhopal       , Madhya Pradesh,462001,2Aditi@gmail.com,896750475,LG Washing Machine,Home Appliances,24999,,,,
2020-02-22,2,0,P010,2,2199,4398,0,0.0,4398.0,439.8,1681,2020,1,February,Saturday,10.0,Aditi Patel,Bhopal       , Madhya Pradesh,462001,2Aditi@gmail.com,896750475,Zara Casual Shirt,Clothing,2199,,,,
2020-12-21,2,0,P015,2,8499,16998,0,0.0,16998.0,1699.8,2719,2020,4,December,Monday,10.0,Aditi Patel,Bhopal       , Madhya Pradesh,462001,2Aditi@gmail.com,896750475,Philips Air Fryer,Home Appliances,8499,,,,
2020-09-28,2,0,P003,2,89999,179998,0,0.0,179998.0,17999.8,2885,2020,3,September,Monday,10.0,Aditi Patel,Bhopal       , Madhya Pradesh,462001,2Aditi@gmail.com,896750475,"Sony Bravia 55"" TV",Electronics,89999,,,,
2020-07-02,2,0,P025,2,8999,17998,0,0.0,17998.0,1799.8,2899,2020,3,July,Thursday,10.0,Aditi Patel,Bhopal       , Madhya Pradesh,462001,2Aditi@gmail.com,896750475,American Tourister Suitcase,Bags,8999,,,,
2022-12-31,2,0,P009,2,3499,6998,0,0.0,6998.0,699.8,2983,2022,4,December,Saturday,10.0,Aditi Patel,Bhopal       , Madhya Pradesh,462001,2Aditi@gmail.com,896750475,Levi's Denim Jeans,Clothing,3499,,,,
2023-09-23,2,0,P004,2,64999,129998,0,0.0,129998.0,12999.8,3089,2023,3,September,Saturday,10.0,Aditi Patel,Bhopal       , Madhya Pradesh,462001,2Aditi@gmail.com,896750475,HP Pavilion Laptop,Electronics,64999,,,,
2020-12-12,2,0,P020,2,12999,25998,0,0.0,25998.0,2599.8,3285,2020,4,December,Saturday,10.0,Aditi Patel,Bhopal       , Madhya Pradesh,462001,2Aditi@gmail.com,896750475,Fossil Smartwatch,Accessories,12999,,,,
2023-08-01,2,0,P008,2,5499,10998,0,0.0,10998.0,1099.8,1285,2023,3,August,Tuesday,10.0,Aditi Patel,Bhopal       , Madhya Pradesh,462001,2Aditi@gmail.com,896750475,Puma Sports Shoes,Footwear,5499,,,,
2023-06-25,2,0,P026,2,5499,10998,0,0.0,10998.0,1099.8,3295,2023,2,June,Sunday,10.0,Aditi Patel,Bhopal       , Madhya Pradesh,462001,2Aditi@gmail.com,896750475,Wildcraft Hiking Bag,Bags,5499,,,,
2023-01-23,2,0,P028,1,349,349,0,0.0,349.0,34.9,177,2023,1,January,Monday,10.0,Aditi Patel,Bhopal       , Madhya Pradesh,462001,2Aditi@gmail.com,896750475,Dove Soap Pack,Personal Care,349,,,,
2022-11-24,2,0,P010,1,2199,2199,0,0.0,2199.0,219.9,230,2022,4,November,Thursday,10.0,Aditi Patel,Bhopal       , Madhya Pradesh,462001,2Aditi@gmail.com,896750475,Zara Casual Shirt,Clothing,2199,,,,
2020-10-09,2,0,P028,1,349,349,0,0.0,349.0,34.9,693,2020,4,October,Friday,10.0,Aditi Patel,Bhopal       , Madhya Pradesh,462001,2Aditi@gmail.com,896750475,Dove Soap Pack,Personal Care,349,,,,
2022-01-02,2,0,P012,1,2999,2999,0,0.0,2999.0,299.9,771,2022,1,January,Sunday,10.0,Aditi Patel,Bhopal       , Madhya Pradesh,462001,2Aditi@gmail.com,896750475,FabIndia Kurta,Clothing,2999,,,,
2022-07-19,2,0,P012,1,2999,2999,0,0.0,2999.0,299.9,791,2022,3,July,Tuesday,10.0,Aditi Patel,Bhopal       , Madhya Pradesh,462001,2Aditi@gmail.com,896750475,FabIndia Kurta,Clothing,2999,,,,
2023-09-20,2,0,P006,1,7499,7499,0,0.0,7499.0,749.9,1110,2023,3,September,Wednesday,10.0,Aditi Patel,Bhopal       , Madhya Pradesh,462001,2Aditi@gmail.com,896750475,Nike Running Shoes,Footwear,7499,,,,
2020-12-15,2,0,P020,1,12999,12999,0,0.0,12999.0,1299.9,1278,2020,4,December,Tuesday,10.0,Aditi Patel,Bhopal       , Madhya Pradesh,462001,2Aditi@gmail.com,896750475,Fossil Smartwatch,Accessories,12999,,,,
2021-08-31,2,0,P006,1,7499,7499,0,0.0,7499.0,749.9,1515,2021,3,August,Tuesday,10.0,Aditi Patel,Bhopal       , Madhya Pradesh,462001,2Aditi@gmail.com,896750475,Nike Running Shoes,Footwear,7499,,,,
2022-12-07,2,0,P008,1,5499,5499,0,0.0,5499.0,549.9,1576,2022,4,December,Wednesday,10.0,Aditi Patel,Bhopal       , Madhya Pradesh,462001,2Aditi@gmail.com,896750475,Puma Sports Shoes,Footwear,5499,,,,
2023-01-11,2,0,P027,1,699,699,0,0.0,699.0,69.9,1620,2023,1,January,Wednesday,10.0,Aditi Patel,Bhopal       , Madhya Pradesh,462001,2Aditi@gmail.com,896750475,L'Oreal Shampoo,Personal Care,699,,,,
2020-06-23,2,0,P013,1,15999,15999,0,0.0,15999.0,1599.9,1864,2020,2,June,Tuesday,10.0,Aditi Patel,Bhopal       , Madhya Pradesh,462001,2Aditi@gmail.com,896750475,Raymond Suit,Clothing,15999,,,,
2021-12-19,2,0,P009,1,3499,3499,0,0.0,3499.0,349.9,2224,2021,4,December,Sunday,10.0,Aditi Patel,Bhopal       , Madhya Pradesh,462001,2Aditi@gmail.com,896750475,Levi's Denim Jeans,Clothing,3499,,,,
2022-06-25,2,0,P002,1,69999,69999,0,0.0,69999.0,6999.9,2455,2022,2,June,Saturday,10.0,Aditi Patel,Bhopal       , Madhya Pradesh,462001,2Aditi@gmail.com,896750475,Samsung Galaxy S21,Electronics,69999,,,,
2021-06-21,2,0,P012,1,2999,2999,0,0.0,2999.0,299.9,2865,2021,2,June,Monday,10.0,Aditi Patel,Bhopal       , Madhya Pradesh,462001,2Aditi@gmail.com,896750475,FabIndia Kurta,Clothing,2999,,,,
2021-01-27,2,0,P003,1,89999,89999,0,0.0,89999.0,8999.9,2886,2021,1,January,Wednesday,10.0,Aditi Patel,Bhopal       , Madhya Pradesh,462001,2Aditi@gmail.com,896750475,"Sony Bravia 55"" TV",Electronics,89999,,,,
2020-11-19,2,0,P004,1,64999,64999,0,0.0,64999.0,6499.9,2926,2020,4,November,Thursday,10.0,Aditi Patel,Bhopal       , Madhya Pradesh,462001,2Aditi@gmail.com,896750475,HP Pavilion Laptop,Electronics,64999,,,,
2022-03-29,2,0,P001,1,79999,79999,0,0.0,79999.0,7999.9,3092,2022,1,March,Tuesday,10.0,Aditi Patel,Bhopal       , Madhya Pradesh,462001,2Aditi@gmail.com,896750475,Apple iPhone 14,Electronics,79999,,,,
2022-12-28,2,0,P011,1,1499,1499,0,0.0,1499.0,149.9,3188,2022,4,December,Wednesday,10.0,Aditi Patel,Bhopal       , Madhya Pradesh,462001,2Aditi@gmail.com,896750475,H&M T-Shirt,Clothing,1499,,,,
2020-05-26,2,PR001,P012,2,2999,5998,20,1199.6,4798.4,479.84,373,2020,2,May,Tuesday,10.0,Aditi Patel,Bhopal       , Madhya Pradesh,462001,2Aditi@gmail.com,896750475,FabIndia Kurta,Clothing,2999,Summer Sale,Email,SUMMER21,20% off
2023-05-20,2,PR001,P024,2,2799,5598,20,1119.6,4478.4,447.84,1096,2023,2,May,Saturday,10.0,Aditi Patel,Bhopal       , Madhya Pradesh,462001,2Aditi@gmail.com,896750475,Puma Backpack,Bags,2799,Summer Sale,Email,SUMMER21,20% off
2020-04-07,2,PR001,P002,2,69999,139998,20,27999.6,111998.4,11199.84,1190,2020,2,April,Tuesday,10.0,Aditi Patel,Bhopal       , Madhya Pradesh,462001,2Aditi@gmail.com,896750475,Samsung Galaxy S21,Electronics,69999,Summer Sale,Email,SUMMER21,20% off
2020-05-31,2,PR001,P020,2,12999,25998,20,5199.6,20798.4,2079.84,3048,2020,2,May,Sunday,10.0,Aditi Patel,Bhopal       , Madhya Pradesh,462001,2Aditi@gmail.com,896750475,Fossil Smartwatch,Accessories,12999,Summer Sale,Email,SUMMER21,20% off
2023-04-02,2,PR001,P020,3,12999,38997,20,7799.4,31197.6,3119.76,927,2023,2,April,Sunday,10.0,Aditi Patel,Bhopal       , Madhya Pradesh,462001,2Aditi@gmail.com,896750475,Fossil Smartwatch,Accessories,12999,Summer Sale,Email,SUMMER21,20% off
2023-05-06,2,PR001,P004,3,64999,194997,20,38999.4,155997.6,15599.76,1262,2023,2,May,Saturday,10.0,Aditi Patel,Bhopal       , Madhya Pradesh,462001,2Aditi@gmail.com,896750475,HP Pavilion Laptop,Electronics,64999,Summer Sale,Email,SUMMER21,20% off
2020-04-24,2,PR001,P024,3,2799,8397,20,1679.4,6717.6,671.76,1339,2020,2,April,Friday,10.0,Aditi Patel,Bhopal       , Madhya Pradesh,462001,2Aditi@gmail.com,896750475,Puma Backpack,Bags,2799,Summer Sale,Email,SUMMER21,20% off
2022-05-11,2,PR001,P003,3,89999,269997,20,53999.4,215997.6,21599.76,2182,2022,2,May,Wednesday,10.0,Aditi Patel,Bhopal       , Madhya Pradesh,462001,2Aditi@gmail.com,896750475,"Sony Bravia 55"" TV",Electronics,89999,Summer Sale,Email,SUMMER21,20% off
2023-04-02,2,PR001,P013,3,15999,47997,20,9599.4,38397.6,3839.76,2970,2023,2,April,Sunday,10.0,Aditi Patel,Bhopal       , Madhya Pradesh,462001,2Aditi@gmail.com,896750475,Raymond Suit,Clothing,15999,Summer Sale,Email,SUMMER21,20% off
2022-05-03,2,PR001,P013,3,15999,47997,20,9599.4,38397.6,3839.76,2979,2022,2,May,Tuesday,10.0,Aditi Patel,Bhopal       , Madhya Pradesh,462001,2Aditi@gmail.com,896750475,Raymond Suit,Clothing,15999,Summer Sale,Email,SUMMER21,20% off
2022-04-06,2,PR001,P030,1,399,399,20,79.8,319.2,31.92,1268,2022,2,April,Wednesday,10.0,Aditi Patel,Bhopal       , Madhya Pradesh,462001,2Aditi@gmail.com,896750475,Nivea Body Lotion,Personal Care,399,Summer Sale,Email,SUMMER21,20% off
2023-12-31,2,PR005,P030,1,399,399,70,279.3,119.7,11.97,72,2023,4,December,Sunday,10.0,Aditi Patel,Bhopal       , Madhya Pradesh,462001,2Aditi@gmail.com,896750475,Nivea Body Lotion,Personal Care,399,Clearance Sale,In-App,CLEARANCE23,70% off
2023-12-31,2,PR005,P016,2,24999,49998,70,34998.6,14999.4,1499.94,86,2023,4,December,Sunday,10.0,Aditi Patel,Bhopal       , Madhya Pradesh,462001,2Aditi@gmail.com,896750475,LG Washing Machine,Home Appliances,24999,Clearance Sale,In-App,CLEARANCE23,70% off
2023-12-22,2,PR005,P028,3,349,1047,70,732.9,314.1,31.41,1214,2023,4,December,Friday,10.0,Aditi Patel,Bhopal       , Madhya Pradesh,462001,2Aditi@gmail.com,896750475,Dove Soap Pack,Personal Care,349,Clearance Sale,In-App,CLEARANCE23,70% off
2023-12-21,2,PR005,P029,1,99,99,70,69.3,29.7,2.97,1423,2023,4,December,Thursday,10.0,Aditi Patel,Bhopal       , Madhya Pradesh,462001,2Aditi@gmail.com,896750475,Colgate Toothpaste,Personal Care,99,Clearance Sale,In-App,CLEARANCE23,70% off
2023-12-19,2,PR005,P020,3,12999,38997,70,27297.9,11699.1,1169.91,1814,2023,4,December,Tuesday,10.0,Aditi Patel,Bhopal       , Madhya Pradesh,462001,2Aditi@gmail.com,896750475,Fossil Smartwatch,Accessories,12999,Clearance Sale,In-App,CLEARANCE23,70% off
2021-01-20,20,0,P008,2,5499,10998,0,0.0,10998.0,1099.8,849,2021,1,January,Wednesday,10.0,Krishnan Menon,Chennai      , Tamil Nadu    ,600001,20Krishnan@gmail.com,983313579,Puma Sports Shoes,Footwear,5499,,,,
2020-06-20,20,0,P012,3,2999,8997,0,0.0,8997.0,899.7,181,2020,2,June,Saturday,10.0,Krishnan Menon,Chennai      , Tamil Nadu    ,600001,20Krishnan@gmail.com,983313579,FabIndia Kurta,Clothing,2999,,,,
2021-01-22,20,0,P020,3,12999,38997,0,0.0,38997.0,3899.7,195,2021,1,January,Friday,10.0,Krishnan Menon,Chennai      , Tamil Nadu    ,600001,20Krishnan@gmail.com,983313579,Fossil Smartwatch,Accessories,12999,,,,
2021-03-05,20,0,P020,3,12999,38997,0,0.0,38997.0,3899.7,406,2021,1,March,Friday,10.0,Krishnan Menon,Chennai      , Tamil Nadu    ,600001,20Krishnan@gmail.com,983313579,Fossil Smartwatch,Accessories,12999,,,,
2020-03-07,20,0,P027,3,699,2097,0,0.0,2097.0,209.7,417,2020,1,March,Saturday,10.0,Krishnan Menon,Chennai      , Tamil Nadu    ,600001,20Krishnan@gmail.com,983313579,L'Oreal Shampoo,Personal Care,699,,,,
2022-11-06,20,0,P014,3,4999,14997,0,0.0,14997.0,1499.7,448,2022,4,November,Sunday,10.0,Krishnan Menon,Chennai      , Tamil Nadu    ,600001,20Krishnan@gmail.com,983313579,Bajaj Mixer Grinder,Home Appliances,4999,,,,
2021-12-17,20,0,P007,3,6999,20997,0,0.0,20997.0,2099.7,1197,2021,4,December,Friday,10.0,Krishnan Menon,Chennai      , Tamil Nadu    ,600001,20Krishnan@gmail.com,983313579,Adidas Sneakers,Footwear,6999,,,,
2020-11-24,20,0,P010,3,2199,6597,0,0.0,6597.0,659.7,1715,2020,4,November,Tuesday,10.0,Krishnan Menon,Chennai      , Tamil Nadu    ,600001,20Krishnan@gmail.com,983313579,Zara Casual Shirt,Clothing,2199,,,,
2022-06-04,20,0,P001,3,79999,239997,0,0.0,239997.0,23999.7,1736,2022,2,June,Saturday,10.0,Krishnan Menon,Chennai      , Tamil Nadu    ,600001,20Krishnan@gmail.com,983313579,Apple iPhone 14,Electronics,79999,,,,
2022-07-19,20,0,P027,3,699,2097,0,0.0,2097.0,209.7,1767,2022,3,July,Tuesday,10.0,Krishnan Menon,Chennai      , Tamil Nadu    ,600001,20Krishnan@gmail.com,983313579,L'Oreal Shampoo,Personal Care,699,,,,
2021-01-01,20,0,P010,3,2199,6597,0,0.0,6597.0,659.7,1854,2021,1,January,Friday,10.0,Krishnan Menon,Chennai      , Tamil Nadu    ,600001,20Krishnan@gmail.com,983313579,Zara Casual Shirt,Clothing,2199,,,,
2021-09-28,20,0,P020,3,12999,38997,0,0.0,38997.0,3899.7,1876,2021,3,September,Tuesday,10.0,Krishnan Menon,Chennai      , Tamil Nadu    ,600001,20Krishnan@gmail.com,983313579,Fossil Smartwatch,Accessories,12999,,,,
2022-11-22,20,0,P001,3,79999,239997,0,0.0,239997.0,23999.7,1907,2022,4,November,Tuesday,10.0,Krishnan Menon,Chennai      , Tamil Nadu    ,600001,20Krishnan@gmail.com,983313579,Apple iPhone 14,Electronics,79999,,,,
2022-01-31,20,0,P007,3,6999,20997,0,0.0,20997.0,2099.7,2140,2022,1,January,Monday,10.0,Krishnan Menon,Chennai      , Tamil Nadu    ,600001,20Krishnan@gmail.com,983313579,Adidas Sneakers,Footwear,6999,,,,
2021-08-02,20,0,P013,3,15999,47997,0,0.0,47997.0,4799.7,2291,2021,3,August,Monday,10.0,Krishnan Menon,Chennai      , Tamil Nadu    ,600001,20Krishnan@gmail.com,983313579,Raymond Suit,Clothing,15999,,,,
2021-01-03,20,0,P024,3,2799,8397,0,0.0,8397.0,839.7,2424,2021,1,January,Sunday,10.0,Krishnan Menon,Chennai      , Tamil Nadu    ,600001,20Krishnan@gmail.com,983313579,Puma Backpack,Bags,2799,,,,
2023-03-14,20,0,P010,3,2199,6597,0,0.0,6597.0,659.7,2779,2023,1,March,Tuesday,10.0,Krishnan Menon,Chennai      , Tamil Nadu    ,600001,20Krishnan@gmail.com,983313579,Zara Casual Shirt,Clothing,2199,,,,
2022-12-10,20,0,P001,3,79999,239997,0,0.0,239997.0,23999.7,3113,2022,4,December,Saturday,10.0,Krishnan Menon,Chennai      , Tamil Nadu    ,600001,20Krishnan@gmail.com,983313579,Apple iPhone 14,Electronics,79999,,,,
2022-03-03,20,0,P010,2,2199,4398,0,0.0,4398.0,439.8,102,2022,1,March,Thursday,10.0,Krishnan Menon,Chennai      , Tamil Nadu    ,600001,20Krishnan@gmail.com,983313579,Zara Casual Shirt,Clothing,2199,,,,
2022-12-05,20,0,P011,2,1499,2998,0,0.0,2998.0,299.8,251,2022,4,December,Monday,10.0,Krishnan Menon,Chennai      , Tamil Nadu    ,600001,20Krishnan@gmail.com,983313579,H&M T-Shirt,Clothing,1499,,,,
2023-06-07,20,0,P019,2,5999,11998,0,0.0,11998.0,1199.8,367,2023,2,June,Wednesday,10.0,Krishnan Menon,Chennai      , Tamil Nadu    ,600001,20Krishnan@gmail.com,983313579,Titan Wrist Watch,Accessories,5999,,,,
2021-06-29,20,0,P027,2,699,1398,0,0.0,1398.0,139.8,774,2021,2,June,Tuesday,10.0,Krishnan Menon,Chennai      , Tamil Nadu    ,600001,20Krishnan@gmail.com,983313579,L'Oreal Shampoo,Personal Care,699,,,,
2023-01-07,20,0,P023,2,1499,2998,0,0.0,2998.0,299.8,797,2023,1,January,Saturday,10.0,Krishnan Menon,Chennai      , Tamil Nadu    ,600001,20Krishnan@gmail.com,983313579,Milton Thermos Flask,Kitchenware,1499,,,,
2022-01-03,20,0,P006,2,7499,14998,0,0.0,14998.0,1499.8,1007,2022,1,January,Monday,10.0,Krishnan Menon,Chennai      , Tamil Nadu    ,600001,20Krishnan@gmail.com,983313579,Nike Running Shoes,Footwear,7499,,,,
2022-12-01,20,0,P026,3,5499,16497,0,0.0,16497.0,1649.7,1840,2022,4,December,Thursday,10.0,Krishnan Menon,Chennai      , Tamil Nadu    ,600001,20Krishnan@gmail.com,983313579,Wildcraft Hiking Bag,Bags,5499,,,,
2022-12-28,20,0,P009,2,3499,6998,0,0.0,6998.0,699.8,1047,2022,4,December,Wednesday,10.0,Krishnan Menon,Chennai      , Tamil Nadu    ,600001,20Krishnan@gmail.com,983313579,Levi's Denim Jeans,Clothing,3499,,,,
2022-10-15,20,0,P002,2,69999,139998,0,0.0,139998.0,13999.8,1404,2022,4,October,Saturday,10.0,Krishnan Menon,Chennai      , Tamil Nadu    ,600001,20Krishnan@gmail.com,983313579,Samsung Galaxy S21,Electronics,69999,,,,
2021-12-31,20,0,P001,2,79999,159998,0,0.0,159998.0,15999.8,1544,2021,4,December,Friday,10.0,Krishnan Menon,Chennai      , Tamil Nadu    ,600001,20Krishnan@gmail.com,983313579,Apple iPhone 14,Electronics,79999,,,,
2023-08-19,20,0,P018,2,2299,4598,0,0.0,4598.0,459.8,1968,2023,3,August,Saturday,10.0,Krishnan Menon,Chennai      , Tamil Nadu    ,600001,20Krishnan@gmail.com,983313579,Prestige Pressure Cooker,Home Appliances,2299,,,,
2022-06-06,20,0,P025,2,8999,17998,0,0.0,17998.0,1799.8,2145,2022,2,June,Monday,10.0,Krishnan Menon,Chennai      , Tamil Nadu    ,600001,20Krishnan@gmail.com,983313579,American Tourister Suitcase,Bags,8999,,,,
2021-03-29,20,0,P002,2,69999,139998,0,0.0,139998.0,13999.8,2350,2021,1,March,Monday,10.0,Krishnan Menon,Chennai      , Tamil Nadu    ,600001,20Krishnan@gmail.com,983313579,Samsung Galaxy S21,Electronics,69999,,,,
2020-06-22,20,0,P013,2,15999,31998,0,0.0,31998.0,3199.8,2433,2020,2,June,Monday,10.0,Krishnan Menon,Chennai      , Tamil Nadu    ,600001,20Krishnan@gmail.com,983313579,Raymond Suit,Clothing,15999,,,,
2022-07-26,20,0,P010,2,2199,4398,0,0.0,4398.0,439.8,2523,2022,3,July,Tuesday,10.0,Krishnan Menon,Chennai      , Tamil Nadu    ,600001,20Krishnan@gmail.com,983313579,Zara Casual Shirt,Clothing,2199,,,,
2021-07-07,20,0,P019,2,5999,11998,0,0.0,11998.0,1199.8,2601,2021,3,July,Wednesday,10.0,Krishnan Menon,Chennai      , Tamil Nadu    ,600001,20Krishnan@gmail.com,983313579,Titan Wrist Watch,Accessories,5999,,,,
2022-12-03,20,0,P016,2,24999,49998,0,0.0,49998.0,4999.8,2956,2022,4,December,Saturday,10.0,Krishnan Menon,Chennai      , Tamil Nadu    ,600001,20Krishnan@gmail.com,983313579,LG Washing Machine,Home Appliances,24999,,,,
2023-09-21,20,0,P020,2,12999,25998,0,0.0,25998.0,2599.8,3486,2023,3,September,Thursday,10.0,Krishnan Menon,Chennai      , Tamil Nadu    ,600001,20Krishnan@gmail.com,983313579,Fossil Smartwatch,Accessories,12999,,,,
2022-02-24,20,0,P013,3,15999,47997,0,0.0,47997.0,4799.7,35,2022,1,February,Thursday,10.0,Krishnan Menon,Chennai      , Tamil Nadu    ,600001,20Krishnan@gmail.com,983313579,Raymond Suit,Clothing,15999,,,,
2022-01-21,20,0,P008,2,5499,10998,0,0.0,10998.0,1099.8,2031,2022,1,January,Friday,10.0,Krishnan Menon,Chennai      , Tamil Nadu    ,600001,20Krishnan@gmail.com,983313579,Puma Sports Shoes,Footwear,5499,,,,
2020-10-09,20,0,P008,2,5499,10998,0,0.0,10998.0,1099.8,3120,2020,4,October,Friday,10.0,Krishnan Menon,Chennai      , Tamil Nadu    ,600001,20Krishnan@gmail.com,983313579,Puma Sports Shoes,Footwear,5499,,,,
2021-07-02,20,0,P017,1,10499,10499,0,0.0,10499.0,1049.9,318,2021,3,July,Friday,10.0,Krishnan Menon,Chennai      , Tamil Nadu    ,600001,20Krishnan@gmail.com,983313579,IFB Microwave Oven,Home Appliances,10499,,,,
2020-11-16,20,0,P028,1,349,349,0,0.0,349.0,34.9,764,2020,4,November,Monday,10.0,Krishnan Menon,Chennai      , Tamil Nadu    ,600001,20Krishnan@gmail.com,983313579,Dove Soap Pack,Personal Care,349,,,,
2023-10-24,20,0,P011,1,1499,1499,0,0.0,1499.0,149.9,825,2023,4,October,Tuesday,10.0,Krishnan Menon,Chennai      , Tamil Nadu    ,600001,20Krishnan@gmail.com,983313579,H&M T-Shirt,Clothing,1499,,,,
2020-06-14,20,0,P019,1,5999,5999,0,0.0,5999.0,599.9,865,2020,2,June,Sunday,10.0,Krishnan Menon,Chennai      , Tamil Nadu    ,600001,20Krishnan@gmail.com,983313579,Titan Wrist Watch,Accessories,5999,,,,
2023-02-24,20,0,P007,1,6999,6999,0,0.0,6999.0,699.9,937,2023,1,February,Friday,10.0,Krishnan Menon,Chennai      , Tamil Nadu    ,600001,20Krishnan@gmail.com,983313579,Adidas Sneakers,Footwear,6999,,,,
2020-10-15,20,0,P001,1,79999,79999,0,0.0,79999.0,7999.9,984,2020,4,October,Thursday,10.0,Krishnan Menon,Chennai      , Tamil Nadu    ,600001,20Krishnan@gmail.com,983313579,Apple iPhone 14,Electronics,79999,,,,
2021-08-31,20,0,P018,1,2299,2299,0,0.0,2299.0,229.9,1250,2021,3,August,Tuesday,10.0,Krishnan Menon,Chennai      , Tamil Nadu    ,600001,20Krishnan@gmail.com,983313579,Prestige Pressure Cooker,Home Appliances,2299,,,,
2023-06-04,20,0,P024,1,2799,2799,0,0.0,2799.0,279.9,1443,2023,2,June,Sunday,10.0,Krishnan Menon,Chennai      , Tamil Nadu    ,600001,20Krishnan@gmail.com,983313579,Puma Backpack,Bags,2799,,,,
2022-11-24,20,0,P005,1,92499,92499,0,0.0,92499.0,9249.9,1448,2022,4,November,Thursday,10.0,Krishnan Menon,Chennai      , Tamil Nadu    ,600001,20Krishnan@gmail.com,983313579,Apple MacBook Air,Electronics,92499,,,,
2020-03-13,20,0,P017,1,10499,10499,0,0.0,10499.0,1049.9,1577,2020,1,March,Friday,10.0,Krishnan Menon,Chennai      , Tamil Nadu    ,600001,20Krishnan@gmail.com,983313579,IFB Microwave Oven,Home Appliances,10499,,,,
2022-02-23,20,0,P017,1,10499,10499,0,0.0,10499.0,1049.9,2306,2022,1,February,Wednesday,10.0,Krishnan Menon,Chennai      , Tamil Nadu    ,600001,20Krishnan@gmail.com,983313579,IFB Microwave Oven,Home Appliances,10499,,,,
2023-06-21,20,0,P009,1,3499,3499,0,0.0,3499.0,349.9,3334,2023,2,June,Wednesday,10.0,Krishnan Menon,Chennai      , Tamil Nadu    ,600001,20Krishnan@gmail.com,983313579,Levi's Denim Jeans,Clothing,3499,,,,
2020-07-01,20,0,P021,1,1299,1299,0,0.0,1299.0,129.9,3493,2020,3,July,Wednesday,10.0,Krishnan Menon,Chennai      , Tamil Nadu    ,600001,20Krishnan@gmail.com,983313579,Tupperware Lunch Box,Kitchenware,1299,,,,
2021-05-20,20,PR001,P007,2,6999,13998,20,2799.6,11198.4,1119.84,611,2021,2,May,Thursday,10.0,Krishnan Menon,Chennai      , Tamil Nadu    ,600001,20Krishnan@gmail.com,983313579,Adidas Sneakers,Footwear,6999,Summer Sale,Email,SUMMER21,20% off
2022-04-13,20,PR001,P028,2,349,698,20,139.6,558.4,55.84,1122,2022,2,April,Wednesday,10.0,Krishnan Menon,Chennai      , Tamil Nadu    ,600001,20Krishnan@gmail.com,983313579,Dove Soap Pack,Personal Care,349,Summer Sale,Email,SUMMER21,20% off
2020-04-22,20,PR001,P001,2,79999,159998,20,31999.6,127998.4,12799.84,1365,2020,2,April,Wednesday,10.0,Krishnan Menon,Chennai      , Tamil Nadu    ,600001,20Krishnan@gmail.com,983313579,Apple iPhone 14,Electronics,79999,Summer Sale,Email,SUMMER21,20% off
2021-05-12,20,PR001,P007,2,6999,13998,20,2799.6,11198.4,1119.84,1375,2021,2,May,Wednesday,10.0,Krishnan Menon,Chennai      , Tamil Nadu    ,600001,20Krishnan@gmail.com,983313579,Adidas Sneakers,Footwear,6999,Summer Sale,Email,SUMMER21,20% off
2022-05-18,20,PR001,P013,2,15999,31998,20,6399.6,25598.4,2559.84,1499,2022,2,May,Wednesday,10.0,Krishnan Menon,Chennai      , Tamil Nadu    ,600001,20Krishnan@gmail.com,983313579,Raymond Suit,Clothing,15999,Summer Sale,Email,SUMMER21,20% off
2020-05-07,20,PR001,P023,3,1499,4497,20,899.4,3597.6,359.76,71,2020,2,May,Thursday,10.0,Krishnan Menon,Chennai      , Tamil Nadu    ,600001,20Krishnan@gmail.com,983313579,Milton Thermos Flask,Kitchenware,1499,Summer Sale,Email,SUMMER21,20% off
2020-05-06,20,PR001,P025,3,8999,26997,20,5399.4,21597.6,2159.76,1241,2020,2,May,Wednesday,10.000000000000002,Krishnan Menon,Chennai      , Tamil Nadu    ,600001,20Krishnan@gmail.com,983313579,American Tourister Suitcase,Bags,8999,Summer Sale,Email,SUMMER21,20% off
2022-04-20,20,PR001,P007,3,6999,20997,20,4199.4,16797.6,1679.76,1657,2022,2,April,Wednesday,10.0,Krishnan Menon,Chennai      , Tamil Nadu    ,600001,20Krishnan@gmail.com,983313579,Adidas Sneakers,Footwear,6999,Summer Sale,Email,SUMMER21,20% off
2022-04-01,20,PR001,P017,3,10499,31497,20,6299.4,25197.6,2519.76,1694,2022,2,April,Friday,10.000000000000002,Krishnan Menon,Chennai      , Tamil Nadu    ,600001,20Krishnan@gmail.com,983313579,IFB Microwave Oven,Home Appliances,10499,Summer Sale,Email,SUMMER21,20% off
2023-05-28,20,PR001,P013,3,15999,47997,20,9599.4,38397.6,3839.76,1874,2023,2,May,Sunday,10.0,Krishnan Menon,Chennai      , Tamil Nadu    ,600001,20Krishnan@gmail.com,983313579,Raymond Suit,Clothing,15999,Summer Sale,Email,SUMMER21,20% off
2020-04-26,20,PR001,P022,3,1999,5997,20,1199.4,4797.6,479.76,1906,2020,2,April,Sunday,10.0,Krishnan Menon,Chennai      , Tamil Nadu    ,600001,20Krishnan@gmail.com,983313579,Borosil Glass Set,Kitchenware,1999,Summer Sale,Email,SUMMER21,20% off
2021-04-26,20,PR001,P009,3,3499,10497,20,2099.4,8397.6,839.76,2071,2021,2,April,Monday,10.0,Krishnan Menon,Chennai      , Tamil Nadu    ,600001,20Krishnan@gmail.com,983313579,Levi's Denim Jeans,Clothing,3499,Summer Sale,Email,SUMMER21,20% off
2020-05-20,20,PR001,P009,3,3499,10497,20,2099.4,8397.6,839.76,2587,2020,2,May,Wednesday,10.0,Krishnan Menon,Chennai      , Tamil Nadu    ,600001,20Krishnan@gmail.com,983313579,Levi's Denim Jeans,Clothing,3499,Summer Sale,Email,SUMMER21,20% off
2022-05-06,20,PR001,P006,3,7499,22497,20,4499.4,17997.6,1799.76,3480,2022,2,May,Friday,10.0,Krishnan Menon,Chennai      , Tamil Nadu    ,600001,20Krishnan@gmail.com,983313579,Nike Running Shoes,Footwear,7499,Summer Sale,Email,SUMMER21,20% off
2022-05-29,20,PR001,P010,1,2199,2199,20,439.8,1759.2,175.92,307,2022,2,May,Sunday,10.0,Krishnan Menon,Chennai      , Tamil Nadu    ,600001,20Krishnan@gmail.com,983313579,Zara Casual Shirt,Clothing,2199,Summer Sale,Email,SUMMER21,20% off
2020-05-19,20,PR001,P013,1,15999,15999,20,3199.8,12799.2,1279.92,957,2020,2,May,Tuesday,10.0,Krishnan Menon,Chennai      , Tamil Nadu    ,600001,20Krishnan@gmail.com,983313579,Raymond Suit,Clothing,15999,Summer Sale,Email,SUMMER21,20% off
2023-05-25,20,PR001,P016,1,24999,24999,20,4999.8,19999.2,1999.92,1439,2023,2,May,Thursday,10.0,Krishnan Menon,Chennai      , Tamil Nadu    ,600001,20Krishnan@gmail.com,983313579,LG Washing Machine,Home Appliances,24999,Summer Sale,Email,SUMMER21,20% off
2023-07-22,20,PR004,P029,2,99,198,50,99.0,99.0,9.9,73,2023,3,July,Saturday,10.0,Krishnan Menon,Chennai      , Tamil Nadu    ,600001,20Krishnan@gmail.com,983313579,Colgate Toothpaste,Personal Care,99,Weekend Flash Sale,Mobile Push,FLASH50,50% off
2022-10-24,20,PR002,P023,1,1499,1499,10,149.9,1349.1,134.91,881,2022,4,October,Monday,10.0,Krishnan Menon,Chennai      , Tamil Nadu    ,600001,20Krishnan@gmail.com,983313579,Milton Thermos Flask,Kitchenware,1499,Festive Diwali,Social Media,FESTIVE2022,10% off
2023-12-23,20,PR005,P006,2,7499,14998,70,10498.6,4499.4,449.94,1154,2023,4,December,Saturday,10.0,Krishnan Menon,Chennai      , Tamil Nadu    ,600001,20Krishnan@gmail.com,983313579,Nike Running Shoes,Footwear,7499,Clearance Sale,In-App,CLEARANCE23,70% off
2020-02-08,21,0,P016,2,24999,49998,0,0.0,49998.0,4999.8,1311,2020,1,February,Saturday,10.0,Lavanya Jain,Indore       , Madhya Pradesh,452001,21Lavanya@gmail.com,909364909,LG Washing Machine,Home Appliances,24999,,,,
2023-10-12,21,0,P011,3,1499,4497,0,0.0,4497.0,449.7,1718,2023,4,October,Thursday,10.0,Lavanya Jain,Indore       , Madhya Pradesh,452001,21Lavanya@gmail.com,909364909,H&M T-Shirt,Clothing,1499,,,,
2023-08-24,21,0,P026,3,5499,16497,0,0.0,16497.0,1649.7,1219,2023,3,August,Thursday,10.0,Lavanya Jain,Indore       , Madhya Pradesh,452001,21Lavanya@gmail.com,909364909,Wildcraft Hiking Bag,Bags,5499,,,,
2023-02-17,21,0,P002,3,69999,209997,0,0.0,209997.0,20999.7,342,2023,1,February,Friday,10.0,Lavanya Jain,Indore       , Madhya Pradesh,452001,21Lavanya@gmail.com,909364909,Samsung Galaxy S21,Electronics,69999,,,,
2020-08-21,21,0,P019,3,5999,17997,0,0.0,17997.0,1799.7,597,2020,3,August,Friday,10.0,Lavanya Jain,Indore       , Madhya Pradesh,452001,21Lavanya@gmail.com,909364909,Titan Wrist Watch,Accessories,5999,,,,
2021-10-01,21,0,P028,3,349,1047,0,0.0,1047.0,104.7,617,2021,4,October,Friday,10.0,Lavanya Jain,Indore       , Madhya Pradesh,452001,21Lavanya@gmail.com,909364909,Dove Soap Pack,Personal Care,349,,,,
2023-10-01,21,0,P028,3,349,1047,0,0.0,1047.0,104.7,946,2023,4,October,Sunday,10.0,Lavanya Jain,Indore       , Madhya Pradesh,452001,21Lavanya@gmail.com,909364909,Dove Soap Pack,Personal Care,349,,,,
2020-06-07,21,0,P020,3,12999,38997,0,0.0,38997.0,3899.7,1106,2020,2,June,Sunday,10.0,Lavanya Jain,Indore       , Madhya Pradesh,452001,21Lavanya@gmail.com,909364909,Fossil Smartwatch,Accessories,12999,,,,
2023-09-23,21,0,P027,3,699,2097,0,0.0,2097.0,209.7,1350,2023,3,September,Saturday,10.0,Lavanya Jain,Indore       , Madhya Pradesh,452001,21Lavanya@gmail.com,909364909,L'Oreal Shampoo,Personal Care,699,,,,
2020-11-17,21,0,P021,3,1299,3897,0,0.0,3897.0,389.7,1410,2020,4,November,Tuesday,10.0,Lavanya Jain,Indore       , Madhya Pradesh,452001,21Lavanya@gmail.com,909364909,Tupperware Lunch Box,Kitchenware,1299,,,,
2020-10-04,21,0,P018,3,2299,6897,0,0.0,6897.0,689.7,1458,2020,4,October,Sunday,10.0,Lavanya Jain,Indore       , Madhya Pradesh,452001,21Lavanya@gmail.com,909364909,Prestige Pressure Cooker,Home Appliances,2299,,,,
2023-01-03,21,0,P005,3,92499,277497,0,0.0,277497.0,27749.7,1501,2023,1,January,Tuesday,10.0,Lavanya Jain,Indore       , Madhya Pradesh,452001,21Lavanya@gmail.com,909364909,Apple MacBook Air,Electronics,92499,,,,
2022-06-16,21,0,P001,3,79999,239997,0,0.0,239997.0,23999.7,1837,2022,2,June,Thursday,10.0,Lavanya Jain,Indore       , Madhya Pradesh,452001,21Lavanya@gmail.com,909364909,Apple iPhone 14,Electronics,79999,,,,
2023-09-25,21,0,P006,3,7499,22497,0,0.0,22497.0,2249.7,1855,2023,3,September,Monday,10.0,Lavanya Jain,Indore       , Madhya Pradesh,452001,21Lavanya@gmail.com,909364909,Nike Running Shoes,Footwear,7499,,,,
2020-09-07,21,0,P025,3,8999,26997,0,0.0,26997.0,2699.7,2009,2020,3,September,Monday,10.0,Lavanya Jain,Indore       , Madhya Pradesh,452001,21Lavanya@gmail.com,909364909,American Tourister Suitcase,Bags,8999,,,,
2021-06-03,21,0,P029,3,99,297,0,0.0,297.0,29.7,2171,2021,2,June,Thursday,10.0,Lavanya Jain,Indore       , Madhya Pradesh,452001,21Lavanya@gmail.com,909364909,Colgate Toothpaste,Personal Care,99,,,,
2021-09-02,21,0,P004,3,64999,194997,0,0.0,194997.0,19499.7,2268,2021,3,September,Thursday,10.0,Lavanya Jain,Indore       , Madhya Pradesh,452001,21Lavanya@gmail.com,909364909,HP Pavilion Laptop,Electronics,64999,,,,
2020-02-10,21,0,P028,3,349,1047,0,0.0,1047.0,104.7,2285,2020,1,February,Monday,10.0,Lavanya Jain,Indore       , Madhya Pradesh,452001,21Lavanya@gmail.com,909364909,Dove Soap Pack,Personal Care,349,,,,
2020-12-21,21,0,P005,3,92499,277497,0,0.0,277497.0,27749.7,2497,2020,4,December,Monday,10.0,Lavanya Jain,Indore       , Madhya Pradesh,452001,21Lavanya@gmail.com,909364909,Apple MacBook Air,Electronics,92499,,,,
2022-03-08,21,0,P019,3,5999,17997,0,0.0,17997.0,1799.7,2515,2022,1,March,Tuesday,10.0,Lavanya Jain,Indore       , Madhya Pradesh,452001,21Lavanya@gmail.com,909364909,Titan Wrist Watch,Accessories,5999,,,,
2021-09-24,21,0,P003,3,89999,269997,0,0.0,269997.0,26999.7,2831,2021,3,September,Friday,10.0,Lavanya Jain,Indore       , Madhya Pradesh,452001,21Lavanya@gmail.com,909364909,"Sony Bravia 55"" TV",Electronics,89999,,,,
2023-10-17,21,0,P012,3,2999,8997,0,0.0,8997.0,899.7,3072,2023,4,October,Tuesday,10.0,Lavanya Jain,Indore       , Madhya Pradesh,452001,21Lavanya@gmail.com,909364909,FabIndia Kurta,Clothing,2999,,,,
2022-07-21,21,0,P005,3,92499,277497,0,0.0,277497.0,27749.7,3289,2022,3,July,Thursday,10.0,Lavanya Jain,Indore       , Madhya Pradesh,452001,21Lavanya@gmail.com,909364909,Apple MacBook Air,Electronics,92499,,,,
2020-03-22,21,0,P028,2,349,698,0,0.0,698.0,69.8,478,2020,1,March,Sunday,10.0,Lavanya Jain,Indore       , Madhya Pradesh,452001,21Lavanya@gmail.com,909364909,Dove Soap Pack,Personal Care,349,,,,
2021-08-20,21,0,P011,2,1499,2998,0,0.0,2998.0,299.8,1303,2021,3,August,Friday,10.0,Lavanya Jain,Indore       , Madhya Pradesh,452001,21Lavanya@gmail.com,909364909,H&M T-Shirt,Clothing,1499,,,,
2022-10-15,21,0,P028,2,349,698,0,0.0,698.0,69.8,1319,2022,4,October,Saturday,10.0,Lavanya Jain,Indore       , Madhya Pradesh,452001,21Lavanya@gmail.com,909364909,Dove Soap Pack,Personal Care,349,,,,
2023-10-05,21,0,P001,2,79999,159998,0,0.0,159998.0,15999.8,1700,2023,4,October,Thursday,10.0,Lavanya Jain,Indore       , Madhya Pradesh,452001,21Lavanya@gmail.com,909364909,Apple iPhone 14,Electronics,79999,,,,
2021-10-17,21,0,P016,2,24999,49998,0,0.0,49998.0,4999.8,1703,2021,4,October,Sunday,10.0,Lavanya Jain,Indore       , Madhya Pradesh,452001,21Lavanya@gmail.com,909364909,LG Washing Machine,Home Appliances,24999,,,,
2022-03-31,21,0,P013,2,15999,31998,0,0.0,31998.0,3199.8,1722,2022,1,March,Thursday,10.0,Lavanya Jain,Indore       , Madhya Pradesh,452001,21Lavanya@gmail.com,909364909,Raymond Suit,Clothing,15999,,,,
2021-09-20,21,0,P024,2,2799,5598,0,0.0,5598.0,559.8,1748,2021,3,September,Monday,10.0,Lavanya Jain,Indore       , Madhya Pradesh,452001,21Lavanya@gmail.com,909364909,Puma Backpack,Bags,2799,,,,
2020-03-13,21,0,P015,2,8499,16998,0,0.0,16998.0,1699.8,2025,2020,1,March,Friday,10.0,Lavanya Jain,Indore       , Madhya Pradesh,452001,21Lavanya@gmail.com,909364909,Philips Air Fryer,Home Appliances,8499,,,,
2020-09-13,21,0,P014,2,4999,9998,0,0.0,9998.0,999.8,2092,2020,3,September,Sunday,10.0,Lavanya Jain,Indore       , Madhya Pradesh,452001,21Lavanya@gmail.com,909364909,Bajaj Mixer Grinder,Home Appliances,4999,,,,
2022-08-02,21,0,P013,2,15999,31998,0,0.0,31998.0,3199.8,2210,2022,3,August,Tuesday,10.0,Lavanya Jain,Indore       , Madhya Pradesh,452001,21Lavanya@gmail.com,909364909,Raymond Suit,Clothing,15999,,,,
2023-10-26,21,0,P020,2,12999,25998,0,0.0,25998.0,2599.8,2232,2023,4,October,Thursday,10.0,Lavanya Jain,Indore       , Madhya Pradesh,452001,21Lavanya@gmail.com,909364909,Fossil Smartwatch,Accessories,12999,,,,
2021-03-03,21,0,P030,2,399,798,0,0.0,798.0,79.8,2339,2021,1,March,Wednesday,10.0,Lavanya Jain,Indore       , Madhya Pradesh,452001,21Lavanya@gmail.com,909364909,Nivea Body Lotion,Personal Care,399,,,,
2022-10-06,21,0,P022,2,1999,3998,0,0.0,3998.0,399.8,2382,2022,4,October,Thursday,10.0,Lavanya Jain,Indore       , Madhya Pradesh,452001,21Lavanya@gmail.com,909364909,Borosil Glass Set,Kitchenware,1999,,,,
2022-08-27,21,0,P016,2,24999,49998,0,0.0,49998.0,4999.8,2594,2022,3,August,Saturday,10.0,Lavanya Jain,Indore       , Madhya Pradesh,452001,21Lavanya@gmail.com,909364909,LG Washing Machine,Home Appliances,24999,,,,
2023-01-25,21,0,P016,2,24999,49998,0,0.0,49998.0,4999.8,2835,2023,1,January,Wednesday,10.0,Lavanya Jain,Indore       , Madhya Pradesh,452001,21Lavanya@gmail.com,909364909,LG Washing Machine,Home Appliances,24999,,,,
2021-12-22,21,0,P018,2,2299,4598,0,0.0,4598.0,459.8,3323,2021,4,December,Wednesday,10.0,Lavanya Jain,Indore       , Madhya Pradesh,452001,21Lavanya@gmail.com,909364909,Prestige Pressure Cooker,Home Appliances,2299,,,,
2022-03-24,21,0,P026,2,5499,10998,0,0.0,10998.0,1099.8,685,2022,1,March,Thursday,10.0,Lavanya Jain,Indore       , Madhya Pradesh,452001,21Lavanya@gmail.com,909364909,Wildcraft Hiking Bag,Bags,5499,,,,
2021-11-07,21,0,P008,2,5499,10998,0,0.0,10998.0,1099.8,2653,2021,4,November,Sunday,10.0,Lavanya Jain,Indore       , Madhya Pradesh,452001,21Lavanya@gmail.com,909364909,Puma Sports Shoes,Footwear,5499,,,,
2021-01-03,21,0,P030,1,399,399,0,0.0,399.0,39.9,312,2021,1,January,Sunday,10.0,Lavanya Jain,Indore       , Madhya Pradesh,452001,21Lavanya@gmail.com,909364909,Nivea Body Lotion,Personal Care,399,,,,
2020-12-20,21,0,P020,1,12999,12999,0,0.0,12999.0,1299.9,746,2020,4,December,Sunday,10.0,Lavanya Jain,Indore       , Madhya Pradesh,452001,21Lavanya@gmail.com,909364909,Fossil Smartwatch,Accessories,12999,,,,
2021-01-26,21,0,P002,1,69999,69999,0,0.0,69999.0,6999.9,1772,2021,1,January,Tuesday,10.0,Lavanya Jain,Indore       , Madhya Pradesh,452001,21Lavanya@gmail.com,909364909,Samsung Galaxy S21,Electronics,69999,,,,
2023-10-24,21,0,P004,1,64999,64999,0,0.0,64999.0,6499.9,1795,2023,4,October,Tuesday,10.0,Lavanya Jain,Indore       , Madhya Pradesh,452001,21Lavanya@gmail.com,909364909,HP Pavilion Laptop,Electronics,64999,,,,
2022-12-01,21,0,P012,1,2999,2999,0,0.0,2999.0,299.9,2485,2022,4,December,Thursday,10.0,Lavanya Jain,Indore       , Madhya Pradesh,452001,21Lavanya@gmail.com,909364909,FabIndia Kurta,Clothing,2999,,,,
2022-08-29,21,0,P014,1,4999,4999,0,0.0,4999.0,499.9,2544,2022,3,August,Monday,10.0,Lavanya Jain,Indore       , Madhya Pradesh,452001,21Lavanya@gmail.com,909364909,Bajaj Mixer Grinder,Home Appliances,4999,,,,
2020-10-19,21,0,P005,1,92499,92499,0,0.0,92499.0,9249.9,2842,2020,4,October,Monday,10.0,Lavanya Jain,Indore       , Madhya Pradesh,452001,21Lavanya@gmail.com,909364909,Apple MacBook Air,Electronics,92499,,,,
2022-03-02,21,0,P015,1,8499,8499,0,0.0,8499.0,849.9,3006,2022,1,March,Wednesday,10.0,Lavanya Jain,Indore       , Madhya Pradesh,452001,21Lavanya@gmail.com,909364909,Philips Air Fryer,Home Appliances,8499,,,,
2023-12-05,21,0,P029,1,99,99,0,0.0,99.0,9.9,3244,2023,4,December,Tuesday,10.0,Lavanya Jain,Indore       , Madhya Pradesh,452001,21Lavanya@gmail.com,909364909,Colgate Toothpaste,Personal Care,99,,,,
2021-02-13,21,0,P002,1,69999,69999,0,0.0,69999.0,6999.9,3269,2021,1,February,Saturday,10.0,Lavanya Jain,Indore       , Madhya Pradesh,452001,21Lavanya@gmail.com,909364909,Samsung Galaxy S21,Electronics,69999,,,,
2022-06-04,21,0,P014,1,4999,4999,0,0.0,4999.0,499.9,3311,2022,2,June,Saturday,10.0,Lavanya Jain,Indore       , Madhya Pradesh,452001,21Lavanya@gmail.com,909364909,Bajaj Mixer Grinder,Home Appliances,4999,,,,
2021-10-12,21,0,P029,1,99,99,0,0.0,99.0,9.9,3494,2021,4,October,Tuesday,10.0,Lavanya Jain,Indore       , Madhya Pradesh,452001,21Lavanya@gmail.com,909364909,Colgate Toothpaste,Personal Care,99,,,,
2022-05-25,21,PR001,P019,2,5999,11998,20,2399.6,9598.4,959.84,14,2022,2,May,Wednesday,10.0,Lavanya Jain,Indore       , Madhya Pradesh,452001,21Lavanya@gmail.com,909364909,Titan Wrist Watch,Accessories,5999,Summer Sale,Email,SUMMER21,20% off
2022-05-15,21,PR001,P026,2,5499,10998,20,2199.6,8798.4,879.84,201,2022,2,May,Sunday,10.0,Lavanya Jain,Indore       , Madhya Pradesh,452001,21Lavanya@gmail.com,909364909,Wildcraft Hiking Bag,Bags,5499,Summer Sale,Email,SUMMER21,20% off
2023-05-12,21,PR001,P022,2,1999,3998,20,799.6,3198.4,319.84,1052,2023,2,May,Friday,10.0,Lavanya Jain,Indore       , Madhya Pradesh,452001,21Lavanya@gmail.com,909364909,Borosil Glass Set,Kitchenware,1999,Summer Sale,Email,SUMMER21,20% off
2020-04-05,21,PR001,P017,2,10499,20998,20,4199.6,16798.4,1679.84,1630,2020,2,April,Sunday,10.0,Lavanya Jain,Indore       , Madhya Pradesh,452001,21Lavanya@gmail.com,909364909,IFB Microwave Oven,Home Appliances,10499,Summer Sale,Email,SUMMER21,20% off
2022-05-29,21,PR001,P008,3,5499,16497,20,3299.4,13197.6,1319.76,153,2022,2,May,Sunday,10.0,Lavanya Jain,Indore       , Madhya Pradesh,452001,21Lavanya@gmail.com,909364909,Puma Sports Shoes,Footwear,5499,Summer Sale,Email,SUMMER21,20% off
2023-05-24,21,PR001,P013,3,15999,47997,20,9599.4,38397.6,3839.76,1223,2023,2,May,Wednesday,10.0,Lavanya Jain,Indore       , Madhya Pradesh,452001,21Lavanya@gmail.com,909364909,Raymond Suit,Clothing,15999,Summer Sale,Email,SUMMER21,20% off
2021-04-16,21,PR001,P021,3,1299,3897,20,779.4,3117.6,311.76,2639,2021,2,April,Friday,10.0,Lavanya Jain,Indore       , Madhya Pradesh,452001,21Lavanya@gmail.com,909364909,Tupperware Lunch Box,Kitchenware,1299,Summer Sale,Email,SUMMER21,20% off
2023-05-24,21,PR001,P013,3,15999,47997,20,9599.4,38397.6,3839.76,2837,2023,2,May,Wednesday,10.0,Lavanya Jain,Indore       , Madhya Pradesh,452001,21Lavanya@gmail.com,909364909,Raymond Suit,Clothing,15999,Summer Sale,Email,SUMMER21,20% off
2023-05-17,21,PR001,P017,1,10499,10499,20,2099.8,8399.2,839.92,509,2023,2,May,Wednesday,10.0,Lavanya Jain,Indore       , Madhya Pradesh,452001,21Lavanya@gmail.com,909364909,IFB Microwave Oven,Home Appliances,10499,Summer Sale,Email,SUMMER21,20% off
2023-05-14,21,PR001,P013,1,15999,15999,20,3199.8,12799.2,1279.92,836,2023,2,May,Sunday,10.0,Lavanya Jain,Indore       , Madhya Pradesh,452001,21Lavanya@gmail.com,909364909,Raymond Suit,Clothing,15999,Summer Sale,Email,SUMMER21,20% off
2021-04-05,21,PR001,P022,1,1999,1999,20,399.8,1599.2,159.92,2063,2021,2,April,Monday,10.0,Lavanya Jain,Indore       , Madhya Pradesh,452001,21Lavanya@gmail.com,909364909,Borosil Glass Set,Kitchenware,1999,Summer Sale,Email,SUMMER21,20% off
2023-04-22,21,PR001,P009,1,3499,3499,20,699.8,2799.2,279.92,3270,2023,2,April,Saturday,10.0,Lavanya Jain,Indore       , Madhya Pradesh,452001,21Lavanya@gmail.com,909364909,Levi's Denim Jeans,Clothing,3499,Summer Sale,Email,SUMMER21,20% off
2020-05-03,21,PR001,P030,1,399,399,20,79.8,319.2,31.92,3353,2020,2,May,Sunday,10.0,Lavanya Jain,Indore       , Madhya Pradesh,452001,21Lavanya@gmail.com,909364909,Nivea Body Lotion,Personal Care,399,Summer Sale,Email,SUMMER21,20% off
2022-07-10,21,PR004,P014,1,4999,4999,50,2499.5,2499.5,249.95,3205,2022,3,July,Sunday,10.0,Lavanya Jain,Indore       , Madhya Pradesh,452001,21Lavanya@gmail.com,909364909,Bajaj Mixer Grinder,Home Appliances,4999,Weekend Flash Sale,Mobile Push,FLASH50,50% off
2023-12-19,21,PR005,P026,1,5499,5499,70,3849.3,1649.7,164.97,1782,2023,4,December,Tuesday,10.0,Lavanya Jain,Indore       , Madhya Pradesh,452001,21Lavanya@gmail.com,909364909,Wildcraft Hiking Bag,Bags,5499,Clearance Sale,In-App,CLEARANCE23,70% off
2022-11-28,22,0,P012,2,2999,5998,0,0.0,5998.0,599.8,2690,2022,4,November,Monday,10.0,Manish Dubey,Bangalore    , Karnataka     ,560001,22Manish@gmail.com,953463644,FabIndia Kurta,Clothing,2999,,,,
2023-02-21,22,0,P003,3,89999,269997,0,0.0,269997.0,26999.7,432,2023,1,February,Tuesday,10.0,Manish Dubey,Bangalore    , Karnataka     ,560001,22Manish@gmail.com,953463644,"Sony Bravia 55"" TV",Electronics,89999,,,,
2021-08-03,22,0,P010,3,2199,6597,0,0.0,6597.0,659.7,486,2021,3,August,Tuesday,10.0,Manish Dubey,Bangalore    , Karnataka     ,560001,22Manish@gmail.com,953463644,Zara Casual Shirt,Clothing,2199,,,,
2020-07-14,22,0,P017,3,10499,31497,0,0.0,31497.0,3149.7,542,2020,3,July,Tuesday,10.0,Manish Dubey,Bangalore    , Karnataka     ,560001,22Manish@gmail.com,953463644,IFB Microwave Oven,Home Appliances,10499,,,,
2020-06-19,22,0,P015,3,8499,25497,0,0.0,25497.0,2549.7,649,2020,2,June,Friday,10.0,Manish Dubey,Bangalore    , Karnataka     ,560001,22Manish@gmail.com,953463644,Philips Air Fryer,Home Appliances,8499,,,,
2021-10-21,22,0,P010,3,2199,6597,0,0.0,6597.0,659.7,1280,2021,4,October,Thursday,10.0,Manish Dubey,Bangalore    , Karnataka     ,560001,22Manish@gmail.com,953463644,Zara Casual Shirt,Clothing,2199,,,,
2022-11-03,22,0,P007,3,6999,20997,0,0.0,20997.0,2099.7,1707,2022,4,November,Thursday,10.0,Manish Dubey,Bangalore    , Karnataka     ,560001,22Manish@gmail.com,953463644,Adidas Sneakers,Footwear,6999,,,,
2023-10-17,22,0,P009,3,3499,10497,0,0.0,10497.0,1049.7,1881,2023,4,October,Tuesday,10.0,Manish Dubey,Bangalore    , Karnataka     ,560001,22Manish@gmail.com,953463644,Levi's Denim Jeans,Clothing,3499,,,,
2022-11-22,22,0,P013,3,15999,47997,0,0.0,47997.0,4799.7,2218,2022,4,November,Tuesday,10.0,Manish Dubey,Bangalore    , Karnataka     ,560001,22Manish@gmail.com,953463644,Raymond Suit,Clothing,15999,,,,
2023-03-06,22,0,P024,3,2799,8397,0,0.0,8397.0,839.7,2358,2023,1,March,Monday,10.0,Manish Dubey,Bangalore    , Karnataka     ,560001,22Manish@gmail.com,953463644,Puma Backpack,Bags,2799,,,,
2023-02-12,22,0,P022,3,1999,5997,0,0.0,5997.0,599.7,2493,2023,1,February,Sunday,10.0,Manish Dubey,Bangalore    , Karnataka     ,560001,22Manish@gmail.com,953463644,Borosil Glass Set,Kitchenware,1999,,,,
2023-10-24,22,0,P005,3,92499,277497,0,0.0,277497.0,27749.7,2737,2023,4,October,Tuesday,10.0,Manish Dubey,Bangalore    , Karnataka     ,560001,22Manish@gmail.com,953463644,Apple MacBook Air,Electronics,92499,,,,
2020-03-05,22,0,P025,3,8999,26997,0,0.0,26997.0,2699.7,2765,2020,1,March,Thursday,10.0,Manish Dubey,Bangalore    , Karnataka     ,560001,22Manish@gmail.com,953463644,American Tourister Suitcase,Bags,8999,,,,
2022-11-19,22,0,P029,2,99,198,0,0.0,198.0,19.8,403,2022,4,November,Saturday,10.0,Manish Dubey,Bangalore    , Karnataka     ,560001,22Manish@gmail.com,953463644,Colgate Toothpaste,Personal Care,99,,,,
2021-03-28,22,0,P028,2,349,698,0,0.0,698.0,69.8,462,2021,1,March,Sunday,10.0,Manish Dubey,Bangalore    , Karnataka     ,560001,22Manish@gmail.com,953463644,Dove Soap Pack,Personal Care,349,,,,
2021-07-06,22,0,P002,2,69999,139998,0,0.0,139998.0,13999.8,994,2021,3,July,Tuesday,10.0,Manish Dubey,Bangalore    , Karnataka     ,560001,22Manish@gmail.com,953463644,Samsung Galaxy S21,Electronics,69999,,,,
2020-10-19,22,0,P028,2,349,698,0,0.0,698.0,69.8,1321,2020,4,October,Monday,10.0,Manish Dubey,Bangalore    , Karnataka     ,560001,22Manish@gmail.com,953463644,Dove Soap Pack,Personal Care,349,,,,
2023-01-10,22,0,P025,2,8999,17998,0,0.0,17998.0,1799.8,1364,2023,1,January,Tuesday,10.0,Manish Dubey,Bangalore    , Karnataka     ,560001,22Manish@gmail.com,953463644,American Tourister Suitcase,Bags,8999,,,,
2021-08-14,22,0,P015,2,8499,16998,0,0.0,16998.0,1699.8,1387,2021,3,August,Saturday,10.0,Manish Dubey,Bangalore    , Karnataka     ,560001,22Manish@gmail.com,953463644,Philips Air Fryer,Home Appliances,8499,,,,
2020-07-13,22,0,P024,2,2799,5598,0,0.0,5598.0,559.8,1466,2020,3,July,Monday,10.0,Manish Dubey,Bangalore    , Karnataka     ,560001,22Manish@gmail.com,953463644,Puma Backpack,Bags,2799,,,,
2020-08-17,22,0,P024,2,2799,5598,0,0.0,5598.0,559.8,1542,2020,3,August,Monday,10.0,Manish Dubey,Bangalore    , Karnataka     ,560001,22Manish@gmail.com,953463644,Puma Backpack,Bags,2799,,,,
2020-10-30,22,0,P009,2,3499,6998,0,0.0,6998.0,699.8,1640,2020,4,October,Friday,10.0,Manish Dubey,Bangalore    , Karnataka     ,560001,22Manish@gmail.com,953463644,Levi's Denim Jeans,Clothing,3499,,,,
2022-08-14,22,0,P010,2,2199,4398,0,0.0,4398.0,439.8,2049,2022,3,August,Sunday,10.0,Manish Dubey,Bangalore    , Karnataka     ,560001,22Manish@gmail.com,953463644,Zara Casual Shirt,Clothing,2199,,,,
2021-07-07,22,0,P005,2,92499,184998,0,0.0,184998.0,18499.8,2058,2021,3,July,Wednesday,10.0,Manish Dubey,Bangalore    , Karnataka     ,560001,22Manish@gmail.com,953463644,Apple MacBook Air,Electronics,92499,,,,
2020-09-18,22,0,P010,2,2199,4398,0,0.0,4398.0,439.8,2357,2020,3,September,Friday,10.0,Manish Dubey,Bangalore    , Karnataka     ,560001,22Manish@gmail.com,953463644,Zara Casual Shirt,Clothing,2199,,,,
2023-07-17,22,0,P011,2,1499,2998,0,0.0,2998.0,299.8,2510,2023,3,July,Monday,10.0,Manish Dubey,Bangalore    , Karnataka     ,560001,22Manish@gmail.com,953463644,H&M T-Shirt,Clothing,1499,,,,
2022-12-24,22,0,P008,3,5499,16497,0,0.0,16497.0,1649.7,202,2022,4,December,Saturday,10.0,Manish Dubey,Bangalore    , Karnataka     ,560001,22Manish@gmail.com,953463644,Puma Sports Shoes,Footwear,5499,,,,
2022-08-20,22,0,P029,2,99,198,0,0.0,198.0,19.8,2854,2022,3,August,Saturday,10.0,Manish Dubey,Bangalore    , Karnataka     ,560001,22Manish@gmail.com,953463644,Colgate Toothpaste,Personal Care,99,,,,
2020-08-12,22,0,P021,2,1299,2598,0,0.0,2598.0,259.8,3041,2020,3,August,Wednesday,10.0,Manish Dubey,Bangalore    , Karnataka     ,560001,22Manish@gmail.com,953463644,Tupperware Lunch Box,Kitchenware,1299,,,,
2021-09-12,22,0,P029,2,99,198,0,0.0,198.0,19.8,3093,2021,3,September,Sunday,10.0,Manish Dubey,Bangalore    , Karnataka     ,560001,22Manish@gmail.com,953463644,Colgate Toothpaste,Personal Care,99,,,,
2022-01-03,22,0,P027,2,699,1398,0,0.0,1398.0,139.8,3316,2022,1,January,Monday,10.0,Manish Dubey,Bangalore    , Karnataka     ,560001,22Manish@gmail.com,953463644,L'Oreal Shampoo,Personal Care,699,,,,
2022-01-21,22,0,P024,2,2799,5598,0,0.0,5598.0,559.8,3332,2022,1,January,Friday,10.0,Manish Dubey,Bangalore    , Karnataka     ,560001,22Manish@gmail.com,953463644,Puma Backpack,Bags,2799,,,,
2021-10-31,22,0,P021,1,1299,1299,0,0.0,1299.0,129.9,250,2021,4,October,Sunday,10.0,Manish Dubey,Bangalore    , Karnataka     ,560001,22Manish@gmail.com,953463644,Tupperware Lunch Box,Kitchenware,1299,,,,
2023-08-10,22,0,P006,1,7499,7499,0,0.0,7499.0,749.9,502,2023,3,August,Thursday,10.0,Manish Dubey,Bangalore    , Karnataka     ,560001,22Manish@gmail.com,953463644,Nike Running Shoes,Footwear,7499,,,,
2022-01-06,22,0,P006,1,7499,7499,0,0.0,7499.0,749.9,539,2022,1,January,Thursday,10.0,Manish Dubey,Bangalore    , Karnataka     ,560001,22Manish@gmail.com,953463644,Nike Running Shoes,Footwear,7499,,,,
2021-01-20,22,0,P002,1,69999,69999,0,0.0,69999.0,6999.9,912,2021,1,January,Wednesday,10.0,Manish Dubey,Bangalore    , Karnataka     ,560001,22Manish@gmail.com,953463644,Samsung Galaxy S21,Electronics,69999,,,,
2023-11-29,22,0,P029,1,99,99,0,0.0,99.0,9.9,1167,2023,4,November,Wednesday,10.0,Manish Dubey,Bangalore    , Karnataka     ,560001,22Manish@gmail.com,953463644,Colgate Toothpaste,Personal Care,99,,,,
2021-06-09,22,0,P026,1,5499,5499,0,0.0,5499.0,549.9,1240,2021,2,June,Wednesday,10.0,Manish Dubey,Bangalore    , Karnataka     ,560001,22Manish@gmail.com,953463644,Wildcraft Hiking Bag,Bags,5499,,,,
2022-08-04,22,0,P024,1,2799,2799,0,0.0,2799.0,279.9,1332,2022,3,August,Thursday,10.0,Manish Dubey,Bangalore    , Karnataka     ,560001,22Manish@gmail.com,953463644,Puma Backpack,Bags,2799,,,,
2022-10-15,22,0,P024,1,2799,2799,0,0.0,2799.0,279.9,1485,2022,4,October,Saturday,10.0,Manish Dubey,Bangalore    , Karnataka     ,560001,22Manish@gmail.com,953463644,Puma Backpack,Bags,2799,,,,
2021-08-03,22,0,P024,1,2799,2799,0,0.0,2799.0,279.9,1798,2021,3,August,Tuesday,10.0,Manish Dubey,Bangalore    , Karnataka     ,560001,22Manish@gmail.com,953463644,Puma Backpack,Bags,2799,,,,
2023-08-23,22,0,P018,1,2299,2299,0,0.0,2299.0,229.9,2259,2023,3,August,Wednesday,10.0,Manish Dubey,Bangalore    , Karnataka     ,560001,22Manish@gmail.com,953463644,Prestige Pressure Cooker,Home Appliances,2299,,,,
2020-12-22,22,0,P006,1,7499,7499,0,0.0,7499.0,749.9,2333,2020,4,December,Tuesday,10.0,Manish Dubey,Bangalore    , Karnataka     ,560001,22Manish@gmail.com,953463644,Nike Running Shoes,Footwear,7499,,,,
2020-06-29,22,0,P013,1,15999,15999,0,0.0,15999.0,1599.9,2349,2020,2,June,Monday,10.0,Manish Dubey,Bangalore    , Karnataka     ,560001,22Manish@gmail.com,953463644,Raymond Suit,Clothing,15999,,,,
2020-03-06,22,0,P025,1,8999,8999,0,0.0,8999.0,899.9,2536,2020,1,March,Friday,10.0,Manish Dubey,Bangalore    , Karnataka     ,560001,22Manish@gmail.com,953463644,American Tourister Suitcase,Bags,8999,,,,
2021-03-20,22,0,P012,1,2999,2999,0,0.0,2999.0,299.9,2716,2021,1,March,Saturday,10.0,Manish Dubey,Bangalore    , Karnataka     ,560001,22Manish@gmail.com,953463644,FabIndia Kurta,Clothing,2999,,,,
2020-10-26,22,0,P007,1,6999,6999,0,0.0,6999.0,699.9,2815,2020,4,October,Monday,10.0,Manish Dubey,Bangalore    , Karnataka     ,560001,22Manish@gmail.com,953463644,Adidas Sneakers,Footwear,6999,,,,
2021-06-16,22,0,P023,1,1499,1499,0,0.0,1499.0,149.9,3370,2021,2,June,Wednesday,10.0,Manish Dubey,Bangalore    , Karnataka     ,560001,22Manish@gmail.com,953463644,Milton Thermos Flask,Kitchenware,1499,,,,
2020-11-15,22,0,P026,1,5499,5499,0,0.0,5499.0,549.9,3475,2020,4,November,Sunday,10.0,Manish Dubey,Bangalore    , Karnataka     ,560001,22Manish@gmail.com,953463644,Wildcraft Hiking Bag,Bags,5499,,,,
2020-04-26,22,PR001,P015,3,8499,25497,20,5099.4,20397.6,2039.76,168,2020,2,April,Sunday,10.0,Manish Dubey,Bangalore    , Karnataka     ,560001,22Manish@gmail.com,953463644,Philips Air Fryer,Home Appliances,8499,Summer Sale,Email,SUMMER21,20% off
2021-04-24,22,PR001,P013,3,15999,47997,20,9599.4,38397.6,3839.76,524,2021,2,April,Saturday,10.0,Manish Dubey,Bangalore    , Karnataka     ,560001,22Manish@gmail.com,953463644,Raymond Suit,Clothing,15999,Summer Sale,Email,SUMMER21,20% off
2020-05-03,22,PR001,P002,3,69999,209997,20,41999.4,167997.6,16799.76,2662,2020,2,May,Sunday,10.0,Manish Dubey,Bangalore    , Karnataka     ,560001,22Manish@gmail.com,953463644,Samsung Galaxy S21,Electronics,69999,Summer Sale,Email,SUMMER21,20% off
2020-07-26,22,PR004,P014,1,4999,4999,50,2499.5,2499.5,249.95,256,2020,3,July,Sunday,10.0,Manish Dubey,Bangalore    , Karnataka     ,560001,22Manish@gmail.com,953463644,Bajaj Mixer Grinder,Home Appliances,4999,Weekend Flash Sale,Mobile Push,FLASH50,50% off
2021-07-10,22,PR004,P009,2,3499,6998,50,3499.0,3499.0,349.9,1200,2021,3,July,Saturday,10.0,Manish Dubey,Bangalore    , Karnataka     ,560001,22Manish@gmail.com,953463644,Levi's Denim Jeans,Clothing,3499,Weekend Flash Sale,Mobile Push,FLASH50,50% off
2020-07-04,22,PR004,P027,1,699,699,50,349.5,349.5,34.95,2065,2020,3,July,Saturday,10.0,Manish Dubey,Bangalore    , Karnataka     ,560001,22Manish@gmail.com,953463644,L'Oreal Shampoo,Personal Care,699,Weekend Flash Sale,Mobile Push,FLASH50,50% off
2022-05-02,22,PR001,P023,1,1499,1499,20,299.8,1199.2,119.92,2791,2022,2,May,Monday,10.0,Manish Dubey,Bangalore    , Karnataka     ,560001,22Manish@gmail.com,953463644,Milton Thermos Flask,Kitchenware,1499,Summer Sale,Email,SUMMER21,20% off
2023-03-26,23,0,P029,3,99,297,0,0.0,297.0,29.7,2260,2023,1,March,Sunday,10.0,Meera Bansal,Hyderabad    , Telangana     ,500001,23Meera@gmail.com,919906725,Colgate Toothpaste,Personal Care,99,,,,
2020-07-22,23,0,P006,3,7499,22497,0,0.0,22497.0,2249.7,2413,2020,3,July,Wednesday,10.0,Meera Bansal,Hyderabad    , Telangana     ,500001,23Meera@gmail.com,919906725,Nike Running Shoes,Footwear,7499,,,,
2021-12-01,23,0,P024,3,2799,8397,0,0.0,8397.0,839.7,2941,2021,4,December,Wednesday,10.0,Meera Bansal,Hyderabad    , Telangana     ,500001,23Meera@gmail.com,919906725,Puma Backpack,Bags,2799,,,,
2022-10-28,23,0,P025,2,8999,17998,0,0.0,17998.0,1799.8,402,2022,4,October,Friday,10.0,Meera Bansal,Hyderabad    , Telangana     ,500001,23Meera@gmail.com,919906725,American Tourister Suitcase,Bags,8999,,,,
2022-07-26,23,0,P023,2,1499,2998,0,0.0,2998.0,299.8,727,2022,3,July,Tuesday,10.0,Meera Bansal,Hyderabad    , Telangana     ,500001,23Meera@gmail.com,919906725,Milton Thermos Flask,Kitchenware,1499,,,,
2021-07-19,23,0,P020,2,12999,25998,0,0.0,25998.0,2599.8,913,2021,3,July,Monday,10.0,Meera Bansal,Hyderabad    , Telangana     ,500001,23Meera@gmail.com,919906725,Fossil Smartwatch,Accessories,12999,,,,
2023-09-30,23,0,P019,2,5999,11998,0,0.0,11998.0,1199.8,1216,2023,3,September,Saturday,10.0,Meera Bansal,Hyderabad    , Telangana     ,500001,23Meera@gmail.com,919906725,Titan Wrist Watch,Accessories,5999,,,,
2021-11-24,23,0,P007,2,6999,13998,0,0.0,13998.0,1399.8,2183,2021,4,November,Wednesday,10.0,Meera Bansal,Hyderabad    , Telangana     ,500001,23Meera@gmail.com,919906725,Adidas Sneakers,Footwear,6999,,,,
2020-12-04,23,0,P001,2,79999,159998,0,0.0,159998.0,15999.8,2334,2020,4,December,Friday,10.0,Meera Bansal,Hyderabad    , Telangana     ,500001,23Meera@gmail.com,919906725,Apple iPhone 14,Electronics,79999,,,,
2022-11-24,23,0,P013,2,15999,31998,0,0.0,31998.0,3199.8,2407,2022,4,November,Thursday,10.0,Meera Bansal,Hyderabad    , Telangana     ,500001,23Meera@gmail.com,919906725,Raymond Suit,Clothing,15999,,,,
2021-10-03,23,0,P029,2,99,198,0,0.0,198.0,19.8,2476,2021,4,October,Sunday,10.0,Meera Bansal,Hyderabad    , Telangana     ,500001,23Meera@gmail.com,919906725,Colgate Toothpaste,Personal Care,99,,,,
2021-06-06,23,0,P005,2,92499,184998,0,0.0,184998.0,18499.8,2743,2021,2,June,Sunday,10.0,Meera Bansal,Hyderabad    , Telangana     ,500001,23Meera@gmail.com,919906725,Apple MacBook Air,Electronics,92499,,,,
2023-12-10,23,0,P002,2,69999,139998,0,0.0,139998.0,13999.8,2999,2023,4,December,Sunday,10.0,Meera Bansal,Hyderabad    , Telangana     ,500001,23Meera@gmail.com,919906725,Samsung Galaxy S21,Electronics,69999,,,,
2021-03-01,23,0,P012,2,2999,5998,0,0.0,5998.0,599.8,3064,2021,1,March,Monday,10.0,Meera Bansal,Hyderabad    , Telangana     ,500001,23Meera@gmail.com,919906725,FabIndia Kurta,Clothing,2999,,,,
2021-12-02,23,0,P021,2,1299,2598,0,0.0,2598.0,259.8,3149,2021,4,December,Thursday,10.0,Meera Bansal,Hyderabad    , Telangana     ,500001,23Meera@gmail.com,919906725,Tupperware Lunch Box,Kitchenware,1299,,,,
2022-12-09,23,0,P015,2,8499,16998,0,0.0,16998.0,1699.8,3443,2022,4,December,Friday,10.0,Meera Bansal,Hyderabad    , Telangana     ,500001,23Meera@gmail.com,919906725,Philips Air Fryer,Home Appliances,8499,,,,
2023-11-21,23,0,P008,2,5499,10998,0,0.0,10998.0,1099.8,146,2023,4,November,Tuesday,10.0,Meera Bansal,Hyderabad    , Telangana     ,500001,23Meera@gmail.com,919906725,Puma Sports Shoes,Footwear,5499,,,,
2023-02-13,23,0,P010,1,2199,2199,0,0.0,2199.0,219.9,219,2023,1,February,Monday,10.0,Meera Bansal,Hyderabad    , Telangana     ,500001,23Meera@gmail.com,919906725,Zara Casual Shirt,Clothing,2199,,,,
2022-07-27,23,0,P011,1,1499,1499,0,0.0,1499.0,149.9,896,2022,3,July,Wednesday,10.0,Meera Bansal,Hyderabad    , Telangana     ,500001,23Meera@gmail.com,919906725,H&M T-Shirt,Clothing,1499,,,,
2023-07-05,23,0,P022,1,1999,1999,0,0.0,1999.0,199.9,952,2023,3,July,Wednesday,10.0,Meera Bansal,Hyderabad    , Telangana     ,500001,23Meera@gmail.com,919906725,Borosil Glass Set,Kitchenware,1999,,,,
2021-09-24,23,0,P011,1,1499,1499,0,0.0,1499.0,149.9,1178,2021,3,September,Friday,10.0,Meera Bansal,Hyderabad    , Telangana     ,500001,23Meera@gmail.com,919906725,H&M T-Shirt,Clothing,1499,,,,
2022-12-19,23,0,P015,1,8499,8499,0,0.0,8499.0,849.9,1247,2022,4,December,Monday,10.0,Meera Bansal,Hyderabad    , Telangana     ,500001,23Meera@gmail.com,919906725,Philips Air Fryer,Home Appliances,8499,,,,
2020-08-05,23,0,P030,1,399,399,0,0.0,399.0,39.9,1534,2020,3,August,Wednesday,10.0,Meera Bansal,Hyderabad    , Telangana     ,500001,23Meera@gmail.com,919906725,Nivea Body Lotion,Personal Care,399,,,,
2020-12-16,23,0,P019,1,5999,5999,0,0.0,5999.0,599.9,1615,2020,4,December,Wednesday,10.0,Meera Bansal,Hyderabad    , Telangana     ,500001,23Meera@gmail.com,919906725,Titan Wrist Watch,Accessories,5999,,,,
2020-08-02,23,0,P028,1,349,349,0,0.0,349.0,34.9,1688,2020,3,August,Sunday,10.0,Meera Bansal,Hyderabad    , Telangana     ,500001,23Meera@gmail.com,919906725,Dove Soap Pack,Personal Care,349,,,,
2020-02-13,23,0,P020,1,12999,12999,0,0.0,12999.0,1299.9,1931,2020,1,February,Thursday,10.0,Meera Bansal,Hyderabad    , Telangana     ,500001,23Meera@gmail.com,919906725,Fossil Smartwatch,Accessories,12999,,,,
2021-02-03,23,0,P024,1,2799,2799,0,0.0,2799.0,279.9,2340,2021,1,February,Wednesday,10.0,Meera Bansal,Hyderabad    , Telangana     ,500001,23Meera@gmail.com,919906725,Puma Backpack,Bags,2799,,,,
2022-08-24,23,0,P009,1,3499,3499,0,0.0,3499.0,349.9,2411,2022,3,August,Wednesday,10.0,Meera Bansal,Hyderabad    , Telangana     ,500001,23Meera@gmail.com,919906725,Levi's Denim Jeans,Clothing,3499,,,,
2022-01-07,23,0,P028,3,349,1047,0,0.0,1047.0,104.7,851,2022,1,January,Friday,10.0,Meera Bansal,Hyderabad    , Telangana     ,500001,23Meera@gmail.com,919906725,Dove Soap Pack,Personal Care,349,,,,
2021-10-08,23,0,P023,1,1499,1499,0,0.0,1499.0,149.9,2783,2021,4,October,Friday,10.0,Meera Bansal,Hyderabad    , Telangana     ,500001,23Meera@gmail.com,919906725,Milton Thermos Flask,Kitchenware,1499,,,,
2023-10-27,23,0,P022,1,1999,1999,0,0.0,1999.0,199.9,2824,2023,4,October,Friday,10.0,Meera Bansal,Hyderabad    , Telangana     ,500001,23Meera@gmail.com,919906725,Borosil Glass Set,Kitchenware,1999,,,,
2020-02-05,23,0,P020,1,12999,12999,0,0.0,12999.0,1299.9,2978,2020,1,February,Wednesday,10.0,Meera Bansal,Hyderabad    , Telangana     ,500001,23Meera@gmail.com,919906725,Fossil Smartwatch,Accessories,12999,,,,
2023-03-21,23,0,P028,1,349,349,0,0.0,349.0,34.9,2996,2023,1,March,Tuesday,10.0,Meera Bansal,Hyderabad    , Telangana     ,500001,23Meera@gmail.com,919906725,Dove Soap Pack,Personal Care,349,,,,
2022-11-29,23,0,P008,1,5499,5499,0,0.0,5499.0,549.9,3069,2022,4,November,Tuesday,10.0,Meera Bansal,Hyderabad    , Telangana     ,500001,23Meera@gmail.com,919906725,Puma Sports Shoes,Footwear,5499,,,,
2022-06-13,23,0,P008,1,5499,5499,0,0.0,5499.0,549.9,3329,2022,2,June,Monday,10.0,Meera Bansal,Hyderabad    , Telangana     ,500001,23Meera@gmail.com,919906725,Puma Sports Shoes,Footwear,5499,,,,
2021-03-05,23,0,P021,1,1299,1299,0,0.0,1299.0,129.9,3440,2021,1,March,Friday,10.0,Meera Bansal,Hyderabad    , Telangana     ,500001,23Meera@gmail.com,919906725,Tupperware Lunch Box,Kitchenware,1299,,,,
2023-09-28,23,0,P009,1,3499,3499,0,0.0,3499.0,349.9,3473,2023,3,September,Thursday,10.0,Meera Bansal,Hyderabad    , Telangana     ,500001,23Meera@gmail.com,919906725,Levi's Denim Jeans,Clothing,3499,,,,
2020-04-15,23,PR001,P005,2,92499,184998,20,36999.6,147998.4,14799.84,240,2020,2,April,Wednesday,10.0,Meera Bansal,Hyderabad    , Telangana     ,500001,23Meera@gmail.com,919906725,Apple MacBook Air,Electronics,92499,Summer Sale,Email,SUMMER21,20% off
2022-05-26,23,PR001,P010,2,2199,4398,20,879.6,3518.4,351.84,663,2022,2,May,Thursday,10.0,Meera Bansal,Hyderabad    , Telangana     ,500001,23Meera@gmail.com,919906725,Zara Casual Shirt,Clothing,2199,Summer Sale,Email,SUMMER21,20% off
2022-04-30,23,PR001,P012,2,2999,5998,20,1199.6,4798.4,479.84,1393,2022,2,April,Saturday,10.0,Meera Bansal,Hyderabad    , Telangana     ,500001,23Meera@gmail.com,919906725,FabIndia Kurta,Clothing,2999,Summer Sale,Email,SUMMER21,20% off
2023-04-15,23,PR001,P026,2,5499,10998,20,2199.6,8798.4,879.84,1464,2023,2,April,Saturday,10.0,Meera Bansal,Hyderabad    , Telangana     ,500001,23Meera@gmail.com,919906725,Wildcraft Hiking Bag,Bags,5499,Summer Sale,Email,SUMMER21,20% off
2020-04-26,23,PR001,P015,2,8499,16998,20,3399.6,13598.4,1359.84,1988,2020,2,April,Sunday,10.0,Meera Bansal,Hyderabad    , Telangana     ,500001,23Meera@gmail.com,919906725,Philips Air Fryer,Home Appliances,8499,Summer Sale,Email,SUMMER21,20% off
2020-05-24,23,PR001,P012,2,2999,5998,20,1199.6,4798.4,479.84,2698,2020,2,May,Sunday,10.0,Meera Bansal,Hyderabad    , Telangana     ,500001,23Meera@gmail.com,919906725,FabIndia Kurta,Clothing,2999,Summer Sale,Email,SUMMER21,20% off
2021-04-26,23,PR001,P014,2,4999,9998,20,1999.6,7998.4,799.84,3146,2021,2,April,Monday,10.0,Meera Bansal,Hyderabad    , Telangana     ,500001,23Meera@gmail.com,919906725,Bajaj Mixer Grinder,Home Appliances,4999,Summer Sale,Email,SUMMER21,20% off
2022-04-26,23,PR001,P003,2,89999,179998,20,35999.6,143998.4,14399.84,3408,2022,2,April,Tuesday,10.0,Meera Bansal,Hyderabad    , Telangana     ,500001,23Meera@gmail.com,919906725,"Sony Bravia 55"" TV",Electronics,89999,Summer Sale,Email,SUMMER21,20% off
2023-04-23,23,PR001,P015,3,8499,25497,20,5099.4,20397.6,2039.76,278,2023,2,April,Sunday,10.0,Meera Bansal,Hyderabad    , Telangana     ,500001,23Meera@gmail.com,919906725,Philips Air Fryer,Home Appliances,8499,Summer Sale,Email,SUMMER21,20% off
2020-05-21,23,PR001,P009,3,3499,10497,20,2099.4,8397.6,839.76,2277,2020,2,May,Thursday,10.0,Meera Bansal,Hyderabad    , Telangana     ,500001,23Meera@gmail.com,919906725,Levi's Denim Jeans,Clothing,3499,Summer Sale,Email,SUMMER21,20% off
2023-04-24,23,PR001,P006,3,7499,22497,20,4499.4,17997.6,1799.76,3186,2023,2,April,Monday,10.0,Meera Bansal,Hyderabad    , Telangana     ,500001,23Meera@gmail.com,919906725,Nike Running Shoes,Footwear,7499,Summer Sale,Email,SUMMER21,20% off
2021-07-11,23,PR004,P022,1,1999,1999,50,999.5,999.5,99.95,423,2021,3,July,Sunday,10.0,Meera Bansal,Hyderabad    , Telangana     ,500001,23Meera@gmail.com,919906725,Borosil Glass Set,Kitchenware,1999,Weekend Flash Sale,Mobile Push,FLASH50,50% off
2020-07-05,23,PR004,P006,1,7499,7499,50,3749.5,3749.5,374.95,2968,2020,3,July,Sunday,10.0,Meera Bansal,Hyderabad    , Telangana     ,500001,23Meera@gmail.com,919906725,Nike Running Shoes,Footwear,7499,Weekend Flash Sale,Mobile Push,FLASH50,50% off
2022-07-16,23,PR004,P014,1,4999,4999,50,2499.5,2499.5,249.95,3288,2022,3,July,Saturday,10.0,Meera Bansal,Hyderabad    , Telangana     ,500001,23Meera@gmail.com,919906725,Bajaj Mixer Grinder,Home Appliances,4999,Weekend Flash Sale,Mobile Push,FLASH50,50% off
2023-07-21,23,0,P023,3,1499,4497,0,0.0,4497.0,449.7,782,2023,3,July,Friday,10.0,Meera Bansal,Hyderabad    , Telangana     ,500001,23Meera@gmail.com,919906725,Milton Thermos Flask,Kitchenware,1499,,,,
2023-09-12,23,0,P011,3,1499,4497,0,0.0,4497.0,449.7,1412,2023,3,September,Tuesday,10.0,Meera Bansal,Hyderabad    , Telangana     ,500001,23Meera@gmail.com,919906725,H&M T-Shirt,Clothing,1499,,,,
2023-12-14,23,0,P011,3,1499,4497,0,0.0,4497.0,449.7,2216,2023,4,December,Thursday,10.0,Meera Bansal,Hyderabad    , Telangana     ,500001,23Meera@gmail.com,919906725,H&M T-Shirt,Clothing,1499,,,,
2021-07-09,23,0,P008,3,5499,16497,0,0.0,16497.0,1649.7,1095,2021,3,July,Friday,10.0,Meera Bansal,Hyderabad    , Telangana     ,500001,23Meera@gmail.com,919906725,Puma Sports Shoes,Footwear,5499,,,,
2021-12-11,23,0,P026,3,5499,16497,0,0.0,16497.0,1649.7,2612,2021,4,December,Saturday,10.0,Meera Bansal,Hyderabad    , Telangana     ,500001,23Meera@gmail.com,919906725,Wildcraft Hiking Bag,Bags,5499,,,,
2022-12-13,23,0,P002,3,69999,209997,0,0.0,209997.0,20999.7,7,2022,4,December,Tuesday,10.0,Meera Bansal,Hyderabad    , Telangana     ,500001,23Meera@gmail.com,919906725,Samsung Galaxy S21,Electronics,69999,,,,
2023-09-07,23,0,P029,3,99,297,0,0.0,297.0,29.7,147,2023,3,September,Thursday,10.0,Meera Bansal,Hyderabad    , Telangana     ,500001,23Meera@gmail.com,919906725,Colgate Toothpaste,Personal Care,99,,,,
2021-06-22,23,0,P015,3,8499,25497,0,0.0,25497.0,2549.7,551,2021,2,June,Tuesday,10.0,Meera Bansal,Hyderabad    , Telangana     ,500001,23Meera@gmail.com,919906725,Philips Air Fryer,Home Appliances,8499,,,,
2023-02-15,23,0,P024,3,2799,8397,0,0.0,8397.0,839.7,750,2023,1,February,Wednesday,10.0,Meera Bansal,Hyderabad    , Telangana     ,500001,23Meera@gmail.com,919906725,Puma Backpack,Bags,2799,,,,
2020-07-28,23,0,P015,1,8499,8499,0,0.0,8499.0,849.9,2444,2020,3,July,Tuesday,10.0,Meera Bansal,Hyderabad    , Telangana     ,500001,23Meera@gmail.com,919906725,Philips Air Fryer,Home Appliances,8499,,,,
2023-03-25,23,0,P009,3,3499,10497,0,0.0,10497.0,1049.7,1072,2023,1,March,Saturday,10.0,Meera Bansal,Hyderabad    , Telangana     ,500001,23Meera@gmail.com,919906725,Levi's Denim Jeans,Clothing,3499,,,,
2023-10-08,23,0,P015,3,8499,25497,0,0.0,25497.0,2549.7,1790,2023,4,October,Sunday,10.0,Meera Bansal,Hyderabad    , Telangana     ,500001,23Meera@gmail.com,919906725,Philips Air Fryer,Home Appliances,8499,,,,
2020-10-04,23,0,P030,3,399,1197,0,0.0,1197.0,119.7,1862,2020,4,October,Sunday,10.0,Meera Bansal,Hyderabad    , Telangana     ,500001,23Meera@gmail.com,919906725,Nivea Body Lotion,Personal Care,399,,,,
2021-04-16,24,PR001,P009,3,3499,10497,20,2099.4,8397.6,839.76,1717,2021,2,April,Friday,10.0,Mohit Aggarwal,Patna        , Bihar         ,800001,24Mohit@gmail.com,820169596,Levi's Denim Jeans,Clothing,3499,Summer Sale,Email,SUMMER21,20% off
2021-05-17,24,PR001,P004,3,64999,194997,20,38999.4,155997.6,15599.76,2152,2021,2,May,Monday,10.0,Mohit Aggarwal,Patna        , Bihar         ,800001,24Mohit@gmail.com,820169596,HP Pavilion Laptop,Electronics,64999,Summer Sale,Email,SUMMER21,20% off
2020-04-19,24,PR001,P003,3,89999,269997,20,53999.4,215997.6,21599.76,2179,2020,2,April,Sunday,10.0,Mohit Aggarwal,Patna        , Bihar         ,800001,24Mohit@gmail.com,820169596,"Sony Bravia 55"" TV",Electronics,89999,Summer Sale,Email,SUMMER21,20% off
2023-05-13,24,PR001,P015,3,8499,25497,20,5099.4,20397.6,2039.76,2617,2023,2,May,Saturday,10.0,Mohit Aggarwal,Patna        , Bihar         ,800001,24Mohit@gmail.com,820169596,Philips Air Fryer,Home Appliances,8499,Summer Sale,Email,SUMMER21,20% off
2022-05-19,24,PR001,P022,1,1999,1999,20,399.8,1599.2,159.92,1529,2022,2,May,Thursday,10.0,Mohit Aggarwal,Patna        , Bihar         ,800001,24Mohit@gmail.com,820169596,Borosil Glass Set,Kitchenware,1999,Summer Sale,Email,SUMMER21,20% off
2022-04-02,24,PR001,P019,1,5999,5999,20,1199.8,4799.2,479.92,2543,2022,2,April,Saturday,10.0,Mohit Aggarwal,Patna        , Bihar         ,800001,24Mohit@gmail.com,820169596,Titan Wrist Watch,Accessories,5999,Summer Sale,Email,SUMMER21,20% off
2020-04-20,24,PR001,P007,1,6999,6999,20,1399.8,5599.2,559.92,2589,2020,2,April,Monday,10.0,Mohit Aggarwal,Patna        , Bihar         ,800001,24Mohit@gmail.com,820169596,Adidas Sneakers,Footwear,6999,Summer Sale,Email,SUMMER21,20% off
2020-07-26,24,PR004,P004,3,64999,194997,50,97498.5,97498.5,9749.85,1866,2020,3,July,Sunday,10.0,Mohit Aggarwal,Patna        , Bihar         ,800001,24Mohit@gmail.com,820169596,HP Pavilion Laptop,Electronics,64999,Weekend Flash Sale,Mobile Push,FLASH50,50% off
2022-07-24,24,PR004,P020,2,12999,25998,50,12999.0,12999.0,1299.9,2080,2022,3,July,Sunday,10.0,Mohit Aggarwal,Patna        , Bihar         ,800001,24Mohit@gmail.com,820169596,Fossil Smartwatch,Accessories,12999,Weekend Flash Sale,Mobile Push,FLASH50,50% off
2023-12-29,24,PR005,P021,2,1299,2598,70,1818.6,779.4,77.94,263,2023,4,December,Friday,10.0,Mohit Aggarwal,Patna        , Bihar         ,800001,24Mohit@gmail.com,820169596,Tupperware Lunch Box,Kitchenware,1299,Clearance Sale,In-App,CLEARANCE23,70% off
2023-12-26,24,PR005,P006,3,7499,22497,70,15747.9,6749.1,674.91,642,2023,4,December,Tuesday,10.0,Mohit Aggarwal,Patna        , Bihar         ,800001,24Mohit@gmail.com,820169596,Nike Running Shoes,Footwear,7499,Clearance Sale,In-App,CLEARANCE23,70% off
2022-09-25,24,0,P029,2,99,198,0,0.0,198.0,19.8,2563,2022,3,September,Sunday,10.0,Mohit Aggarwal,Patna        , Bihar         ,800001,24Mohit@gmail.com,820169596,Colgate Toothpaste,Personal Care,99,,,,
2020-08-01,24,0,P023,3,1499,4497,0,0.0,4497.0,449.7,49,2020,3,August,Saturday,10.0,Mohit Aggarwal,Patna        , Bihar         ,800001,24Mohit@gmail.com,820169596,Milton Thermos Flask,Kitchenware,1499,,,,
2022-01-25,24,0,P023,3,1499,4497,0,0.0,4497.0,449.7,457,2022,1,January,Tuesday,10.0,Mohit Aggarwal,Patna        , Bihar         ,800001,24Mohit@gmail.com,820169596,Milton Thermos Flask,Kitchenware,1499,,,,
2021-12-02,24,0,P011,3,1499,4497,0,0.0,4497.0,449.7,821,2021,4,December,Thursday,10.0,Mohit Aggarwal,Patna        , Bihar         ,800001,24Mohit@gmail.com,820169596,H&M T-Shirt,Clothing,1499,,,,
2022-12-31,24,0,P008,3,5499,16497,0,0.0,16497.0,1649.7,1463,2022,4,December,Saturday,10.0,Mohit Aggarwal,Patna        , Bihar         ,800001,24Mohit@gmail.com,820169596,Puma Sports Shoes,Footwear,5499,,,,
2022-09-05,24,0,P027,3,699,2097,0,0.0,2097.0,209.7,175,2022,3,September,Monday,10.0,Mohit Aggarwal,Patna        , Bihar         ,800001,24Mohit@gmail.com,820169596,L'Oreal Shampoo,Personal Care,699,,,,
2020-12-22,24,0,P004,3,64999,194997,0,0.0,194997.0,19499.7,204,2020,4,December,Tuesday,10.0,Mohit Aggarwal,Patna        , Bihar         ,800001,24Mohit@gmail.com,820169596,HP Pavilion Laptop,Electronics,64999,,,,
2020-10-03,24,0,P001,3,79999,239997,0,0.0,239997.0,23999.7,225,2020,4,October,Saturday,10.0,Mohit Aggarwal,Patna        , Bihar         ,800001,24Mohit@gmail.com,820169596,Apple iPhone 14,Electronics,79999,,,,
2023-02-28,24,0,P005,3,92499,277497,0,0.0,277497.0,27749.7,627,2023,1,February,Tuesday,10.0,Mohit Aggarwal,Patna        , Bihar         ,800001,24Mohit@gmail.com,820169596,Apple MacBook Air,Electronics,92499,,,,
2020-02-08,24,0,P016,3,24999,74997,0,0.0,74997.0,7499.7,701,2020,1,February,Saturday,10.0,Mohit Aggarwal,Patna        , Bihar         ,800001,24Mohit@gmail.com,820169596,LG Washing Machine,Home Appliances,24999,,,,
2022-11-09,24,0,P001,3,79999,239997,0,0.0,239997.0,23999.7,964,2022,4,November,Wednesday,10.0,Mohit Aggarwal,Patna        , Bihar         ,800001,24Mohit@gmail.com,820169596,Apple iPhone 14,Electronics,79999,,,,
2023-03-28,24,0,P024,3,2799,8397,0,0.0,8397.0,839.7,1094,2023,1,March,Tuesday,10.0,Mohit Aggarwal,Patna        , Bihar         ,800001,24Mohit@gmail.com,820169596,Puma Backpack,Bags,2799,,,,
2022-09-29,24,0,P019,3,5999,17997,0,0.0,17997.0,1799.7,1552,2022,3,September,Thursday,10.0,Mohit Aggarwal,Patna        , Bihar         ,800001,24Mohit@gmail.com,820169596,Titan Wrist Watch,Accessories,5999,,,,
2023-10-18,24,0,P027,3,699,2097,0,0.0,2097.0,209.7,1774,2023,4,October,Wednesday,10.0,Mohit Aggarwal,Patna        , Bihar         ,800001,24Mohit@gmail.com,820169596,L'Oreal Shampoo,Personal Care,699,,,,
2020-06-04,24,0,P005,3,92499,277497,0,0.0,277497.0,27749.7,1943,2020,2,June,Thursday,10.0,Mohit Aggarwal,Patna        , Bihar         ,800001,24Mohit@gmail.com,820169596,Apple MacBook Air,Electronics,92499,,,,
2023-11-28,24,0,P017,3,10499,31497,0,0.0,31497.0,3149.7,2029,2023,4,November,Tuesday,10.0,Mohit Aggarwal,Patna        , Bihar         ,800001,24Mohit@gmail.com,820169596,IFB Microwave Oven,Home Appliances,10499,,,,
2021-07-12,24,0,P017,3,10499,31497,0,0.0,31497.0,3149.7,2037,2021,3,July,Monday,10.0,Mohit Aggarwal,Patna        , Bihar         ,800001,24Mohit@gmail.com,820169596,IFB Microwave Oven,Home Appliances,10499,,,,
2023-09-23,24,0,P005,3,92499,277497,0,0.0,277497.0,27749.7,2076,2023,3,September,Saturday,10.0,Mohit Aggarwal,Patna        , Bihar         ,800001,24Mohit@gmail.com,820169596,Apple MacBook Air,Electronics,92499,,,,
2020-12-11,24,0,P013,3,15999,47997,0,0.0,47997.0,4799.7,2335,2020,4,December,Friday,10.0,Mohit Aggarwal,Patna        , Bihar         ,800001,24Mohit@gmail.com,820169596,Raymond Suit,Clothing,15999,,,,
2020-07-16,24,0,P013,3,15999,47997,0,0.0,47997.0,4799.7,2377,2020,3,July,Thursday,10.0,Mohit Aggarwal,Patna        , Bihar         ,800001,24Mohit@gmail.com,820169596,Raymond Suit,Clothing,15999,,,,
2022-09-15,24,0,P014,3,4999,14997,0,0.0,14997.0,1499.7,2462,2022,3,September,Thursday,10.0,Mohit Aggarwal,Patna        , Bihar         ,800001,24Mohit@gmail.com,820169596,Bajaj Mixer Grinder,Home Appliances,4999,,,,
2020-01-21,24,0,P015,3,8499,25497,0,0.0,25497.0,2549.7,2518,2020,1,January,Tuesday,10.0,Mohit Aggarwal,Patna        , Bihar         ,800001,24Mohit@gmail.com,820169596,Philips Air Fryer,Home Appliances,8499,,,,
2023-08-12,24,0,P003,3,89999,269997,0,0.0,269997.0,26999.7,2561,2023,3,August,Saturday,10.0,Mohit Aggarwal,Patna        , Bihar         ,800001,24Mohit@gmail.com,820169596,"Sony Bravia 55"" TV",Electronics,89999,,,,
2022-06-10,24,0,P003,3,89999,269997,0,0.0,269997.0,26999.7,2593,2022,2,June,Friday,10.0,Mohit Aggarwal,Patna        , Bihar         ,800001,24Mohit@gmail.com,820169596,"Sony Bravia 55"" TV",Electronics,89999,,,,
2020-07-24,24,0,P005,3,92499,277497,0,0.0,277497.0,27749.7,2848,2020,3,July,Friday,10.0,Mohit Aggarwal,Patna        , Bihar         ,800001,24Mohit@gmail.com,820169596,Apple MacBook Air,Electronics,92499,,,,
2021-10-23,24,0,P009,3,3499,10497,0,0.0,10497.0,1049.7,2943,2021,4,October,Saturday,10.0,Mohit Aggarwal,Patna        , Bihar         ,800001,24Mohit@gmail.com,820169596,Levi's Denim Jeans,Clothing,3499,,,,
2020-12-10,24,0,P014,3,4999,14997,0,0.0,14997.0,1499.7,3128,2020,4,December,Thursday,10.0,Mohit Aggarwal,Patna        , Bihar         ,800001,24Mohit@gmail.com,820169596,Bajaj Mixer Grinder,Home Appliances,4999,,,,
2020-08-08,24,0,P009,3,3499,10497,0,0.0,10497.0,1049.7,3263,2020,3,August,Saturday,10.0,Mohit Aggarwal,Patna        , Bihar         ,800001,24Mohit@gmail.com,820169596,Levi's Denim Jeans,Clothing,3499,,,,
2020-02-20,24,0,P020,2,12999,25998,0,0.0,25998.0,2599.8,33,2020,1,February,Thursday,10.0,Mohit Aggarwal,Patna        , Bihar         ,800001,24Mohit@gmail.com,820169596,Fossil Smartwatch,Accessories,12999,,,,
2020-06-05,24,0,P006,2,7499,14998,0,0.0,14998.0,1499.8,82,2020,2,June,Friday,10.0,Mohit Aggarwal,Patna        , Bihar         ,800001,24Mohit@gmail.com,820169596,Nike Running Shoes,Footwear,7499,,,,
2023-08-01,24,0,P030,2,399,798,0,0.0,798.0,79.8,111,2023,3,August,Tuesday,10.0,Mohit Aggarwal,Patna        , Bihar         ,800001,24Mohit@gmail.com,820169596,Nivea Body Lotion,Personal Care,399,,,,
2022-11-10,24,0,P007,2,6999,13998,0,0.0,13998.0,1399.8,349,2022,4,November,Thursday,10.0,Mohit Aggarwal,Patna        , Bihar         ,800001,24Mohit@gmail.com,820169596,Adidas Sneakers,Footwear,6999,,,,
2021-03-20,24,0,P003,2,89999,179998,0,0.0,179998.0,17999.8,395,2021,1,March,Saturday,10.0,Mohit Aggarwal,Patna        , Bihar         ,800001,24Mohit@gmail.com,820169596,"Sony Bravia 55"" TV",Electronics,89999,,,,
2023-02-24,24,0,P004,2,64999,129998,0,0.0,129998.0,12999.8,579,2023,1,February,Friday,10.0,Mohit Aggarwal,Patna        , Bihar         ,800001,24Mohit@gmail.com,820169596,HP Pavilion Laptop,Electronics,64999,,,,
2021-02-14,24,0,P010,2,2199,4398,0,0.0,4398.0,439.8,706,2021,1,February,Sunday,10.0,Mohit Aggarwal,Patna        , Bihar         ,800001,24Mohit@gmail.com,820169596,Zara Casual Shirt,Clothing,2199,,,,
2023-06-01,24,0,P014,2,4999,9998,0,0.0,9998.0,999.8,734,2023,2,June,Thursday,10.0,Mohit Aggarwal,Patna        , Bihar         ,800001,24Mohit@gmail.com,820169596,Bajaj Mixer Grinder,Home Appliances,4999,,,,
2021-10-09,24,0,P028,2,349,698,0,0.0,698.0,69.8,1304,2021,4,October,Saturday,10.0,Mohit Aggarwal,Patna        , Bihar         ,800001,24Mohit@gmail.com,820169596,Dove Soap Pack,Personal Care,349,,,,
2023-06-02,24,0,P021,2,1299,2598,0,0.0,2598.0,259.8,1531,2023,2,June,Friday,10.0,Mohit Aggarwal,Patna        , Bihar         ,800001,24Mohit@gmail.com,820169596,Tupperware Lunch Box,Kitchenware,1299,,,,
2022-12-19,24,0,P028,2,349,698,0,0.0,698.0,69.8,1560,2022,4,December,Monday,10.0,Mohit Aggarwal,Patna        , Bihar         ,800001,24Mohit@gmail.com,820169596,Dove Soap Pack,Personal Care,349,,,,
2022-11-12,24,0,P025,2,8999,17998,0,0.0,17998.0,1799.8,1656,2022,4,November,Saturday,10.0,Mohit Aggarwal,Patna        , Bihar         ,800001,24Mohit@gmail.com,820169596,American Tourister Suitcase,Bags,8999,,,,
2020-02-23,24,0,P005,2,92499,184998,0,0.0,184998.0,18499.8,2480,2020,1,February,Sunday,10.0,Mohit Aggarwal,Patna        , Bihar         ,800001,24Mohit@gmail.com,820169596,Apple MacBook Air,Electronics,92499,,,,
2023-06-06,24,0,P028,2,349,698,0,0.0,698.0,69.8,2542,2023,2,June,Tuesday,10.0,Mohit Aggarwal,Patna        , Bihar         ,800001,24Mohit@gmail.com,820169596,Dove Soap Pack,Personal Care,349,,,,
2022-02-10,24,0,P011,2,1499,2998,0,0.0,2998.0,299.8,2545,2022,1,February,Thursday,10.0,Mohit Aggarwal,Patna        , Bihar         ,800001,24Mohit@gmail.com,820169596,H&M T-Shirt,Clothing,1499,,,,
2022-12-03,24,0,P015,2,8499,16998,0,0.0,16998.0,1699.8,2681,2022,4,December,Saturday,10.0,Mohit Aggarwal,Patna        , Bihar         ,800001,24Mohit@gmail.com,820169596,Philips Air Fryer,Home Appliances,8499,,,,
2023-12-03,24,0,P011,2,1499,2998,0,0.0,2998.0,299.8,3436,2023,4,December,Sunday,10.0,Mohit Aggarwal,Patna        , Bihar         ,800001,24Mohit@gmail.com,820169596,H&M T-Shirt,Clothing,1499,,,,
2020-01-25,24,0,P026,2,5499,10998,0,0.0,10998.0,1099.8,3363,2020,1,January,Saturday,10.0,Mohit Aggarwal,Patna        , Bihar         ,800001,24Mohit@gmail.com,820169596,Wildcraft Hiking Bag,Bags,5499,,,,
2022-11-28,24,0,P021,1,1299,1299,0,0.0,1299.0,129.9,192,2022,4,November,Monday,10.0,Mohit Aggarwal,Patna        , Bihar         ,800001,24Mohit@gmail.com,820169596,Tupperware Lunch Box,Kitchenware,1299,,,,
2022-06-13,24,0,P010,1,2199,2199,0,0.0,2199.0,219.9,197,2022,2,June,Monday,10.0,Mohit Aggarwal,Patna        , Bihar         ,800001,24Mohit@gmail.com,820169596,Zara Casual Shirt,Clothing,2199,,,,
2020-10-12,24,0,P022,1,1999,1999,0,0.0,1999.0,199.9,442,2020,4,October,Monday,10.0,Mohit Aggarwal,Patna        , Bihar         ,800001,24Mohit@gmail.com,820169596,Borosil Glass Set,Kitchenware,1999,,,,
2022-03-09,24,0,P015,1,8499,8499,0,0.0,8499.0,849.9,464,2022,1,March,Wednesday,10.0,Mohit Aggarwal,Patna        , Bihar         ,800001,24Mohit@gmail.com,820169596,Philips Air Fryer,Home Appliances,8499,,,,
2020-11-25,24,0,P013,1,15999,15999,0,0.0,15999.0,1599.9,491,2020,4,November,Wednesday,10.0,Mohit Aggarwal,Patna        , Bihar         ,800001,24Mohit@gmail.com,820169596,Raymond Suit,Clothing,15999,,,,
2021-10-23,24,0,P017,1,10499,10499,0,0.0,10499.0,1049.9,648,2021,4,October,Saturday,10.0,Mohit Aggarwal,Patna        , Bihar         ,800001,24Mohit@gmail.com,820169596,IFB Microwave Oven,Home Appliances,10499,,,,
2022-10-25,24,0,P018,1,2299,2299,0,0.0,2299.0,229.9,718,2022,4,October,Tuesday,10.0,Mohit Aggarwal,Patna        , Bihar         ,800001,24Mohit@gmail.com,820169596,Prestige Pressure Cooker,Home Appliances,2299,,,,
2023-03-13,24,0,P029,1,99,99,0,0.0,99.0,9.9,858,2023,1,March,Monday,10.0,Mohit Aggarwal,Patna        , Bihar         ,800001,24Mohit@gmail.com,820169596,Colgate Toothpaste,Personal Care,99,,,,
2020-01-01,24,0,P004,1,64999,64999,0,0.0,64999.0,6499.9,1012,2020,1,January,Wednesday,10.0,Mohit Aggarwal,Patna        , Bihar         ,800001,24Mohit@gmail.com,820169596,HP Pavilion Laptop,Electronics,64999,,,,
2023-06-04,24,0,P005,1,92499,92499,0,0.0,92499.0,9249.9,1035,2023,2,June,Sunday,10.0,Mohit Aggarwal,Patna        , Bihar         ,800001,24Mohit@gmail.com,820169596,Apple MacBook Air,Electronics,92499,,,,
2023-11-21,24,0,P019,1,5999,5999,0,0.0,5999.0,599.9,1078,2023,4,November,Tuesday,10.0,Mohit Aggarwal,Patna        , Bihar         ,800001,24Mohit@gmail.com,820169596,Titan Wrist Watch,Accessories,5999,,,,
2021-09-17,24,0,P024,1,2799,2799,0,0.0,2799.0,279.9,2084,2021,3,September,Friday,10.0,Mohit Aggarwal,Patna        , Bihar         ,800001,24Mohit@gmail.com,820169596,Puma Backpack,Bags,2799,,,,
2020-06-16,24,0,P023,1,1499,1499,0,0.0,1499.0,149.9,2249,2020,2,June,Tuesday,10.0,Mohit Aggarwal,Patna        , Bihar         ,800001,24Mohit@gmail.com,820169596,Milton Thermos Flask,Kitchenware,1499,,,,
2023-12-12,24,0,P020,1,12999,12999,0,0.0,12999.0,1299.9,2517,2023,4,December,Tuesday,10.0,Mohit Aggarwal,Patna        , Bihar         ,800001,24Mohit@gmail.com,820169596,Fossil Smartwatch,Accessories,12999,,,,
2022-09-11,24,0,P007,1,6999,6999,0,0.0,6999.0,699.9,2549,2022,3,September,Sunday,10.0,Mohit Aggarwal,Patna        , Bihar         ,800001,24Mohit@gmail.com,820169596,Adidas Sneakers,Footwear,6999,,,,
2020-08-18,24,0,P006,1,7499,7499,0,0.0,7499.0,749.9,2855,2020,3,August,Tuesday,10.0,Mohit Aggarwal,Patna        , Bihar         ,800001,24Mohit@gmail.com,820169596,Nike Running Shoes,Footwear,7499,,,,
2022-05-29,24,PR001,P022,2,1999,3998,20,799.6,3198.4,319.84,287,2022,2,May,Sunday,10.0,Mohit Aggarwal,Patna        , Bihar         ,800001,24Mohit@gmail.com,820169596,Borosil Glass Set,Kitchenware,1999,Summer Sale,Email,SUMMER21,20% off
2020-05-31,24,PR001,P003,2,89999,179998,20,35999.6,143998.4,14399.84,978,2020,2,May,Sunday,10.0,Mohit Aggarwal,Patna        , Bihar         ,800001,24Mohit@gmail.com,820169596,"Sony Bravia 55"" TV",Electronics,89999,Summer Sale,Email,SUMMER21,20% off
2022-04-17,24,PR001,P019,2,5999,11998,20,2399.6,9598.4,959.84,1878,2022,2,April,Sunday,10.0,Mohit Aggarwal,Patna        , Bihar         ,800001,24Mohit@gmail.com,820169596,Titan Wrist Watch,Accessories,5999,Summer Sale,Email,SUMMER21,20% off
2020-05-13,24,PR001,P015,2,8499,16998,20,3399.6,13598.4,1359.84,2107,2020,2,May,Wednesday,10.0,Mohit Aggarwal,Patna        , Bihar         ,800001,24Mohit@gmail.com,820169596,Philips Air Fryer,Home Appliances,8499,Summer Sale,Email,SUMMER21,20% off
2022-05-19,24,PR001,P005,2,92499,184998,20,36999.6,147998.4,14799.84,2876,2022,2,May,Thursday,10.0,Mohit Aggarwal,Patna        , Bihar         ,800001,24Mohit@gmail.com,820169596,Apple MacBook Air,Electronics,92499,Summer Sale,Email,SUMMER21,20% off
2021-05-13,24,PR001,P020,3,12999,38997,20,7799.4,31197.6,3119.76,1117,2021,2,May,Thursday,10.0,Mohit Aggarwal,Patna        , Bihar         ,800001,24Mohit@gmail.com,820169596,Fossil Smartwatch,Accessories,12999,Summer Sale,Email,SUMMER21,20% off
2020-01-27,25,0,P027,2,699,1398,0,0.0,1398.0,139.8,2529,2020,1,January,Monday,10.0,Naina Chauhan,Kanpur       , Uttar Pradesh ,208001,25Naina@gmail.com,963281758,L'Oreal Shampoo,Personal Care,699,,,,
2020-06-22,25,0,P011,3,1499,4497,0,0.0,4497.0,449.7,2606,2020,2,June,Monday,10.0,Naina Chauhan,Kanpur       , Uttar Pradesh ,208001,25Naina@gmail.com,963281758,H&M T-Shirt,Clothing,1499,,,,
2020-08-07,25,0,P008,3,5499,16497,0,0.0,16497.0,1649.7,1144,2020,3,August,Friday,10.0,Naina Chauhan,Kanpur       , Uttar Pradesh ,208001,25Naina@gmail.com,963281758,Puma Sports Shoes,Footwear,5499,,,,
2023-01-12,25,0,P013,3,15999,47997,0,0.0,47997.0,4799.7,653,2023,1,January,Thursday,10.0,Naina Chauhan,Kanpur       , Uttar Pradesh ,208001,25Naina@gmail.com,963281758,Raymond Suit,Clothing,15999,,,,
2023-01-21,25,0,P012,3,2999,8997,0,0.0,8997.0,899.7,670,2023,1,January,Saturday,10.0,Naina Chauhan,Kanpur       , Uttar Pradesh ,208001,25Naina@gmail.com,963281758,FabIndia Kurta,Clothing,2999,,,,
2022-11-07,25,0,P027,3,699,2097,0,0.0,2097.0,209.7,988,2022,4,November,Monday,10.0,Naina Chauhan,Kanpur       , Uttar Pradesh ,208001,25Naina@gmail.com,963281758,L'Oreal Shampoo,Personal Care,699,,,,
2021-11-02,25,0,P004,3,64999,194997,0,0.0,194997.0,19499.7,1061,2021,4,November,Tuesday,10.0,Naina Chauhan,Kanpur       , Uttar Pradesh ,208001,25Naina@gmail.com,963281758,HP Pavilion Laptop,Electronics,64999,,,,
2022-06-07,25,0,P018,3,2299,6897,0,0.0,6897.0,689.7,1359,2022,2,June,Tuesday,10.0,Naina Chauhan,Kanpur       , Uttar Pradesh ,208001,25Naina@gmail.com,963281758,Prestige Pressure Cooker,Home Appliances,2299,,,,
2023-09-21,25,0,P001,3,79999,239997,0,0.0,239997.0,23999.7,1533,2023,3,September,Thursday,10.0,Naina Chauhan,Kanpur       , Uttar Pradesh ,208001,25Naina@gmail.com,963281758,Apple iPhone 14,Electronics,79999,,,,
2022-03-24,25,0,P025,3,8999,26997,0,0.0,26997.0,2699.7,1549,2022,1,March,Thursday,10.0,Naina Chauhan,Kanpur       , Uttar Pradesh ,208001,25Naina@gmail.com,963281758,American Tourister Suitcase,Bags,8999,,,,
2020-09-22,25,0,P028,3,349,1047,0,0.0,1047.0,104.7,1725,2020,3,September,Tuesday,10.0,Naina Chauhan,Kanpur       , Uttar Pradesh ,208001,25Naina@gmail.com,963281758,Dove Soap Pack,Personal Care,349,,,,
2023-06-04,25,0,P013,3,15999,47997,0,0.0,47997.0,4799.7,1747,2023,2,June,Sunday,10.0,Naina Chauhan,Kanpur       , Uttar Pradesh ,208001,25Naina@gmail.com,963281758,Raymond Suit,Clothing,15999,,,,
2020-10-17,25,0,P017,3,10499,31497,0,0.0,31497.0,3149.7,1761,2020,4,October,Saturday,10.0,Naina Chauhan,Kanpur       , Uttar Pradesh ,208001,25Naina@gmail.com,963281758,IFB Microwave Oven,Home Appliances,10499,,,,
2022-11-03,25,0,P002,3,69999,209997,0,0.0,209997.0,20999.7,1861,2022,4,November,Thursday,10.0,Naina Chauhan,Kanpur       , Uttar Pradesh ,208001,25Naina@gmail.com,963281758,Samsung Galaxy S21,Electronics,69999,,,,
2022-03-27,25,0,P001,3,79999,239997,0,0.0,239997.0,23999.7,2537,2022,1,March,Sunday,10.0,Naina Chauhan,Kanpur       , Uttar Pradesh ,208001,25Naina@gmail.com,963281758,Apple iPhone 14,Electronics,79999,,,,
2022-01-26,25,0,P005,3,92499,277497,0,0.0,277497.0,27749.7,2562,2022,1,January,Wednesday,10.0,Naina Chauhan,Kanpur       , Uttar Pradesh ,208001,25Naina@gmail.com,963281758,Apple MacBook Air,Electronics,92499,,,,
2021-12-03,25,0,P006,3,7499,22497,0,0.0,22497.0,2249.7,2767,2021,4,December,Friday,10.0,Naina Chauhan,Kanpur       , Uttar Pradesh ,208001,25Naina@gmail.com,963281758,Nike Running Shoes,Footwear,7499,,,,
2021-06-06,25,0,P003,3,89999,269997,0,0.0,269997.0,26999.7,3050,2021,2,June,Sunday,10.0,Naina Chauhan,Kanpur       , Uttar Pradesh ,208001,25Naina@gmail.com,963281758,"Sony Bravia 55"" TV",Electronics,89999,,,,
2021-09-09,25,0,P018,3,2299,6897,0,0.0,6897.0,689.7,3164,2021,3,September,Thursday,10.0,Naina Chauhan,Kanpur       , Uttar Pradesh ,208001,25Naina@gmail.com,963281758,Prestige Pressure Cooker,Home Appliances,2299,,,,
2020-09-08,25,0,P029,3,99,297,0,0.0,297.0,29.7,3411,2020,3,September,Tuesday,10.0,Naina Chauhan,Kanpur       , Uttar Pradesh ,208001,25Naina@gmail.com,963281758,Colgate Toothpaste,Personal Care,99,,,,
2021-06-19,25,0,P007,3,6999,20997,0,0.0,20997.0,2099.7,3448,2021,2,June,Saturday,10.0,Naina Chauhan,Kanpur       , Uttar Pradesh ,208001,25Naina@gmail.com,963281758,Adidas Sneakers,Footwear,6999,,,,
2023-02-02,25,0,P029,2,99,198,0,0.0,198.0,19.8,24,2023,1,February,Thursday,10.0,Naina Chauhan,Kanpur       , Uttar Pradesh ,208001,25Naina@gmail.com,963281758,Colgate Toothpaste,Personal Care,99,,,,
2020-08-27,25,0,P007,2,6999,13998,0,0.0,13998.0,1399.8,132,2020,3,August,Thursday,10.0,Naina Chauhan,Kanpur       , Uttar Pradesh ,208001,25Naina@gmail.com,963281758,Adidas Sneakers,Footwear,6999,,,,
2021-07-13,25,0,P027,2,699,1398,0,0.0,1398.0,139.8,267,2021,3,July,Tuesday,10.0,Naina Chauhan,Kanpur       , Uttar Pradesh ,208001,25Naina@gmail.com,963281758,L'Oreal Shampoo,Personal Care,699,,,,
2020-07-10,25,0,P015,2,8499,16998,0,0.0,16998.0,1699.8,461,2020,3,July,Friday,10.0,Naina Chauhan,Kanpur       , Uttar Pradesh ,208001,25Naina@gmail.com,963281758,Philips Air Fryer,Home Appliances,8499,,,,
2023-08-16,25,0,P015,2,8499,16998,0,0.0,16998.0,1699.8,853,2023,3,August,Wednesday,10.0,Naina Chauhan,Kanpur       , Uttar Pradesh ,208001,25Naina@gmail.com,963281758,Philips Air Fryer,Home Appliances,8499,,,,
2020-10-26,25,0,P014,2,4999,9998,0,0.0,9998.0,999.8,1079,2020,4,October,Monday,10.0,Naina Chauhan,Kanpur       , Uttar Pradesh ,208001,25Naina@gmail.com,963281758,Bajaj Mixer Grinder,Home Appliances,4999,,,,
2021-08-01,25,0,P015,2,8499,16998,0,0.0,16998.0,1699.8,1275,2021,3,August,Sunday,10.0,Naina Chauhan,Kanpur       , Uttar Pradesh ,208001,25Naina@gmail.com,963281758,Philips Air Fryer,Home Appliances,8499,,,,
2021-01-06,25,0,P004,2,64999,129998,0,0.0,129998.0,12999.8,1545,2021,1,January,Wednesday,10.0,Naina Chauhan,Kanpur       , Uttar Pradesh ,208001,25Naina@gmail.com,963281758,HP Pavilion Laptop,Electronics,64999,,,,
2022-02-08,25,0,P021,2,1299,2598,0,0.0,2598.0,259.8,1794,2022,1,February,Tuesday,10.0,Naina Chauhan,Kanpur       , Uttar Pradesh ,208001,25Naina@gmail.com,963281758,Tupperware Lunch Box,Kitchenware,1299,,,,
2022-03-04,25,0,P025,2,8999,17998,0,0.0,17998.0,1799.8,2010,2022,1,March,Friday,10.0,Naina Chauhan,Kanpur       , Uttar Pradesh ,208001,25Naina@gmail.com,963281758,American Tourister Suitcase,Bags,8999,,,,
2022-07-28,25,0,P012,2,2999,5998,0,0.0,5998.0,599.8,2100,2022,3,July,Thursday,10.0,Naina Chauhan,Kanpur       , Uttar Pradesh ,208001,25Naina@gmail.com,963281758,FabIndia Kurta,Clothing,2999,,,,
2022-03-06,25,0,P029,2,99,198,0,0.0,198.0,19.8,2253,2022,1,March,Sunday,10.0,Naina Chauhan,Kanpur       , Uttar Pradesh ,208001,25Naina@gmail.com,963281758,Colgate Toothpaste,Personal Care,99,,,,
2022-12-20,25,0,P018,2,2299,4598,0,0.0,4598.0,459.8,2261,2022,4,December,Tuesday,10.0,Naina Chauhan,Kanpur       , Uttar Pradesh ,208001,25Naina@gmail.com,963281758,Prestige Pressure Cooker,Home Appliances,2299,,,,
2020-12-07,25,0,P021,2,1299,2598,0,0.0,2598.0,259.8,2438,2020,4,December,Monday,10.0,Naina Chauhan,Kanpur       , Uttar Pradesh ,208001,25Naina@gmail.com,963281758,Tupperware Lunch Box,Kitchenware,1299,,,,
2020-06-15,25,0,P005,2,92499,184998,0,0.0,184998.0,18499.8,2451,2020,2,June,Monday,10.0,Naina Chauhan,Kanpur       , Uttar Pradesh ,208001,25Naina@gmail.com,963281758,Apple MacBook Air,Electronics,92499,,,,
2023-07-07,25,0,P011,3,1499,4497,0,0.0,4497.0,449.7,768,2023,3,July,Friday,10.0,Naina Chauhan,Kanpur       , Uttar Pradesh ,208001,25Naina@gmail.com,963281758,H&M T-Shirt,Clothing,1499,,,,
2022-11-23,25,0,P010,2,2199,4398,0,0.0,4398.0,439.8,2671,2022,4,November,Wednesday,10.0,Naina Chauhan,Kanpur       , Uttar Pradesh ,208001,25Naina@gmail.com,963281758,Zara Casual Shirt,Clothing,2199,,,,
2020-08-23,25,0,P007,2,6999,13998,0,0.0,13998.0,1399.8,2736,2020,3,August,Sunday,10.0,Naina Chauhan,Kanpur       , Uttar Pradesh ,208001,25Naina@gmail.com,963281758,Adidas Sneakers,Footwear,6999,,,,
2020-10-15,25,0,P007,2,6999,13998,0,0.0,13998.0,1399.8,3272,2020,4,October,Thursday,10.0,Naina Chauhan,Kanpur       , Uttar Pradesh ,208001,25Naina@gmail.com,963281758,Adidas Sneakers,Footwear,6999,,,,
2023-11-16,25,0,P022,2,1999,3998,0,0.0,3998.0,399.8,3338,2023,4,November,Thursday,10.0,Naina Chauhan,Kanpur       , Uttar Pradesh ,208001,25Naina@gmail.com,963281758,Borosil Glass Set,Kitchenware,1999,,,,
2020-11-08,25,0,P019,2,5999,11998,0,0.0,11998.0,1199.8,3347,2020,4,November,Sunday,10.0,Naina Chauhan,Kanpur       , Uttar Pradesh ,208001,25Naina@gmail.com,963281758,Titan Wrist Watch,Accessories,5999,,,,
2022-10-01,25,0,P024,2,2799,5598,0,0.0,5598.0,559.8,3398,2022,4,October,Saturday,10.0,Naina Chauhan,Kanpur       , Uttar Pradesh ,208001,25Naina@gmail.com,963281758,Puma Backpack,Bags,2799,,,,
2021-01-07,25,0,P008,2,5499,10998,0,0.0,10998.0,1099.8,1675,2021,1,January,Thursday,10.0,Naina Chauhan,Kanpur       , Uttar Pradesh ,208001,25Naina@gmail.com,963281758,Puma Sports Shoes,Footwear,5499,,,,
2023-07-13,25,0,P008,2,5499,10998,0,0.0,10998.0,1099.8,2605,2023,3,July,Thursday,10.0,Naina Chauhan,Kanpur       , Uttar Pradesh ,208001,25Naina@gmail.com,963281758,Puma Sports Shoes,Footwear,5499,,,,
2022-02-09,25,0,P002,1,69999,69999,0,0.0,69999.0,6999.9,50,2022,1,February,Wednesday,10.0,Naina Chauhan,Kanpur       , Uttar Pradesh ,208001,25Naina@gmail.com,963281758,Samsung Galaxy S21,Electronics,69999,,,,
2023-08-12,25,0,P002,1,69999,69999,0,0.0,69999.0,6999.9,370,2023,3,August,Saturday,10.0,Naina Chauhan,Kanpur       , Uttar Pradesh ,208001,25Naina@gmail.com,963281758,Samsung Galaxy S21,Electronics,69999,,,,
2021-01-25,25,0,P009,1,3499,3499,0,0.0,3499.0,349.9,834,2021,1,January,Monday,10.0,Naina Chauhan,Kanpur       , Uttar Pradesh ,208001,25Naina@gmail.com,963281758,Levi's Denim Jeans,Clothing,3499,,,,
2022-08-18,25,0,P012,1,2999,2999,0,0.0,2999.0,299.9,1071,2022,3,August,Thursday,10.0,Naina Chauhan,Kanpur       , Uttar Pradesh ,208001,25Naina@gmail.com,963281758,FabIndia Kurta,Clothing,2999,,,,
2021-10-03,25,0,P015,1,8499,8499,0,0.0,8499.0,849.9,1286,2021,4,October,Sunday,10.0,Naina Chauhan,Kanpur       , Uttar Pradesh ,208001,25Naina@gmail.com,963281758,Philips Air Fryer,Home Appliances,8499,,,,
2023-10-08,25,0,P030,1,399,399,0,0.0,399.0,39.9,1607,2023,4,October,Sunday,10.0,Naina Chauhan,Kanpur       , Uttar Pradesh ,208001,25Naina@gmail.com,963281758,Nivea Body Lotion,Personal Care,399,,,,
2020-09-06,25,0,P004,1,64999,64999,0,0.0,64999.0,6499.9,2000,2020,3,September,Sunday,10.0,Naina Chauhan,Kanpur       , Uttar Pradesh ,208001,25Naina@gmail.com,963281758,HP Pavilion Laptop,Electronics,64999,,,,
2021-01-27,25,0,P026,1,5499,5499,0,0.0,5499.0,549.9,2299,2021,1,January,Wednesday,10.0,Naina Chauhan,Kanpur       , Uttar Pradesh ,208001,25Naina@gmail.com,963281758,Wildcraft Hiking Bag,Bags,5499,,,,
2023-12-13,25,0,P010,1,2199,2199,0,0.0,2199.0,219.9,2471,2023,4,December,Wednesday,10.0,Naina Chauhan,Kanpur       , Uttar Pradesh ,208001,25Naina@gmail.com,963281758,Zara Casual Shirt,Clothing,2199,,,,
2023-08-03,25,0,P017,1,10499,10499,0,0.0,10499.0,1049.9,2738,2023,3,August,Thursday,10.0,Naina Chauhan,Kanpur       , Uttar Pradesh ,208001,25Naina@gmail.com,963281758,IFB Microwave Oven,Home Appliances,10499,,,,
2022-08-07,25,0,P025,1,8999,8999,0,0.0,8999.0,899.9,2961,2022,3,August,Sunday,10.0,Naina Chauhan,Kanpur       , Uttar Pradesh ,208001,25Naina@gmail.com,963281758,American Tourister Suitcase,Bags,8999,,,,
2022-03-05,25,0,P004,1,64999,64999,0,0.0,64999.0,6499.9,2981,2022,1,March,Saturday,10.0,Naina Chauhan,Kanpur       , Uttar Pradesh ,208001,25Naina@gmail.com,963281758,HP Pavilion Laptop,Electronics,64999,,,,
2020-07-24,25,0,P009,1,3499,3499,0,0.0,3499.0,349.9,3047,2020,3,July,Friday,10.0,Naina Chauhan,Kanpur       , Uttar Pradesh ,208001,25Naina@gmail.com,963281758,Levi's Denim Jeans,Clothing,3499,,,,
2021-02-20,25,0,P015,1,8499,8499,0,0.0,8499.0,849.9,3080,2021,1,February,Saturday,10.0,Naina Chauhan,Kanpur       , Uttar Pradesh ,208001,25Naina@gmail.com,963281758,Philips Air Fryer,Home Appliances,8499,,,,
2020-12-28,25,0,P022,1,1999,1999,0,0.0,1999.0,199.9,3130,2020,4,December,Monday,10.0,Naina Chauhan,Kanpur       , Uttar Pradesh ,208001,25Naina@gmail.com,963281758,Borosil Glass Set,Kitchenware,1999,,,,
2022-04-29,25,PR001,P015,2,8499,16998,20,3399.6,13598.4,1359.84,1192,2022,2,April,Friday,10.0,Naina Chauhan,Kanpur       , Uttar Pradesh ,208001,25Naina@gmail.com,963281758,Philips Air Fryer,Home Appliances,8499,Summer Sale,Email,SUMMER21,20% off
2022-04-13,25,PR001,P019,2,5999,11998,20,2399.6,9598.4,959.84,1300,2022,2,April,Wednesday,10.0,Naina Chauhan,Kanpur       , Uttar Pradesh ,208001,25Naina@gmail.com,963281758,Titan Wrist Watch,Accessories,5999,Summer Sale,Email,SUMMER21,20% off
2020-04-08,25,PR001,P025,2,8999,17998,20,3599.6,14398.4,1439.84,1301,2020,2,April,Wednesday,10.0,Naina Chauhan,Kanpur       , Uttar Pradesh ,208001,25Naina@gmail.com,963281758,American Tourister Suitcase,Bags,8999,Summer Sale,Email,SUMMER21,20% off
2021-04-17,25,PR001,P005,2,92499,184998,20,36999.6,147998.4,14799.84,1611,2021,2,April,Saturday,10.0,Naina Chauhan,Kanpur       , Uttar Pradesh ,208001,25Naina@gmail.com,963281758,Apple MacBook Air,Electronics,92499,Summer Sale,Email,SUMMER21,20% off
2022-04-01,25,PR001,P013,2,15999,31998,20,6399.6,25598.4,2559.84,2850,2022,2,April,Friday,10.0,Naina Chauhan,Kanpur       , Uttar Pradesh ,208001,25Naina@gmail.com,963281758,Raymond Suit,Clothing,15999,Summer Sale,Email,SUMMER21,20% off
2022-04-20,25,PR001,P003,2,89999,179998,20,35999.6,143998.4,14399.84,3070,2022,2,April,Wednesday,10.0,Naina Chauhan,Kanpur       , Uttar Pradesh ,208001,25Naina@gmail.com,963281758,"Sony Bravia 55"" TV",Electronics,89999,Summer Sale,Email,SUMMER21,20% off
2020-05-13,25,PR001,P014,2,4999,9998,20,1999.6,7998.4,799.84,3108,2020,2,May,Wednesday,10.0,Naina Chauhan,Kanpur       , Uttar Pradesh ,208001,25Naina@gmail.com,963281758,Bajaj Mixer Grinder,Home Appliances,4999,Summer Sale,Email,SUMMER21,20% off
2021-05-30,25,PR001,P030,3,399,1197,20,239.4,957.6,95.76,1543,2021,2,May,Sunday,10.0,Naina Chauhan,Kanpur       , Uttar Pradesh ,208001,25Naina@gmail.com,963281758,Nivea Body Lotion,Personal Care,399,Summer Sale,Email,SUMMER21,20% off
2023-05-15,25,PR001,P019,3,5999,17997,20,3599.4,14397.6,1439.76,2203,2023,2,May,Monday,10.0,Naina Chauhan,Kanpur       , Uttar Pradesh ,208001,25Naina@gmail.com,963281758,Titan Wrist Watch,Accessories,5999,Summer Sale,Email,SUMMER21,20% off
2020-05-26,25,PR001,P001,3,79999,239997,20,47999.4,191997.6,19199.76,3501,2020,2,May,Tuesday,10.0,Naina Chauhan,Kanpur       , Uttar Pradesh ,208001,25Naina@gmail.com,963281758,Apple iPhone 14,Electronics,79999,Summer Sale,Email,SUMMER21,20% off
2020-04-11,25,PR001,P023,1,1499,1499,20,299.8,1199.2,119.92,453,2020,2,April,Saturday,10.0,Naina Chauhan,Kanpur       , Uttar Pradesh ,208001,25Naina@gmail.com,963281758,Milton Thermos Flask,Kitchenware,1499,Summer Sale,Email,SUMMER21,20% off
2023-05-08,25,PR001,P016,1,24999,24999,20,4999.8,19999.2,1999.92,1327,2023,2,May,Monday,10.0,Naina Chauhan,Kanpur       , Uttar Pradesh ,208001,25Naina@gmail.com,963281758,LG Washing Machine,Home Appliances,24999,Summer Sale,Email,SUMMER21,20% off
2020-04-09,25,PR001,P018,1,2299,2299,20,459.8,1839.2,183.92,2942,2020,2,April,Thursday,10.0,Naina Chauhan,Kanpur       , Uttar Pradesh ,208001,25Naina@gmail.com,963281758,Prestige Pressure Cooker,Home Appliances,2299,Summer Sale,Email,SUMMER21,20% off
2020-09-16,26,0,P012,2,2999,5998,0,0.0,5998.0,599.8,1555,2020,3,September,Wednesday,10.0,Neha Sinha,Kolkata      , West Bengal   ,700001,26Neha@gmail.com,892141514,FabIndia Kurta,Clothing,2999,,,,
2023-07-12,26,0,P011,3,1499,4497,0,0.0,4497.0,449.7,1479,2023,3,July,Wednesday,10.0,Neha Sinha,Kolkata      , West Bengal   ,700001,26Neha@gmail.com,892141514,H&M T-Shirt,Clothing,1499,,,,
2023-03-10,26,0,P011,3,1499,4497,0,0.0,4497.0,449.7,1497,2023,1,March,Friday,10.0,Neha Sinha,Kolkata      , West Bengal   ,700001,26Neha@gmail.com,892141514,H&M T-Shirt,Clothing,1499,,,,
2021-01-29,26,0,P008,3,5499,16497,0,0.0,16497.0,1649.7,3469,2021,1,January,Friday,10.0,Neha Sinha,Kolkata      , West Bengal   ,700001,26Neha@gmail.com,892141514,Puma Sports Shoes,Footwear,5499,,,,
2021-10-30,26,0,P021,3,1299,3897,0,0.0,3897.0,389.7,81,2021,4,October,Saturday,10.0,Neha Sinha,Kolkata      , West Bengal   ,700001,26Neha@gmail.com,892141514,Tupperware Lunch Box,Kitchenware,1299,,,,
2020-06-28,26,0,P021,3,1299,3897,0,0.0,3897.0,389.7,158,2020,2,June,Sunday,10.0,Neha Sinha,Kolkata      , West Bengal   ,700001,26Neha@gmail.com,892141514,Tupperware Lunch Box,Kitchenware,1299,,,,
2022-08-12,26,0,P027,3,699,2097,0,0.0,2097.0,209.7,353,2022,3,August,Friday,10.0,Neha Sinha,Kolkata      , West Bengal   ,700001,26Neha@gmail.com,892141514,L'Oreal Shampoo,Personal Care,699,,,,
2023-10-26,26,0,P025,3,8999,26997,0,0.0,26997.0,2699.7,689,2023,4,October,Thursday,10.0,Neha Sinha,Kolkata      , West Bengal   ,700001,26Neha@gmail.com,892141514,American Tourister Suitcase,Bags,8999,,,,
2020-06-10,26,0,P018,3,2299,6897,0,0.0,6897.0,689.7,749,2020,2,June,Wednesday,10.0,Neha Sinha,Kolkata      , West Bengal   ,700001,26Neha@gmail.com,892141514,Prestige Pressure Cooker,Home Appliances,2299,,,,
2021-08-28,26,0,P016,3,24999,74997,0,0.0,74997.0,7499.7,1215,2021,3,August,Saturday,10.0,Neha Sinha,Kolkata      , West Bengal   ,700001,26Neha@gmail.com,892141514,LG Washing Machine,Home Appliances,24999,,,,
2023-10-21,26,0,P014,3,4999,14997,0,0.0,14997.0,1499.7,1234,2023,4,October,Saturday,10.0,Neha Sinha,Kolkata      , West Bengal   ,700001,26Neha@gmail.com,892141514,Bajaj Mixer Grinder,Home Appliances,4999,,,,
2023-06-05,26,0,P017,3,10499,31497,0,0.0,31497.0,3149.7,1337,2023,2,June,Monday,10.0,Neha Sinha,Kolkata      , West Bengal   ,700001,26Neha@gmail.com,892141514,IFB Microwave Oven,Home Appliances,10499,,,,
2022-02-16,26,0,P025,3,8999,26997,0,0.0,26997.0,2699.7,1349,2022,1,February,Wednesday,10.0,Neha Sinha,Kolkata      , West Bengal   ,700001,26Neha@gmail.com,892141514,American Tourister Suitcase,Bags,8999,,,,
2021-01-05,26,0,P029,3,99,297,0,0.0,297.0,29.7,1428,2021,1,January,Tuesday,10.0,Neha Sinha,Kolkata      , West Bengal   ,700001,26Neha@gmail.com,892141514,Colgate Toothpaste,Personal Care,99,,,,
2021-07-20,26,0,P015,3,8499,25497,0,0.0,25497.0,2549.7,1606,2021,3,July,Tuesday,10.0,Neha Sinha,Kolkata      , West Bengal   ,700001,26Neha@gmail.com,892141514,Philips Air Fryer,Home Appliances,8499,,,,
2021-10-24,26,0,P013,3,15999,47997,0,0.0,47997.0,4799.7,1679,2021,4,October,Sunday,10.0,Neha Sinha,Kolkata      , West Bengal   ,700001,26Neha@gmail.com,892141514,Raymond Suit,Clothing,15999,,,,
2023-01-31,26,0,P020,3,12999,38997,0,0.0,38997.0,3899.7,1985,2023,1,January,Tuesday,10.0,Neha Sinha,Kolkata      , West Bengal   ,700001,26Neha@gmail.com,892141514,Fossil Smartwatch,Accessories,12999,,,,
2021-10-11,26,0,P005,3,92499,277497,0,0.0,277497.0,27749.7,2242,2021,4,October,Monday,10.0,Neha Sinha,Kolkata      , West Bengal   ,700001,26Neha@gmail.com,892141514,Apple MacBook Air,Electronics,92499,,,,
2023-09-23,26,0,P013,3,15999,47997,0,0.0,47997.0,4799.7,2410,2023,3,September,Saturday,10.0,Neha Sinha,Kolkata      , West Bengal   ,700001,26Neha@gmail.com,892141514,Raymond Suit,Clothing,15999,,,,
2023-01-31,26,0,P018,3,2299,6897,0,0.0,6897.0,689.7,2412,2023,1,January,Tuesday,10.0,Neha Sinha,Kolkata      , West Bengal   ,700001,26Neha@gmail.com,892141514,Prestige Pressure Cooker,Home Appliances,2299,,,,
2023-01-24,26,0,P021,3,1299,3897,0,0.0,3897.0,389.7,3036,2023,1,January,Tuesday,10.0,Neha Sinha,Kolkata      , West Bengal   ,700001,26Neha@gmail.com,892141514,Tupperware Lunch Box,Kitchenware,1299,,,,
2022-09-30,26,0,P007,3,6999,20997,0,0.0,20997.0,2099.7,3117,2022,3,September,Friday,10.0,Neha Sinha,Kolkata      , West Bengal   ,700001,26Neha@gmail.com,892141514,Adidas Sneakers,Footwear,6999,,,,
2022-08-30,26,0,P003,3,89999,269997,0,0.0,269997.0,26999.7,3178,2022,3,August,Tuesday,10.0,Neha Sinha,Kolkata      , West Bengal   ,700001,26Neha@gmail.com,892141514,"Sony Bravia 55"" TV",Electronics,89999,,,,
2023-08-15,26,0,P003,2,89999,179998,0,0.0,179998.0,17999.8,577,2023,3,August,Tuesday,10.0,Neha Sinha,Kolkata      , West Bengal   ,700001,26Neha@gmail.com,892141514,"Sony Bravia 55"" TV",Electronics,89999,,,,
2023-03-02,26,0,P012,2,2999,5998,0,0.0,5998.0,599.8,721,2023,1,March,Thursday,10.0,Neha Sinha,Kolkata      , West Bengal   ,700001,26Neha@gmail.com,892141514,FabIndia Kurta,Clothing,2999,,,,
2020-11-09,26,0,P002,2,69999,139998,0,0.0,139998.0,13999.8,1089,2020,4,November,Monday,10.0,Neha Sinha,Kolkata      , West Bengal   ,700001,26Neha@gmail.com,892141514,Samsung Galaxy S21,Electronics,69999,,,,
2020-10-02,26,0,P001,2,79999,159998,0,0.0,159998.0,15999.8,1170,2020,4,October,Friday,10.0,Neha Sinha,Kolkata      , West Bengal   ,700001,26Neha@gmail.com,892141514,Apple iPhone 14,Electronics,79999,,,,
2020-10-04,26,0,P017,2,10499,20998,0,0.0,20998.0,2099.8,1323,2020,4,October,Sunday,10.0,Neha Sinha,Kolkata      , West Bengal   ,700001,26Neha@gmail.com,892141514,IFB Microwave Oven,Home Appliances,10499,,,,
2022-02-17,26,0,P001,2,79999,159998,0,0.0,159998.0,15999.8,1377,2022,1,February,Thursday,10.0,Neha Sinha,Kolkata      , West Bengal   ,700001,26Neha@gmail.com,892141514,Apple iPhone 14,Electronics,79999,,,,
2020-08-09,26,0,P016,2,24999,49998,0,0.0,49998.0,4999.8,1516,2020,3,August,Sunday,10.0,Neha Sinha,Kolkata      , West Bengal   ,700001,26Neha@gmail.com,892141514,LG Washing Machine,Home Appliances,24999,,,,
2022-11-14,26,0,P027,2,699,1398,0,0.0,1398.0,139.8,1830,2022,4,November,Monday,10.0,Neha Sinha,Kolkata      , West Bengal   ,700001,26Neha@gmail.com,892141514,L'Oreal Shampoo,Personal Care,699,,,,
2022-01-10,26,0,P022,2,1999,3998,0,0.0,3998.0,399.8,1883,2022,1,January,Monday,10.0,Neha Sinha,Kolkata      , West Bengal   ,700001,26Neha@gmail.com,892141514,Borosil Glass Set,Kitchenware,1999,,,,
2021-09-03,26,0,P029,2,99,198,0,0.0,198.0,19.8,2236,2021,3,September,Friday,10.0,Neha Sinha,Kolkata      , West Bengal   ,700001,26Neha@gmail.com,892141514,Colgate Toothpaste,Personal Care,99,,,,
2023-11-24,26,0,P025,2,8999,17998,0,0.0,17998.0,1799.8,2495,2023,4,November,Friday,10.0,Neha Sinha,Kolkata      , West Bengal   ,700001,26Neha@gmail.com,892141514,American Tourister Suitcase,Bags,8999,,,,
2022-12-13,26,0,P016,2,24999,49998,0,0.0,49998.0,4999.8,2555,2022,4,December,Tuesday,10.0,Neha Sinha,Kolkata      , West Bengal   ,700001,26Neha@gmail.com,892141514,LG Washing Machine,Home Appliances,24999,,,,
2022-03-10,26,0,P002,2,69999,139998,0,0.0,139998.0,13999.8,2666,2022,1,March,Thursday,10.0,Neha Sinha,Kolkata      , West Bengal   ,700001,26Neha@gmail.com,892141514,Samsung Galaxy S21,Electronics,69999,,,,
2021-02-27,26,0,P022,2,1999,3998,0,0.0,3998.0,399.8,2790,2021,1,February,Saturday,10.0,Neha Sinha,Kolkata      , West Bengal   ,700001,26Neha@gmail.com,892141514,Borosil Glass Set,Kitchenware,1999,,,,
2020-12-10,26,0,P001,2,79999,159998,0,0.0,159998.0,15999.8,2861,2020,4,December,Thursday,10.0,Neha Sinha,Kolkata      , West Bengal   ,700001,26Neha@gmail.com,892141514,Apple iPhone 14,Electronics,79999,,,,
2021-07-09,26,0,P007,2,6999,13998,0,0.0,13998.0,1399.8,3371,2021,3,July,Friday,10.0,Neha Sinha,Kolkata      , West Bengal   ,700001,26Neha@gmail.com,892141514,Adidas Sneakers,Footwear,6999,,,,
2020-07-10,26,0,P027,2,699,1398,0,0.0,1398.0,139.8,3410,2020,3,July,Friday,10.0,Neha Sinha,Kolkata      , West Bengal   ,700001,26Neha@gmail.com,892141514,L'Oreal Shampoo,Personal Care,699,,,,
2021-06-04,26,0,P001,2,79999,159998,0,0.0,159998.0,15999.8,3418,2021,2,June,Friday,10.0,Neha Sinha,Kolkata      , West Bengal   ,700001,26Neha@gmail.com,892141514,Apple iPhone 14,Electronics,79999,,,,
2023-11-18,26,0,P004,2,64999,129998,0,0.0,129998.0,12999.8,3462,2023,4,November,Saturday,10.0,Neha Sinha,Kolkata      , West Bengal   ,700001,26Neha@gmail.com,892141514,HP Pavilion Laptop,Electronics,64999,,,,
2020-12-15,26,0,P026,2,5499,10998,0,0.0,10998.0,1099.8,311,2020,4,December,Tuesday,10.0,Neha Sinha,Kolkata      , West Bengal   ,700001,26Neha@gmail.com,892141514,Wildcraft Hiking Bag,Bags,5499,,,,
2021-06-26,26,0,P026,2,5499,10998,0,0.0,10998.0,1099.8,329,2021,2,June,Saturday,10.0,Neha Sinha,Kolkata      , West Bengal   ,700001,26Neha@gmail.com,892141514,Wildcraft Hiking Bag,Bags,5499,,,,
2021-07-26,26,0,P026,2,5499,10998,0,0.0,10998.0,1099.8,1913,2021,3,July,Monday,10.0,Neha Sinha,Kolkata      , West Bengal   ,700001,26Neha@gmail.com,892141514,Wildcraft Hiking Bag,Bags,5499,,,,
2022-02-07,26,0,P008,2,5499,10998,0,0.0,10998.0,1099.8,2014,2022,1,February,Monday,10.0,Neha Sinha,Kolkata      , West Bengal   ,700001,26Neha@gmail.com,892141514,Puma Sports Shoes,Footwear,5499,,,,
2021-06-18,26,0,P008,2,5499,10998,0,0.0,10998.0,1099.8,2102,2021,2,June,Friday,10.0,Neha Sinha,Kolkata      , West Bengal   ,700001,26Neha@gmail.com,892141514,Puma Sports Shoes,Footwear,5499,,,,
2020-10-17,26,0,P026,2,5499,10998,0,0.0,10998.0,1099.8,3276,2020,4,October,Saturday,10.0,Neha Sinha,Kolkata      , West Bengal   ,700001,26Neha@gmail.com,892141514,Wildcraft Hiking Bag,Bags,5499,,,,
2023-03-25,26,0,P020,1,12999,12999,0,0.0,12999.0,1299.9,169,2023,1,March,Saturday,10.0,Neha Sinha,Kolkata      , West Bengal   ,700001,26Neha@gmail.com,892141514,Fossil Smartwatch,Accessories,12999,,,,
2020-06-02,26,0,P007,1,6999,6999,0,0.0,6999.0,699.9,444,2020,2,June,Tuesday,10.0,Neha Sinha,Kolkata      , West Bengal   ,700001,26Neha@gmail.com,892141514,Adidas Sneakers,Footwear,6999,,,,
2020-06-27,26,0,P018,1,2299,2299,0,0.0,2299.0,229.9,564,2020,2,June,Saturday,10.0,Neha Sinha,Kolkata      , West Bengal   ,700001,26Neha@gmail.com,892141514,Prestige Pressure Cooker,Home Appliances,2299,,,,
2020-02-01,26,0,P017,1,10499,10499,0,0.0,10499.0,1049.9,640,2020,1,February,Saturday,10.0,Neha Sinha,Kolkata      , West Bengal   ,700001,26Neha@gmail.com,892141514,IFB Microwave Oven,Home Appliances,10499,,,,
2020-09-01,26,0,P024,1,2799,2799,0,0.0,2799.0,279.9,805,2020,3,September,Tuesday,10.0,Neha Sinha,Kolkata      , West Bengal   ,700001,26Neha@gmail.com,892141514,Puma Backpack,Bags,2799,,,,
2020-02-02,26,0,P023,1,1499,1499,0,0.0,1499.0,149.9,1453,2020,1,February,Sunday,10.0,Neha Sinha,Kolkata      , West Bengal   ,700001,26Neha@gmail.com,892141514,Milton Thermos Flask,Kitchenware,1499,,,,
2021-09-18,26,0,P024,1,2799,2799,0,0.0,2799.0,279.9,1457,2021,3,September,Saturday,10.0,Neha Sinha,Kolkata      , West Bengal   ,700001,26Neha@gmail.com,892141514,Puma Backpack,Bags,2799,,,,
2020-03-28,26,0,P024,1,2799,2799,0,0.0,2799.0,279.9,2162,2020,1,March,Saturday,10.0,Neha Sinha,Kolkata      , West Bengal   ,700001,26Neha@gmail.com,892141514,Puma Backpack,Bags,2799,,,,
2021-10-30,26,0,P003,1,89999,89999,0,0.0,89999.0,8999.9,2290,2021,4,October,Saturday,10.0,Neha Sinha,Kolkata      , West Bengal   ,700001,26Neha@gmail.com,892141514,"Sony Bravia 55"" TV",Electronics,89999,,,,
2021-11-24,26,0,P016,1,24999,24999,0,0.0,24999.0,2499.9,2773,2021,4,November,Wednesday,10.0,Neha Sinha,Kolkata      , West Bengal   ,700001,26Neha@gmail.com,892141514,LG Washing Machine,Home Appliances,24999,,,,
2023-08-31,26,0,P011,1,1499,1499,0,0.0,1499.0,149.9,2893,2023,3,August,Thursday,10.0,Neha Sinha,Kolkata      , West Bengal   ,700001,26Neha@gmail.com,892141514,H&M T-Shirt,Clothing,1499,,,,
2021-06-27,26,0,P018,1,2299,2299,0,0.0,2299.0,229.9,2905,2021,2,June,Sunday,10.0,Neha Sinha,Kolkata      , West Bengal   ,700001,26Neha@gmail.com,892141514,Prestige Pressure Cooker,Home Appliances,2299,,,,
2023-08-27,26,0,P003,1,89999,89999,0,0.0,89999.0,8999.9,3074,2023,3,August,Sunday,10.0,Neha Sinha,Kolkata      , West Bengal   ,700001,26Neha@gmail.com,892141514,"Sony Bravia 55"" TV",Electronics,89999,,,,
2023-11-26,26,0,P006,1,7499,7499,0,0.0,7499.0,749.9,3087,2023,4,November,Sunday,10.0,Neha Sinha,Kolkata      , West Bengal   ,700001,26Neha@gmail.com,892141514,Nike Running Shoes,Footwear,7499,,,,
2021-12-03,26,0,P028,1,349,349,0,0.0,349.0,34.9,3339,2021,4,December,Friday,10.0,Neha Sinha,Kolkata      , West Bengal   ,700001,26Neha@gmail.com,892141514,Dove Soap Pack,Personal Care,349,,,,
2023-01-24,26,0,P017,1,10499,10499,0,0.0,10499.0,1049.9,3444,2023,1,January,Tuesday,10.0,Neha Sinha,Kolkata      , West Bengal   ,700001,26Neha@gmail.com,892141514,IFB Microwave Oven,Home Appliances,10499,,,,
2022-10-01,26,0,P007,1,6999,6999,0,0.0,6999.0,699.9,3491,2022,4,October,Saturday,10.0,Neha Sinha,Kolkata      , West Bengal   ,700001,26Neha@gmail.com,892141514,Adidas Sneakers,Footwear,6999,,,,
2020-04-10,26,PR001,P022,2,1999,3998,20,799.6,3198.4,319.84,624,2020,2,April,Friday,10.0,Neha Sinha,Kolkata      , West Bengal   ,700001,26Neha@gmail.com,892141514,Borosil Glass Set,Kitchenware,1999,Summer Sale,Email,SUMMER21,20% off
2023-05-29,26,PR001,P027,2,699,1398,20,279.6,1118.4,111.84,2892,2023,2,May,Monday,10.0,Neha Sinha,Kolkata      , West Bengal   ,700001,26Neha@gmail.com,892141514,L'Oreal Shampoo,Personal Care,699,Summer Sale,Email,SUMMER21,20% off
2022-05-22,26,PR001,P029,2,99,198,20,39.6,158.4,15.84,3228,2022,2,May,Sunday,10.0,Neha Sinha,Kolkata      , West Bengal   ,700001,26Neha@gmail.com,892141514,Colgate Toothpaste,Personal Care,99,Summer Sale,Email,SUMMER21,20% off
2023-05-15,26,PR001,P007,3,6999,20997,20,4199.4,16797.6,1679.76,2859,2023,2,May,Monday,10.0,Neha Sinha,Kolkata      , West Bengal   ,700001,26Neha@gmail.com,892141514,Adidas Sneakers,Footwear,6999,Summer Sale,Email,SUMMER21,20% off
2021-04-01,26,PR001,P015,3,8499,25497,20,5099.4,20397.6,2039.76,3116,2021,2,April,Thursday,10.0,Neha Sinha,Kolkata      , West Bengal   ,700001,26Neha@gmail.com,892141514,Philips Air Fryer,Home Appliances,8499,Summer Sale,Email,SUMMER21,20% off
2022-04-14,26,PR001,P016,3,24999,74997,20,14999.4,59997.6,5999.76,3250,2022,2,April,Thursday,10.0,Neha Sinha,Kolkata      , West Bengal   ,700001,26Neha@gmail.com,892141514,LG Washing Machine,Home Appliances,24999,Summer Sale,Email,SUMMER21,20% off
2021-05-06,26,PR001,P007,3,6999,20997,20,4199.4,16797.6,1679.76,3499,2021,2,May,Thursday,10.0,Neha Sinha,Kolkata      , West Bengal   ,700001,26Neha@gmail.com,892141514,Adidas Sneakers,Footwear,6999,Summer Sale,Email,SUMMER21,20% off
2020-05-23,26,PR001,P019,1,5999,5999,20,1199.8,4799.2,479.92,2180,2020,2,May,Saturday,10.0,Neha Sinha,Kolkata      , West Bengal   ,700001,26Neha@gmail.com,892141514,Titan Wrist Watch,Accessories,5999,Summer Sale,Email,SUMMER21,20% off
2020-04-01,26,PR001,P013,1,15999,15999,20,3199.8,12799.2,1279.92,2217,2020,2,April,Wednesday,10.0,Neha Sinha,Kolkata      , West Bengal   ,700001,26Neha@gmail.com,892141514,Raymond Suit,Clothing,15999,Summer Sale,Email,SUMMER21,20% off
2021-04-21,26,PR001,P007,1,6999,6999,20,1399.8,5599.2,559.92,2910,2021,2,April,Wednesday,10.0,Neha Sinha,Kolkata      , West Bengal   ,700001,26Neha@gmail.com,892141514,Adidas Sneakers,Footwear,6999,Summer Sale,Email,SUMMER21,20% off
2023-04-19,26,PR001,P010,1,2199,2199,20,439.8,1759.2,175.92,2980,2023,2,April,Wednesday,10.0,Neha Sinha,Kolkata      , West Bengal   ,700001,26Neha@gmail.com,892141514,Zara Casual Shirt,Clothing,2199,Summer Sale,Email,SUMMER21,20% off
2023-12-28,26,PR005,P012,1,2999,2999,70,2099.3,899.7,89.97,346,2023,4,December,Thursday,10.0,Neha Sinha,Kolkata      , West Bengal   ,700001,26Neha@gmail.com,892141514,FabIndia Kurta,Clothing,2999,Clearance Sale,In-App,CLEARANCE23,70% off
2023-12-27,26,PR005,P018,2,2299,4598,70,3218.6,1379.4,137.94,563,2023,4,December,Wednesday,10.0,Neha Sinha,Kolkata      , West Bengal   ,700001,26Neha@gmail.com,892141514,Prestige Pressure Cooker,Home Appliances,2299,Clearance Sale,In-App,CLEARANCE23,70% off
2020-06-12,27,0,P030,1,399,399,0,0.0,399.0,39.9,743,2020,2,June,Friday,10.0,Nikita Ahuja,Mumbai       , Maharashtra   ,400001,27Nikita@gmail.com,809074643,Nivea Body Lotion,Personal Care,399,,,,
2022-07-27,27,0,P006,3,7499,22497,0,0.0,22497.0,2249.7,1236,2022,3,July,Wednesday,10.0,Nikita Ahuja,Mumbai       , Maharashtra   ,400001,27Nikita@gmail.com,809074643,Nike Running Shoes,Footwear,7499,,,,
2022-03-27,27,0,P022,3,1999,5997,0,0.0,5997.0,599.7,1264,2022,1,March,Sunday,10.0,Nikita Ahuja,Mumbai       , Maharashtra   ,400001,27Nikita@gmail.com,809074643,Borosil Glass Set,Kitchenware,1999,,,,
2023-02-12,27,0,P024,3,2799,8397,0,0.0,8397.0,839.7,1277,2023,1,February,Sunday,10.0,Nikita Ahuja,Mumbai       , Maharashtra   ,400001,27Nikita@gmail.com,809074643,Puma Backpack,Bags,2799,,,,
2020-06-27,27,0,P015,3,8499,25497,0,0.0,25497.0,2549.7,1417,2020,2,June,Saturday,10.0,Nikita Ahuja,Mumbai       , Maharashtra   ,400001,27Nikita@gmail.com,809074643,Philips Air Fryer,Home Appliances,8499,,,,
2020-07-21,27,0,P014,3,4999,14997,0,0.0,14997.0,1499.7,1940,2020,3,July,Tuesday,10.0,Nikita Ahuja,Mumbai       , Maharashtra   ,400001,27Nikita@gmail.com,809074643,Bajaj Mixer Grinder,Home Appliances,4999,,,,
2020-03-19,27,0,P020,3,12999,38997,0,0.0,38997.0,3899.7,2595,2020,1,March,Thursday,10.0,Nikita Ahuja,Mumbai       , Maharashtra   ,400001,27Nikita@gmail.com,809074643,Fossil Smartwatch,Accessories,12999,,,,
2020-06-24,27,0,P014,3,4999,14997,0,0.0,14997.0,1499.7,2827,2020,2,June,Wednesday,10.0,Nikita Ahuja,Mumbai       , Maharashtra   ,400001,27Nikita@gmail.com,809074643,Bajaj Mixer Grinder,Home Appliances,4999,,,,
2023-10-10,27,0,P001,3,79999,239997,0,0.0,239997.0,23999.7,3275,2023,4,October,Tuesday,10.0,Nikita Ahuja,Mumbai       , Maharashtra   ,400001,27Nikita@gmail.com,809074643,Apple iPhone 14,Electronics,79999,,,,
2021-01-01,27,0,P030,3,399,1197,0,0.0,1197.0,119.7,3407,2021,1,January,Friday,10.0,Nikita Ahuja,Mumbai       , Maharashtra   ,400001,27Nikita@gmail.com,809074643,Nivea Body Lotion,Personal Care,399,,,,
2022-02-07,27,0,P028,2,349,698,0,0.0,698.0,69.8,31,2022,1,February,Monday,10.0,Nikita Ahuja,Mumbai       , Maharashtra   ,400001,27Nikita@gmail.com,809074643,Dove Soap Pack,Personal Care,349,,,,
2023-06-30,27,0,P013,2,15999,31998,0,0.0,31998.0,3199.8,446,2023,2,June,Friday,10.0,Nikita Ahuja,Mumbai       , Maharashtra   ,400001,27Nikita@gmail.com,809074643,Raymond Suit,Clothing,15999,,,,
2022-02-26,27,0,P023,2,1499,2998,0,0.0,2998.0,299.8,800,2022,1,February,Saturday,10.0,Nikita Ahuja,Mumbai       , Maharashtra   ,400001,27Nikita@gmail.com,809074643,Milton Thermos Flask,Kitchenware,1499,,,,
2022-03-22,27,0,P030,2,399,798,0,0.0,798.0,79.8,1331,2022,1,March,Tuesday,10.0,Nikita Ahuja,Mumbai       , Maharashtra   ,400001,27Nikita@gmail.com,809074643,Nivea Body Lotion,Personal Care,399,,,,
2021-11-12,27,0,P003,2,89999,179998,0,0.0,179998.0,17999.8,1394,2021,4,November,Friday,10.0,Nikita Ahuja,Mumbai       , Maharashtra   ,400001,27Nikita@gmail.com,809074643,"Sony Bravia 55"" TV",Electronics,89999,,,,
2020-02-04,27,0,P002,2,69999,139998,0,0.0,139998.0,13999.8,1523,2020,1,February,Tuesday,10.0,Nikita Ahuja,Mumbai       , Maharashtra   ,400001,27Nikita@gmail.com,809074643,Samsung Galaxy S21,Electronics,69999,,,,
2022-10-13,27,0,P011,2,1499,2998,0,0.0,2998.0,299.8,1726,2022,4,October,Thursday,10.0,Nikita Ahuja,Mumbai       , Maharashtra   ,400001,27Nikita@gmail.com,809074643,H&M T-Shirt,Clothing,1499,,,,
2022-08-16,27,0,P011,2,1499,2998,0,0.0,2998.0,299.8,1730,2022,3,August,Tuesday,10.0,Nikita Ahuja,Mumbai       , Maharashtra   ,400001,27Nikita@gmail.com,809074643,H&M T-Shirt,Clothing,1499,,,,
2023-10-01,27,0,P029,2,99,198,0,0.0,198.0,19.8,2057,2023,4,October,Sunday,10.0,Nikita Ahuja,Mumbai       , Maharashtra   ,400001,27Nikita@gmail.com,809074643,Colgate Toothpaste,Personal Care,99,,,,
2021-09-13,27,0,P015,2,8499,16998,0,0.0,16998.0,1699.8,2110,2021,3,September,Monday,10.0,Nikita Ahuja,Mumbai       , Maharashtra   ,400001,27Nikita@gmail.com,809074643,Philips Air Fryer,Home Appliances,8499,,,,
2022-09-27,27,0,P025,2,8999,17998,0,0.0,17998.0,1799.8,2343,2022,3,September,Tuesday,10.0,Nikita Ahuja,Mumbai       , Maharashtra   ,400001,27Nikita@gmail.com,809074643,American Tourister Suitcase,Bags,8999,,,,
2020-02-01,27,0,P021,2,1299,2598,0,0.0,2598.0,259.8,2474,2020,1,February,Saturday,10.0,Nikita Ahuja,Mumbai       , Maharashtra   ,400001,27Nikita@gmail.com,809074643,Tupperware Lunch Box,Kitchenware,1299,,,,
2021-03-04,27,0,P001,2,79999,159998,0,0.0,159998.0,15999.8,2541,2021,1,March,Thursday,10.0,Nikita Ahuja,Mumbai       , Maharashtra   ,400001,27Nikita@gmail.com,809074643,Apple iPhone 14,Electronics,79999,,,,
2023-09-25,27,0,P012,2,2999,5998,0,0.0,5998.0,599.8,2573,2023,3,September,Monday,10.0,Nikita Ahuja,Mumbai       , Maharashtra   ,400001,27Nikita@gmail.com,809074643,FabIndia Kurta,Clothing,2999,,,,
2020-02-27,27,0,P002,2,69999,139998,0,0.0,139998.0,13999.8,2748,2020,1,February,Thursday,10.0,Nikita Ahuja,Mumbai       , Maharashtra   ,400001,27Nikita@gmail.com,809074643,Samsung Galaxy S21,Electronics,69999,,,,
2023-08-10,27,0,P024,2,2799,5598,0,0.0,5598.0,559.8,2818,2023,3,August,Thursday,10.0,Nikita Ahuja,Mumbai       , Maharashtra   ,400001,27Nikita@gmail.com,809074643,Puma Backpack,Bags,2799,,,,
2023-03-23,27,0,P023,2,1499,2998,0,0.0,2998.0,299.8,2868,2023,1,March,Thursday,10.0,Nikita Ahuja,Mumbai       , Maharashtra   ,400001,27Nikita@gmail.com,809074643,Milton Thermos Flask,Kitchenware,1499,,,,
2021-09-19,27,0,P023,3,1499,4497,0,0.0,4497.0,449.7,42,2021,3,September,Sunday,10.0,Nikita Ahuja,Mumbai       , Maharashtra   ,400001,27Nikita@gmail.com,809074643,Milton Thermos Flask,Kitchenware,1499,,,,
2022-10-02,27,0,P022,2,1999,3998,0,0.0,3998.0,399.8,3159,2022,4,October,Sunday,10.0,Nikita Ahuja,Mumbai       , Maharashtra   ,400001,27Nikita@gmail.com,809074643,Borosil Glass Set,Kitchenware,1999,,,,
2021-07-28,27,0,P008,2,5499,10998,0,0.0,10998.0,1099.8,2300,2021,3,July,Wednesday,10.0,Nikita Ahuja,Mumbai       , Maharashtra   ,400001,27Nikita@gmail.com,809074643,Puma Sports Shoes,Footwear,5499,,,,
2020-10-08,27,0,P024,1,2799,2799,0,0.0,2799.0,279.9,133,2020,4,October,Thursday,10.0,Nikita Ahuja,Mumbai       , Maharashtra   ,400001,27Nikita@gmail.com,809074643,Puma Backpack,Bags,2799,,,,
2023-09-12,27,0,P020,1,12999,12999,0,0.0,12999.0,1299.9,327,2023,3,September,Tuesday,10.0,Nikita Ahuja,Mumbai       , Maharashtra   ,400001,27Nikita@gmail.com,809074643,Fossil Smartwatch,Accessories,12999,,,,
2023-11-12,27,0,P003,1,89999,89999,0,0.0,89999.0,8999.9,372,2023,4,November,Sunday,10.0,Nikita Ahuja,Mumbai       , Maharashtra   ,400001,27Nikita@gmail.com,809074643,"Sony Bravia 55"" TV",Electronics,89999,,,,
2023-10-24,27,0,P024,1,2799,2799,0,0.0,2799.0,279.9,677,2023,4,October,Tuesday,10.0,Nikita Ahuja,Mumbai       , Maharashtra   ,400001,27Nikita@gmail.com,809074643,Puma Backpack,Bags,2799,,,,
2021-09-12,27,0,P014,3,4999,14997,0,0.0,14997.0,1499.7,1010,2021,3,September,Sunday,10.0,Nikita Ahuja,Mumbai       , Maharashtra   ,400001,27Nikita@gmail.com,809074643,Bajaj Mixer Grinder,Home Appliances,4999,,,,
2023-02-10,27,0,P026,1,5499,5499,0,0.0,5499.0,549.9,989,2023,1,February,Friday,10.0,Nikita Ahuja,Mumbai       , Maharashtra   ,400001,27Nikita@gmail.com,809074643,Wildcraft Hiking Bag,Bags,5499,,,,
2021-08-28,27,0,P009,1,3499,3499,0,0.0,3499.0,349.9,1145,2021,3,August,Saturday,10.0,Nikita Ahuja,Mumbai       , Maharashtra   ,400001,27Nikita@gmail.com,809074643,Levi's Denim Jeans,Clothing,3499,,,,
2023-06-19,27,0,P009,1,3499,3499,0,0.0,3499.0,349.9,1207,2023,2,June,Monday,10.0,Nikita Ahuja,Mumbai       , Maharashtra   ,400001,27Nikita@gmail.com,809074643,Levi's Denim Jeans,Clothing,3499,,,,
2023-08-12,27,0,P025,1,8999,8999,0,0.0,8999.0,899.9,1254,2023,3,August,Saturday,10.0,Nikita Ahuja,Mumbai       , Maharashtra   ,400001,27Nikita@gmail.com,809074643,American Tourister Suitcase,Bags,8999,,,,
2023-01-02,27,0,P017,1,10499,10499,0,0.0,10499.0,1049.9,1619,2023,1,January,Monday,10.0,Nikita Ahuja,Mumbai       , Maharashtra   ,400001,27Nikita@gmail.com,809074643,IFB Microwave Oven,Home Appliances,10499,,,,
2022-06-30,27,0,P008,1,5499,5499,0,0.0,5499.0,549.9,1784,2022,2,June,Thursday,10.0,Nikita Ahuja,Mumbai       , Maharashtra   ,400001,27Nikita@gmail.com,809074643,Puma Sports Shoes,Footwear,5499,,,,
2022-02-14,27,0,P002,1,69999,69999,0,0.0,69999.0,6999.9,2106,2022,1,February,Monday,10.0,Nikita Ahuja,Mumbai       , Maharashtra   ,400001,27Nikita@gmail.com,809074643,Samsung Galaxy S21,Electronics,69999,,,,
2023-10-03,27,0,P014,1,4999,4999,0,0.0,4999.0,499.9,2431,2023,4,October,Tuesday,10.0,Nikita Ahuja,Mumbai       , Maharashtra   ,400001,27Nikita@gmail.com,809074643,Bajaj Mixer Grinder,Home Appliances,4999,,,,
2023-03-31,27,0,P006,1,7499,7499,0,0.0,7499.0,749.9,2443,2023,1,March,Friday,10.0,Nikita Ahuja,Mumbai       , Maharashtra   ,400001,27Nikita@gmail.com,809074643,Nike Running Shoes,Footwear,7499,,,,
2020-08-29,27,0,P012,1,2999,2999,0,0.0,2999.0,299.9,2834,2020,3,August,Saturday,10.0,Nikita Ahuja,Mumbai       , Maharashtra   ,400001,27Nikita@gmail.com,809074643,FabIndia Kurta,Clothing,2999,,,,
2022-01-26,27,0,P007,1,6999,6999,0,0.0,6999.0,699.9,3482,2022,1,January,Wednesday,10.0,Nikita Ahuja,Mumbai       , Maharashtra   ,400001,27Nikita@gmail.com,809074643,Adidas Sneakers,Footwear,6999,,,,
2023-04-14,27,PR001,P017,2,10499,20998,20,4199.6,16798.4,1679.84,1140,2023,2,April,Friday,10.0,Nikita Ahuja,Mumbai       , Maharashtra   ,400001,27Nikita@gmail.com,809074643,IFB Microwave Oven,Home Appliances,10499,Summer Sale,Email,SUMMER21,20% off
2021-05-06,27,PR001,P001,2,79999,159998,20,31999.6,127998.4,12799.84,1763,2021,2,May,Thursday,10.0,Nikita Ahuja,Mumbai       , Maharashtra   ,400001,27Nikita@gmail.com,809074643,Apple iPhone 14,Electronics,79999,Summer Sale,Email,SUMMER21,20% off
2020-04-28,27,PR001,P024,2,2799,5598,20,1119.6,4478.4,447.84,1905,2020,2,April,Tuesday,10.0,Nikita Ahuja,Mumbai       , Maharashtra   ,400001,27Nikita@gmail.com,809074643,Puma Backpack,Bags,2799,Summer Sale,Email,SUMMER21,20% off
2023-04-25,27,PR001,P018,2,2299,4598,20,919.6,3678.4,367.84,2650,2023,2,April,Tuesday,10.0,Nikita Ahuja,Mumbai       , Maharashtra   ,400001,27Nikita@gmail.com,809074643,Prestige Pressure Cooker,Home Appliances,2299,Summer Sale,Email,SUMMER21,20% off
2021-04-29,27,PR001,P018,2,2299,4598,20,919.6,3678.4,367.84,2950,2021,2,April,Thursday,10.0,Nikita Ahuja,Mumbai       , Maharashtra   ,400001,27Nikita@gmail.com,809074643,Prestige Pressure Cooker,Home Appliances,2299,Summer Sale,Email,SUMMER21,20% off
2023-04-20,27,PR001,P028,2,349,698,20,139.6,558.4,55.84,3325,2023,2,April,Thursday,10.0,Nikita Ahuja,Mumbai       , Maharashtra   ,400001,27Nikita@gmail.com,809074643,Dove Soap Pack,Personal Care,349,Summer Sale,Email,SUMMER21,20% off
2020-04-16,27,PR001,P015,3,8499,25497,20,5099.4,20397.6,2039.76,1535,2020,2,April,Thursday,10.0,Nikita Ahuja,Mumbai       , Maharashtra   ,400001,27Nikita@gmail.com,809074643,Philips Air Fryer,Home Appliances,8499,Summer Sale,Email,SUMMER21,20% off
2021-05-28,27,PR001,P002,3,69999,209997,20,41999.4,167997.6,16799.76,1668,2021,2,May,Friday,10.0,Nikita Ahuja,Mumbai       , Maharashtra   ,400001,27Nikita@gmail.com,809074643,Samsung Galaxy S21,Electronics,69999,Summer Sale,Email,SUMMER21,20% off
2022-04-11,27,PR001,P013,3,15999,47997,20,9599.4,38397.6,3839.76,2877,2022,2,April,Monday,10.0,Nikita Ahuja,Mumbai       , Maharashtra   ,400001,27Nikita@gmail.com,809074643,Raymond Suit,Clothing,15999,Summer Sale,Email,SUMMER21,20% off
2023-04-21,27,PR001,P006,3,7499,22497,20,4499.4,17997.6,1799.76,3497,2023,2,April,Friday,10.0,Nikita Ahuja,Mumbai       , Maharashtra   ,400001,27Nikita@gmail.com,809074643,Nike Running Shoes,Footwear,7499,Summer Sale,Email,SUMMER21,20% off
2020-05-19,27,PR001,P021,1,1299,1299,20,259.8,1039.2,103.92,1151,2020,2,May,Tuesday,10.0,Nikita Ahuja,Mumbai       , Maharashtra   ,400001,27Nikita@gmail.com,809074643,Tupperware Lunch Box,Kitchenware,1299,Summer Sale,Email,SUMMER21,20% off
2021-04-06,27,PR001,P005,1,92499,92499,20,18499.8,73999.2,7399.92,1617,2021,2,April,Tuesday,10.0,Nikita Ahuja,Mumbai       , Maharashtra   ,400001,27Nikita@gmail.com,809074643,Apple MacBook Air,Electronics,92499,Summer Sale,Email,SUMMER21,20% off
2021-05-22,27,PR001,P020,1,12999,12999,20,2599.8,10399.2,1039.92,3415,2021,2,May,Saturday,10.0,Nikita Ahuja,Mumbai       , Maharashtra   ,400001,27Nikita@gmail.com,809074643,Fossil Smartwatch,Accessories,12999,Summer Sale,Email,SUMMER21,20% off
2021-05-29,27,PR001,P014,1,4999,4999,20,999.8,3999.2,399.92,3416,2021,2,May,Saturday,10.0,Nikita Ahuja,Mumbai       , Maharashtra   ,400001,27Nikita@gmail.com,809074643,Bajaj Mixer Grinder,Home Appliances,4999,Summer Sale,Email,SUMMER21,20% off
2023-04-25,27,PR001,P020,1,12999,12999,20,2599.8,10399.2,1039.92,3495,2023,2,April,Tuesday,10.0,Nikita Ahuja,Mumbai       , Maharashtra   ,400001,27Nikita@gmail.com,809074643,Fossil Smartwatch,Accessories,12999,Summer Sale,Email,SUMMER21,20% off
2022-07-31,27,PR004,P026,2,5499,10998,50,5499.0,5499.0,549.9,108,2022,3,July,Sunday,10.0,Nikita Ahuja,Mumbai       , Maharashtra   ,400001,27Nikita@gmail.com,809074643,Wildcraft Hiking Bag,Bags,5499,Weekend Flash Sale,Mobile Push,FLASH50,50% off
2020-07-05,27,PR004,P005,3,92499,277497,50,138748.5,138748.5,13874.85,1809,2020,3,July,Sunday,10.0,Nikita Ahuja,Mumbai       , Maharashtra   ,400001,27Nikita@gmail.com,809074643,Apple MacBook Air,Electronics,92499,Weekend Flash Sale,Mobile Push,FLASH50,50% off
2022-09-15,27,0,P008,3,5499,16497,0,0.0,16497.0,1649.7,2186,2022,3,September,Thursday,10.0,Nikita Ahuja,Mumbai       , Maharashtra   ,400001,27Nikita@gmail.com,809074643,Puma Sports Shoes,Footwear,5499,,,,
2023-10-31,27,0,P018,3,2299,6897,0,0.0,6897.0,689.7,120,2023,4,October,Tuesday,10.0,Nikita Ahuja,Mumbai       , Maharashtra   ,400001,27Nikita@gmail.com,809074643,Prestige Pressure Cooker,Home Appliances,2299,,,,
2021-03-22,27,0,P030,3,399,1197,0,0.0,1197.0,119.7,210,2021,1,March,Monday,10.0,Nikita Ahuja,Mumbai       , Maharashtra   ,400001,27Nikita@gmail.com,809074643,Nivea Body Lotion,Personal Care,399,,,,
2023-08-19,27,0,P028,3,349,1047,0,0.0,1047.0,104.7,213,2023,3,August,Saturday,10.0,Nikita Ahuja,Mumbai       , Maharashtra   ,400001,27Nikita@gmail.com,809074643,Dove Soap Pack,Personal Care,349,,,,
2022-02-19,27,0,P004,3,64999,194997,0,0.0,194997.0,19499.7,408,2022,1,February,Saturday,10.0,Nikita Ahuja,Mumbai       , Maharashtra   ,400001,27Nikita@gmail.com,809074643,HP Pavilion Laptop,Electronics,64999,,,,
2023-04-20,28,PR001,P022,1,1999,1999,20,399.8,1599.2,159.92,1959,2023,2,April,Thursday,10.0,Nikhil Khanna,Indore       , Madhya Pradesh,452001,28Nikhil@gmail.com,930431648,Borosil Glass Set,Kitchenware,1999,Summer Sale,Email,SUMMER21,20% off
2023-05-03,28,PR001,P009,1,3499,3499,20,699.8,2799.2,279.92,3246,2023,2,May,Wednesday,10.0,Nikhil Khanna,Indore       , Madhya Pradesh,452001,28Nikhil@gmail.com,930431648,Levi's Denim Jeans,Clothing,3499,Summer Sale,Email,SUMMER21,20% off
2021-04-16,28,PR001,P022,1,1999,1999,20,399.8,1599.2,159.92,3303,2021,2,April,Friday,10.0,Nikhil Khanna,Indore       , Madhya Pradesh,452001,28Nikhil@gmail.com,930431648,Borosil Glass Set,Kitchenware,1999,Summer Sale,Email,SUMMER21,20% off
2023-07-08,28,PR004,P002,3,69999,209997,50,104998.5,104998.5,10499.85,6,2023,3,July,Saturday,10.0,Nikhil Khanna,Indore       , Madhya Pradesh,452001,28Nikhil@gmail.com,930431648,Samsung Galaxy S21,Electronics,69999,Weekend Flash Sale,Mobile Push,FLASH50,50% off
2023-12-23,28,PR005,P010,3,2199,6597,70,4617.9,1979.1,197.91,1146,2023,4,December,Saturday,10.0,Nikhil Khanna,Indore       , Madhya Pradesh,452001,28Nikhil@gmail.com,930431648,Zara Casual Shirt,Clothing,2199,Clearance Sale,In-App,CLEARANCE23,70% off
2022-06-28,28,0,P001,2,79999,159998,0,0.0,159998.0,15999.8,1249,2022,2,June,Tuesday,10.0,Nikhil Khanna,Indore       , Madhya Pradesh,452001,28Nikhil@gmail.com,930431648,Apple iPhone 14,Electronics,79999,,,,
2020-10-14,28,0,P023,3,1499,4497,0,0.0,4497.0,449.7,2390,2020,4,October,Wednesday,10.0,Nikhil Khanna,Indore       , Madhya Pradesh,452001,28Nikhil@gmail.com,930431648,Milton Thermos Flask,Kitchenware,1499,,,,
2022-01-14,28,0,P008,3,5499,16497,0,0.0,16497.0,1649.7,309,2022,1,January,Friday,10.0,Nikhil Khanna,Indore       , Madhya Pradesh,452001,28Nikhil@gmail.com,930431648,Puma Sports Shoes,Footwear,5499,,,,
2020-11-09,28,0,P008,3,5499,16497,0,0.0,16497.0,1649.7,790,2020,4,November,Monday,10.0,Nikhil Khanna,Indore       , Madhya Pradesh,452001,28Nikhil@gmail.com,930431648,Puma Sports Shoes,Footwear,5499,,,,
2021-06-29,28,0,P008,3,5499,16497,0,0.0,16497.0,1649.7,1574,2021,2,June,Tuesday,10.0,Nikhil Khanna,Indore       , Madhya Pradesh,452001,28Nikhil@gmail.com,930431648,Puma Sports Shoes,Footwear,5499,,,,
2021-09-21,28,0,P008,3,5499,16497,0,0.0,16497.0,1649.7,3200,2021,3,September,Tuesday,10.0,Nikhil Khanna,Indore       , Madhya Pradesh,452001,28Nikhil@gmail.com,930431648,Puma Sports Shoes,Footwear,5499,,,,
2023-11-18,28,0,P028,3,349,1047,0,0.0,1047.0,104.7,97,2023,4,November,Saturday,10.0,Nikhil Khanna,Indore       , Madhya Pradesh,452001,28Nikhil@gmail.com,930431648,Dove Soap Pack,Personal Care,349,,,,
2022-03-14,28,0,P027,3,699,2097,0,0.0,2097.0,209.7,297,2022,1,March,Monday,10.0,Nikhil Khanna,Indore       , Madhya Pradesh,452001,28Nikhil@gmail.com,930431648,L'Oreal Shampoo,Personal Care,699,,,,
2020-11-06,28,0,P020,3,12999,38997,0,0.0,38997.0,3899.7,412,2020,4,November,Friday,10.0,Nikhil Khanna,Indore       , Madhya Pradesh,452001,28Nikhil@gmail.com,930431648,Fossil Smartwatch,Accessories,12999,,,,
2020-08-10,28,0,P005,3,92499,277497,0,0.0,277497.0,27749.7,773,2020,3,August,Monday,10.0,Nikhil Khanna,Indore       , Madhya Pradesh,452001,28Nikhil@gmail.com,930431648,Apple MacBook Air,Electronics,92499,,,,
2022-01-27,28,0,P021,3,1299,3897,0,0.0,3897.0,389.7,932,2022,1,January,Thursday,10.0,Nikhil Khanna,Indore       , Madhya Pradesh,452001,28Nikhil@gmail.com,930431648,Tupperware Lunch Box,Kitchenware,1299,,,,
2020-09-20,28,0,P009,3,3499,10497,0,0.0,10497.0,1049.7,974,2020,3,September,Sunday,10.0,Nikhil Khanna,Indore       , Madhya Pradesh,452001,28Nikhil@gmail.com,930431648,Levi's Denim Jeans,Clothing,3499,,,,
2023-10-25,28,0,P006,3,7499,22497,0,0.0,22497.0,2249.7,1289,2023,4,October,Wednesday,10.0,Nikhil Khanna,Indore       , Madhya Pradesh,452001,28Nikhil@gmail.com,930431648,Nike Running Shoes,Footwear,7499,,,,
2020-11-19,28,0,P010,3,2199,6597,0,0.0,6597.0,659.7,1328,2020,4,November,Thursday,10.0,Nikhil Khanna,Indore       , Madhya Pradesh,452001,28Nikhil@gmail.com,930431648,Zara Casual Shirt,Clothing,2199,,,,
2021-08-26,28,0,P017,3,10499,31497,0,0.0,31497.0,3149.7,1597,2021,3,August,Thursday,10.0,Nikhil Khanna,Indore       , Madhya Pradesh,452001,28Nikhil@gmail.com,930431648,IFB Microwave Oven,Home Appliances,10499,,,,
2023-11-03,28,0,P016,3,24999,74997,0,0.0,74997.0,7499.7,1701,2023,4,November,Friday,10.0,Nikhil Khanna,Indore       , Madhya Pradesh,452001,28Nikhil@gmail.com,930431648,LG Washing Machine,Home Appliances,24999,,,,
2021-08-21,28,0,P012,3,2999,8997,0,0.0,8997.0,899.7,1804,2021,3,August,Saturday,10.0,Nikhil Khanna,Indore       , Madhya Pradesh,452001,28Nikhil@gmail.com,930431648,FabIndia Kurta,Clothing,2999,,,,
2022-02-16,28,0,P002,3,69999,209997,0,0.0,209997.0,20999.7,2233,2022,1,February,Wednesday,10.0,Nikhil Khanna,Indore       , Madhya Pradesh,452001,28Nikhil@gmail.com,930431648,Samsung Galaxy S21,Electronics,69999,,,,
2023-06-23,28,0,P027,3,699,2097,0,0.0,2097.0,209.7,2750,2023,2,June,Friday,10.0,Nikhil Khanna,Indore       , Madhya Pradesh,452001,28Nikhil@gmail.com,930431648,L'Oreal Shampoo,Personal Care,699,,,,
2023-12-11,28,0,P017,3,10499,31497,0,0.0,31497.0,3149.7,2752,2023,4,December,Monday,10.0,Nikhil Khanna,Indore       , Madhya Pradesh,452001,28Nikhil@gmail.com,930431648,IFB Microwave Oven,Home Appliances,10499,,,,
2022-08-05,28,0,P027,3,699,2097,0,0.0,2097.0,209.7,2994,2022,3,August,Friday,10.0,Nikhil Khanna,Indore       , Madhya Pradesh,452001,28Nikhil@gmail.com,930431648,L'Oreal Shampoo,Personal Care,699,,,,
2020-09-23,28,0,P013,3,15999,47997,0,0.0,47997.0,4799.7,3071,2020,3,September,Wednesday,10.0,Nikhil Khanna,Indore       , Madhya Pradesh,452001,28Nikhil@gmail.com,930431648,Raymond Suit,Clothing,15999,,,,
2022-08-19,28,0,P020,3,12999,38997,0,0.0,38997.0,3899.7,3262,2022,3,August,Friday,10.0,Nikhil Khanna,Indore       , Madhya Pradesh,452001,28Nikhil@gmail.com,930431648,Fossil Smartwatch,Accessories,12999,,,,
2023-09-16,28,0,P013,3,15999,47997,0,0.0,47997.0,4799.7,3367,2023,3,September,Saturday,10.0,Nikhil Khanna,Indore       , Madhya Pradesh,452001,28Nikhil@gmail.com,930431648,Raymond Suit,Clothing,15999,,,,
2021-10-25,28,0,P022,3,1999,5997,0,0.0,5997.0,599.7,3382,2021,4,October,Monday,10.0,Nikhil Khanna,Indore       , Madhya Pradesh,452001,28Nikhil@gmail.com,930431648,Borosil Glass Set,Kitchenware,1999,,,,
2023-11-01,28,0,P030,3,399,1197,0,0.0,1197.0,119.7,3449,2023,4,November,Wednesday,10.0,Nikhil Khanna,Indore       , Madhya Pradesh,452001,28Nikhil@gmail.com,930431648,Nivea Body Lotion,Personal Care,399,,,,
2020-08-23,28,0,P010,2,2199,4398,0,0.0,4398.0,439.8,18,2020,3,August,Sunday,10.0,Nikhil Khanna,Indore       , Madhya Pradesh,452001,28Nikhil@gmail.com,930431648,Zara Casual Shirt,Clothing,2199,,,,
2021-10-23,28,0,P001,2,79999,159998,0,0.0,159998.0,15999.8,124,2021,4,October,Saturday,10.0,Nikhil Khanna,Indore       , Madhya Pradesh,452001,28Nikhil@gmail.com,930431648,Apple iPhone 14,Electronics,79999,,,,
2020-08-01,28,0,P017,2,10499,20998,0,0.0,20998.0,2099.8,434,2020,3,August,Saturday,10.0,Nikhil Khanna,Indore       , Madhya Pradesh,452001,28Nikhil@gmail.com,930431648,IFB Microwave Oven,Home Appliances,10499,,,,
2022-10-27,28,0,P019,2,5999,11998,0,0.0,11998.0,1199.8,460,2022,4,October,Thursday,10.0,Nikhil Khanna,Indore       , Madhya Pradesh,452001,28Nikhil@gmail.com,930431648,Titan Wrist Watch,Accessories,5999,,,,
2020-03-11,28,0,P016,2,24999,49998,0,0.0,49998.0,4999.8,590,2020,1,March,Wednesday,10.0,Nikhil Khanna,Indore       , Madhya Pradesh,452001,28Nikhil@gmail.com,930431648,LG Washing Machine,Home Appliances,24999,,,,
2022-02-20,28,0,P024,2,2799,5598,0,0.0,5598.0,559.8,665,2022,1,February,Sunday,10.0,Nikhil Khanna,Indore       , Madhya Pradesh,452001,28Nikhil@gmail.com,930431648,Puma Backpack,Bags,2799,,,,
2023-08-02,28,0,P016,2,24999,49998,0,0.0,49998.0,4999.8,826,2023,3,August,Wednesday,10.0,Nikhil Khanna,Indore       , Madhya Pradesh,452001,28Nikhil@gmail.com,930431648,LG Washing Machine,Home Appliances,24999,,,,
2021-11-30,28,0,P015,2,8499,16998,0,0.0,16998.0,1699.8,1257,2021,4,November,Tuesday,10.0,Nikhil Khanna,Indore       , Madhya Pradesh,452001,28Nikhil@gmail.com,930431648,Philips Air Fryer,Home Appliances,8499,,,,
2021-07-13,28,0,P021,2,1299,2598,0,0.0,2598.0,259.8,1583,2021,3,July,Tuesday,10.0,Nikhil Khanna,Indore       , Madhya Pradesh,452001,28Nikhil@gmail.com,930431648,Tupperware Lunch Box,Kitchenware,1299,,,,
2023-08-19,28,0,P010,2,2199,4398,0,0.0,4398.0,439.8,1719,2023,3,August,Saturday,10.0,Nikhil Khanna,Indore       , Madhya Pradesh,452001,28Nikhil@gmail.com,930431648,Zara Casual Shirt,Clothing,2199,,,,
2020-03-20,28,0,P027,2,699,1398,0,0.0,1398.0,139.8,2024,2020,1,March,Friday,10.0,Nikhil Khanna,Indore       , Madhya Pradesh,452001,28Nikhil@gmail.com,930431648,L'Oreal Shampoo,Personal Care,699,,,,
2021-09-21,28,0,P020,2,12999,25998,0,0.0,25998.0,2599.8,2776,2021,3,September,Tuesday,10.0,Nikhil Khanna,Indore       , Madhya Pradesh,452001,28Nikhil@gmail.com,930431648,Fossil Smartwatch,Accessories,12999,,,,
2022-03-21,28,0,P007,2,6999,13998,0,0.0,13998.0,1399.8,2895,2022,1,March,Monday,10.0,Nikhil Khanna,Indore       , Madhya Pradesh,452001,28Nikhil@gmail.com,930431648,Adidas Sneakers,Footwear,6999,,,,
2023-09-07,28,0,P023,2,1499,2998,0,0.0,2998.0,299.8,3175,2023,3,September,Thursday,10.0,Nikhil Khanna,Indore       , Madhya Pradesh,452001,28Nikhil@gmail.com,930431648,Milton Thermos Flask,Kitchenware,1499,,,,
2020-03-03,28,0,P009,2,3499,6998,0,0.0,6998.0,699.8,3467,2020,1,March,Tuesday,10.0,Nikhil Khanna,Indore       , Madhya Pradesh,452001,28Nikhil@gmail.com,930431648,Levi's Denim Jeans,Clothing,3499,,,,
2022-02-03,28,0,P020,2,12999,25998,0,0.0,25998.0,2599.8,3492,2022,1,February,Thursday,10.0,Nikhil Khanna,Indore       , Madhya Pradesh,452001,28Nikhil@gmail.com,930431648,Fossil Smartwatch,Accessories,12999,,,,
2023-07-27,28,0,P026,2,5499,10998,0,0.0,10998.0,1099.8,2674,2023,3,July,Thursday,10.0,Nikhil Khanna,Indore       , Madhya Pradesh,452001,28Nikhil@gmail.com,930431648,Wildcraft Hiking Bag,Bags,5499,,,,
2021-09-05,28,0,P029,1,99,99,0,0.0,99.0,9.9,149,2021,3,September,Sunday,10.0,Nikhil Khanna,Indore       , Madhya Pradesh,452001,28Nikhil@gmail.com,930431648,Colgate Toothpaste,Personal Care,99,,,,
2023-10-27,28,0,P004,1,64999,64999,0,0.0,64999.0,6499.9,289,2023,4,October,Friday,10.0,Nikhil Khanna,Indore       , Madhya Pradesh,452001,28Nikhil@gmail.com,930431648,HP Pavilion Laptop,Electronics,64999,,,,
2021-11-23,28,0,P013,1,15999,15999,0,0.0,15999.0,1599.9,291,2021,4,November,Tuesday,10.0,Nikhil Khanna,Indore       , Madhya Pradesh,452001,28Nikhil@gmail.com,930431648,Raymond Suit,Clothing,15999,,,,
2021-03-26,28,0,P026,1,5499,5499,0,0.0,5499.0,549.9,514,2021,1,March,Friday,10.0,Nikhil Khanna,Indore       , Madhya Pradesh,452001,28Nikhil@gmail.com,930431648,Wildcraft Hiking Bag,Bags,5499,,,,
2023-11-15,28,0,P007,1,6999,6999,0,0.0,6999.0,699.9,556,2023,4,November,Wednesday,10.0,Nikhil Khanna,Indore       , Madhya Pradesh,452001,28Nikhil@gmail.com,930431648,Adidas Sneakers,Footwear,6999,,,,
2020-01-07,28,0,P008,1,5499,5499,0,0.0,5499.0,549.9,758,2020,1,January,Tuesday,10.0,Nikhil Khanna,Indore       , Madhya Pradesh,452001,28Nikhil@gmail.com,930431648,Puma Sports Shoes,Footwear,5499,,,,
2021-07-01,28,0,P008,1,5499,5499,0,0.0,5499.0,549.9,1753,2021,3,July,Thursday,10.0,Nikhil Khanna,Indore       , Madhya Pradesh,452001,28Nikhil@gmail.com,930431648,Puma Sports Shoes,Footwear,5499,,,,
2021-12-29,28,0,P022,1,1999,1999,0,0.0,1999.0,199.9,1797,2021,4,December,Wednesday,10.0,Nikhil Khanna,Indore       , Madhya Pradesh,452001,28Nikhil@gmail.com,930431648,Borosil Glass Set,Kitchenware,1999,,,,
2022-06-09,28,0,P025,1,8999,8999,0,0.0,8999.0,899.9,1853,2022,2,June,Thursday,10.0,Nikhil Khanna,Indore       , Madhya Pradesh,452001,28Nikhil@gmail.com,930431648,American Tourister Suitcase,Bags,8999,,,,
2021-09-15,28,0,P027,1,699,699,0,0.0,699.0,69.9,1967,2021,3,September,Wednesday,10.0,Nikhil Khanna,Indore       , Madhya Pradesh,452001,28Nikhil@gmail.com,930431648,L'Oreal Shampoo,Personal Care,699,,,,
2020-06-08,28,0,P030,1,399,399,0,0.0,399.0,39.9,2113,2020,2,June,Monday,10.0,Nikhil Khanna,Indore       , Madhya Pradesh,452001,28Nikhil@gmail.com,930431648,Nivea Body Lotion,Personal Care,399,,,,
2022-10-06,28,0,P026,1,5499,5499,0,0.0,5499.0,549.9,2319,2022,4,October,Thursday,10.0,Nikhil Khanna,Indore       , Madhya Pradesh,452001,28Nikhil@gmail.com,930431648,Wildcraft Hiking Bag,Bags,5499,,,,
2021-10-18,28,0,P010,1,2199,2199,0,0.0,2199.0,219.9,2585,2021,4,October,Monday,10.0,Nikhil Khanna,Indore       , Madhya Pradesh,452001,28Nikhil@gmail.com,930431648,Zara Casual Shirt,Clothing,2199,,,,
2022-09-13,28,0,P018,1,2299,2299,0,0.0,2299.0,229.9,2608,2022,3,September,Tuesday,10.0,Nikhil Khanna,Indore       , Madhya Pradesh,452001,28Nikhil@gmail.com,930431648,Prestige Pressure Cooker,Home Appliances,2299,,,,
2021-03-09,28,0,P009,1,3499,3499,0,0.0,3499.0,349.9,2686,2021,1,March,Tuesday,10.0,Nikhil Khanna,Indore       , Madhya Pradesh,452001,28Nikhil@gmail.com,930431648,Levi's Denim Jeans,Clothing,3499,,,,
2021-09-30,28,0,P025,1,8999,8999,0,0.0,8999.0,899.9,3472,2021,3,September,Thursday,10.0,Nikhil Khanna,Indore       , Madhya Pradesh,452001,28Nikhil@gmail.com,930431648,American Tourister Suitcase,Bags,8999,,,,
2020-05-27,28,PR001,P012,2,2999,5998,20,1199.6,4798.4,479.84,755,2020,2,May,Wednesday,10.0,Nikhil Khanna,Indore       , Madhya Pradesh,452001,28Nikhil@gmail.com,930431648,FabIndia Kurta,Clothing,2999,Summer Sale,Email,SUMMER21,20% off
2020-05-29,28,PR001,P013,2,15999,31998,20,6399.6,25598.4,2559.84,1899,2020,2,May,Friday,10.0,Nikhil Khanna,Indore       , Madhya Pradesh,452001,28Nikhil@gmail.com,930431648,Raymond Suit,Clothing,15999,Summer Sale,Email,SUMMER21,20% off
2022-05-19,28,PR001,P027,3,699,2097,20,419.4,1677.6,167.76,4,2022,2,May,Thursday,10.0,Nikhil Khanna,Indore       , Madhya Pradesh,452001,28Nikhil@gmail.com,930431648,L'Oreal Shampoo,Personal Care,699,Summer Sale,Email,SUMMER21,20% off
2020-04-28,28,PR001,P007,3,6999,20997,20,4199.4,16797.6,1679.76,371,2020,2,April,Tuesday,10.0,Nikhil Khanna,Indore       , Madhya Pradesh,452001,28Nikhil@gmail.com,930431648,Adidas Sneakers,Footwear,6999,Summer Sale,Email,SUMMER21,20% off
2021-05-31,28,PR001,P004,3,64999,194997,20,38999.4,155997.6,15599.76,604,2021,2,May,Monday,10.0,Nikhil Khanna,Indore       , Madhya Pradesh,452001,28Nikhil@gmail.com,930431648,HP Pavilion Laptop,Electronics,64999,Summer Sale,Email,SUMMER21,20% off
2022-05-31,28,PR001,P029,3,99,297,20,59.4,237.6,23.76,1356,2022,2,May,Tuesday,10.0,Nikhil Khanna,Indore       , Madhya Pradesh,452001,28Nikhil@gmail.com,930431648,Colgate Toothpaste,Personal Care,99,Summer Sale,Email,SUMMER21,20% off
2022-04-17,28,PR001,P017,3,10499,31497,20,6299.4,25197.6,2519.76,2718,2022,2,April,Sunday,10.000000000000002,Nikhil Khanna,Indore       , Madhya Pradesh,452001,28Nikhil@gmail.com,930431648,IFB Microwave Oven,Home Appliances,10499,Summer Sale,Email,SUMMER21,20% off
2023-04-26,28,PR001,P029,1,99,99,20,19.8,79.2,7.92,415,2023,2,April,Wednesday,10.0,Nikhil Khanna,Indore       , Madhya Pradesh,452001,28Nikhil@gmail.com,930431648,Colgate Toothpaste,Personal Care,99,Summer Sale,Email,SUMMER21,20% off
2020-05-30,28,PR001,P011,1,1499,1499,20,299.8,1199.2,119.92,1299,2020,2,May,Saturday,10.0,Nikhil Khanna,Indore       , Madhya Pradesh,452001,28Nikhil@gmail.com,930431648,H&M T-Shirt,Clothing,1499,Summer Sale,Email,SUMMER21,20% off
2023-03-12,29,0,P016,1,24999,24999,0,0.0,24999.0,2499.9,459,2023,1,March,Sunday,10.0,Palak Kapoor,Mumbai       , Maharashtra   ,400001,29Palak@gmail.com,932434720,LG Washing Machine,Home Appliances,24999,,,,
2020-11-30,29,0,P015,3,8499,25497,0,0.0,25497.0,2549.7,114,2020,4,November,Monday,10.0,Palak Kapoor,Mumbai       , Maharashtra   ,400001,29Palak@gmail.com,932434720,Philips Air Fryer,Home Appliances,8499,,,,
2021-11-19,29,0,P022,3,1999,5997,0,0.0,5997.0,599.7,326,2021,4,November,Friday,10.0,Palak Kapoor,Mumbai       , Maharashtra   ,400001,29Palak@gmail.com,932434720,Borosil Glass Set,Kitchenware,1999,,,,
2020-07-29,29,0,P003,3,89999,269997,0,0.0,269997.0,26999.7,582,2020,3,July,Wednesday,10.0,Palak Kapoor,Mumbai       , Maharashtra   ,400001,29Palak@gmail.com,932434720,"Sony Bravia 55"" TV",Electronics,89999,,,,
2022-02-18,29,0,P006,3,7499,22497,0,0.0,22497.0,2249.7,917,2022,1,February,Friday,10.0,Palak Kapoor,Mumbai       , Maharashtra   ,400001,29Palak@gmail.com,932434720,Nike Running Shoes,Footwear,7499,,,,
2021-10-26,29,0,P025,3,8999,26997,0,0.0,26997.0,2699.7,1187,2021,4,October,Tuesday,10.0,Palak Kapoor,Mumbai       , Maharashtra   ,400001,29Palak@gmail.com,932434720,American Tourister Suitcase,Bags,8999,,,,
2020-08-08,29,0,P009,3,3499,10497,0,0.0,10497.0,1049.7,1594,2020,3,August,Saturday,10.0,Palak Kapoor,Mumbai       , Maharashtra   ,400001,29Palak@gmail.com,932434720,Levi's Denim Jeans,Clothing,3499,,,,
2022-03-04,29,0,P007,3,6999,20997,0,0.0,20997.0,2099.7,1789,2022,1,March,Friday,10.0,Palak Kapoor,Mumbai       , Maharashtra   ,400001,29Palak@gmail.com,932434720,Adidas Sneakers,Footwear,6999,,,,
2021-03-18,29,0,P009,3,3499,10497,0,0.0,10497.0,1049.7,1873,2021,1,March,Thursday,10.0,Palak Kapoor,Mumbai       , Maharashtra   ,400001,29Palak@gmail.com,932434720,Levi's Denim Jeans,Clothing,3499,,,,
2020-12-01,29,0,P019,3,5999,17997,0,0.0,17997.0,1799.7,1904,2020,4,December,Tuesday,10.0,Palak Kapoor,Mumbai       , Maharashtra   ,400001,29Palak@gmail.com,932434720,Titan Wrist Watch,Accessories,5999,,,,
2023-11-02,29,0,P027,3,699,2097,0,0.0,2097.0,209.7,2032,2023,4,November,Thursday,10.0,Palak Kapoor,Mumbai       , Maharashtra   ,400001,29Palak@gmail.com,932434720,L'Oreal Shampoo,Personal Care,699,,,,
2022-01-31,29,0,P017,3,10499,31497,0,0.0,31497.0,3149.7,2904,2022,1,January,Monday,10.0,Palak Kapoor,Mumbai       , Maharashtra   ,400001,29Palak@gmail.com,932434720,IFB Microwave Oven,Home Appliances,10499,,,,
2021-01-04,29,0,P029,3,99,297,0,0.0,297.0,29.7,2987,2021,1,January,Monday,10.0,Palak Kapoor,Mumbai       , Maharashtra   ,400001,29Palak@gmail.com,932434720,Colgate Toothpaste,Personal Care,99,,,,
2023-12-09,29,0,P012,3,2999,8997,0,0.0,8997.0,899.7,3083,2023,4,December,Saturday,10.0,Palak Kapoor,Mumbai       , Maharashtra   ,400001,29Palak@gmail.com,932434720,FabIndia Kurta,Clothing,2999,,,,
2021-11-17,29,0,P001,3,79999,239997,0,0.0,239997.0,23999.7,3106,2021,4,November,Wednesday,10.0,Palak Kapoor,Mumbai       , Maharashtra   ,400001,29Palak@gmail.com,932434720,Apple iPhone 14,Electronics,79999,,,,
2022-07-20,29,0,P010,2,2199,4398,0,0.0,4398.0,439.8,214,2022,3,July,Wednesday,10.0,Palak Kapoor,Mumbai       , Maharashtra   ,400001,29Palak@gmail.com,932434720,Zara Casual Shirt,Clothing,2199,,,,
2020-12-18,29,0,P017,2,10499,20998,0,0.0,20998.0,2099.8,300,2020,4,December,Friday,10.0,Palak Kapoor,Mumbai       , Maharashtra   ,400001,29Palak@gmail.com,932434720,IFB Microwave Oven,Home Appliances,10499,,,,
2023-06-14,29,0,P022,2,1999,3998,0,0.0,3998.0,399.8,736,2023,2,June,Wednesday,10.0,Palak Kapoor,Mumbai       , Maharashtra   ,400001,29Palak@gmail.com,932434720,Borosil Glass Set,Kitchenware,1999,,,,
2021-12-03,29,0,P021,2,1299,2598,0,0.0,2598.0,259.8,931,2021,4,December,Friday,10.0,Palak Kapoor,Mumbai       , Maharashtra   ,400001,29Palak@gmail.com,932434720,Tupperware Lunch Box,Kitchenware,1299,,,,
2023-03-31,29,0,P011,2,1499,2998,0,0.0,2998.0,299.8,1114,2023,1,March,Friday,10.0,Palak Kapoor,Mumbai       , Maharashtra   ,400001,29Palak@gmail.com,932434720,H&M T-Shirt,Clothing,1499,,,,
2021-01-22,29,0,P028,2,349,698,0,0.0,698.0,69.8,1326,2021,1,January,Friday,10.0,Palak Kapoor,Mumbai       , Maharashtra   ,400001,29Palak@gmail.com,932434720,Dove Soap Pack,Personal Care,349,,,,
2021-08-17,29,0,P002,2,69999,139998,0,0.0,139998.0,13999.8,1420,2021,3,August,Tuesday,10.0,Palak Kapoor,Mumbai       , Maharashtra   ,400001,29Palak@gmail.com,932434720,Samsung Galaxy S21,Electronics,69999,,,,
2022-02-15,29,0,P025,2,8999,17998,0,0.0,17998.0,1799.8,1528,2022,1,February,Tuesday,10.0,Palak Kapoor,Mumbai       , Maharashtra   ,400001,29Palak@gmail.com,932434720,American Tourister Suitcase,Bags,8999,,,,
2023-07-13,29,0,P024,2,2799,5598,0,0.0,5598.0,559.8,1690,2023,3,July,Thursday,10.0,Palak Kapoor,Mumbai       , Maharashtra   ,400001,29Palak@gmail.com,932434720,Puma Backpack,Bags,2799,,,,
2021-09-11,29,0,P007,2,6999,13998,0,0.0,13998.0,1399.8,2435,2021,3,September,Saturday,10.0,Palak Kapoor,Mumbai       , Maharashtra   ,400001,29Palak@gmail.com,932434720,Adidas Sneakers,Footwear,6999,,,,
2020-03-29,29,0,P020,2,12999,25998,0,0.0,25998.0,2599.8,2811,2020,1,March,Sunday,10.0,Palak Kapoor,Mumbai       , Maharashtra   ,400001,29Palak@gmail.com,932434720,Fossil Smartwatch,Accessories,12999,,,,
2023-10-17,29,0,P029,2,99,198,0,0.0,198.0,19.8,3156,2023,4,October,Tuesday,10.0,Palak Kapoor,Mumbai       , Maharashtra   ,400001,29Palak@gmail.com,932434720,Colgate Toothpaste,Personal Care,99,,,,
2020-02-19,29,0,P020,2,12999,25998,0,0.0,25998.0,2599.8,3198,2020,1,February,Wednesday,10.0,Palak Kapoor,Mumbai       , Maharashtra   ,400001,29Palak@gmail.com,932434720,Fossil Smartwatch,Accessories,12999,,,,
2020-01-15,29,0,P017,2,10499,20998,0,0.0,20998.0,2099.8,3229,2020,1,January,Wednesday,10.0,Palak Kapoor,Mumbai       , Maharashtra   ,400001,29Palak@gmail.com,932434720,IFB Microwave Oven,Home Appliances,10499,,,,
2020-10-25,29,0,P026,2,5499,10998,0,0.0,10998.0,1099.8,216,2020,4,October,Sunday,10.0,Palak Kapoor,Mumbai       , Maharashtra   ,400001,29Palak@gmail.com,932434720,Wildcraft Hiking Bag,Bags,5499,,,,
2021-09-25,29,0,P008,3,5499,16497,0,0.0,16497.0,1649.7,2148,2021,3,September,Saturday,10.0,Palak Kapoor,Mumbai       , Maharashtra   ,400001,29Palak@gmail.com,932434720,Puma Sports Shoes,Footwear,5499,,,,
2020-01-31,29,0,P001,1,79999,79999,0,0.0,79999.0,7999.9,492,2020,1,January,Friday,10.0,Palak Kapoor,Mumbai       , Maharashtra   ,400001,29Palak@gmail.com,932434720,Apple iPhone 14,Electronics,79999,,,,
2020-03-27,29,0,P028,1,349,349,0,0.0,349.0,34.9,904,2020,1,March,Friday,10.0,Palak Kapoor,Mumbai       , Maharashtra   ,400001,29Palak@gmail.com,932434720,Dove Soap Pack,Personal Care,349,,,,
2022-06-18,29,0,P030,1,399,399,0,0.0,399.0,39.9,1008,2022,2,June,Saturday,10.0,Palak Kapoor,Mumbai       , Maharashtra   ,400001,29Palak@gmail.com,932434720,Nivea Body Lotion,Personal Care,399,,,,
2022-06-06,29,0,P029,1,99,99,0,0.0,99.0,9.9,1427,2022,2,June,Monday,10.0,Palak Kapoor,Mumbai       , Maharashtra   ,400001,29Palak@gmail.com,932434720,Colgate Toothpaste,Personal Care,99,,,,
2022-09-11,29,0,P010,1,2199,2199,0,0.0,2199.0,219.9,1525,2022,3,September,Sunday,10.0,Palak Kapoor,Mumbai       , Maharashtra   ,400001,29Palak@gmail.com,932434720,Zara Casual Shirt,Clothing,2199,,,,
2023-11-27,29,0,P022,1,1999,1999,0,0.0,1999.0,199.9,1614,2023,4,November,Monday,10.0,Palak Kapoor,Mumbai       , Maharashtra   ,400001,29Palak@gmail.com,932434720,Borosil Glass Set,Kitchenware,1999,,,,
2023-01-19,29,0,P029,1,99,99,0,0.0,99.0,9.9,1777,2023,1,January,Thursday,10.0,Palak Kapoor,Mumbai       , Maharashtra   ,400001,29Palak@gmail.com,932434720,Colgate Toothpaste,Personal Care,99,,,,
2020-10-06,29,0,P016,1,24999,24999,0,0.0,24999.0,2499.9,1903,2020,4,October,Tuesday,10.0,Palak Kapoor,Mumbai       , Maharashtra   ,400001,29Palak@gmail.com,932434720,LG Washing Machine,Home Appliances,24999,,,,
2021-12-11,29,0,P029,1,99,99,0,0.0,99.0,9.9,1908,2021,4,December,Saturday,10.0,Palak Kapoor,Mumbai       , Maharashtra   ,400001,29Palak@gmail.com,932434720,Colgate Toothpaste,Personal Care,99,,,,
2021-01-21,29,0,P019,1,5999,5999,0,0.0,5999.0,599.9,2362,2021,1,January,Thursday,10.0,Palak Kapoor,Mumbai       , Maharashtra   ,400001,29Palak@gmail.com,932434720,Titan Wrist Watch,Accessories,5999,,,,
2023-01-24,29,0,P029,1,99,99,0,0.0,99.0,9.9,2401,2023,1,January,Tuesday,10.0,Palak Kapoor,Mumbai       , Maharashtra   ,400001,29Palak@gmail.com,932434720,Colgate Toothpaste,Personal Care,99,,,,
2023-01-27,29,0,P005,1,92499,92499,0,0.0,92499.0,9249.9,2559,2023,1,January,Friday,10.0,Palak Kapoor,Mumbai       , Maharashtra   ,400001,29Palak@gmail.com,932434720,Apple MacBook Air,Electronics,92499,,,,
2022-06-27,29,0,P008,1,5499,5499,0,0.0,5499.0,549.9,2785,2022,2,June,Monday,10.0,Palak Kapoor,Mumbai       , Maharashtra   ,400001,29Palak@gmail.com,932434720,Puma Sports Shoes,Footwear,5499,,,,
2020-11-06,29,0,P030,1,399,399,0,0.0,399.0,39.9,2829,2020,4,November,Friday,10.0,Palak Kapoor,Mumbai       , Maharashtra   ,400001,29Palak@gmail.com,932434720,Nivea Body Lotion,Personal Care,399,,,,
2022-11-28,29,0,P007,1,6999,6999,0,0.0,6999.0,699.9,2947,2022,4,November,Monday,10.0,Palak Kapoor,Mumbai       , Maharashtra   ,400001,29Palak@gmail.com,932434720,Adidas Sneakers,Footwear,6999,,,,
2023-10-20,29,0,P011,1,1499,1499,0,0.0,1499.0,149.9,3477,2023,4,October,Friday,10.0,Palak Kapoor,Mumbai       , Maharashtra   ,400001,29Palak@gmail.com,932434720,H&M T-Shirt,Clothing,1499,,,,
2020-04-20,29,PR001,P004,2,64999,129998,20,25999.6,103998.4,10399.84,218,2020,2,April,Monday,10.0,Palak Kapoor,Mumbai       , Maharashtra   ,400001,29Palak@gmail.com,932434720,HP Pavilion Laptop,Electronics,64999,Summer Sale,Email,SUMMER21,20% off
2023-05-23,29,PR001,P005,2,92499,184998,20,36999.6,147998.4,14799.84,837,2023,2,May,Tuesday,10.0,Palak Kapoor,Mumbai       , Maharashtra   ,400001,29Palak@gmail.com,932434720,Apple MacBook Air,Electronics,92499,Summer Sale,Email,SUMMER21,20% off
2023-04-11,29,PR001,P003,2,89999,179998,20,35999.6,143998.4,14399.84,2446,2023,2,April,Tuesday,10.0,Palak Kapoor,Mumbai       , Maharashtra   ,400001,29Palak@gmail.com,932434720,"Sony Bravia 55"" TV",Electronics,89999,Summer Sale,Email,SUMMER21,20% off
2022-04-17,29,PR001,P028,3,349,1047,20,209.4,837.6,83.76,2459,2022,2,April,Sunday,10.0,Palak Kapoor,Mumbai       , Maharashtra   ,400001,29Palak@gmail.com,932434720,Dove Soap Pack,Personal Care,349,Summer Sale,Email,SUMMER21,20% off
2021-05-15,29,PR001,P018,3,2299,6897,20,1379.4,5517.6,551.76,2472,2021,2,May,Saturday,10.0,Palak Kapoor,Mumbai       , Maharashtra   ,400001,29Palak@gmail.com,932434720,Prestige Pressure Cooker,Home Appliances,2299,Summer Sale,Email,SUMMER21,20% off
2020-04-29,29,PR001,P005,1,92499,92499,20,18499.8,73999.2,7399.92,388,2020,2,April,Wednesday,10.0,Palak Kapoor,Mumbai       , Maharashtra   ,400001,29Palak@gmail.com,932434720,Apple MacBook Air,Electronics,92499,Summer Sale,Email,SUMMER21,20% off
2020-04-20,29,PR001,P023,1,1499,1499,20,299.8,1199.2,119.92,1762,2020,2,April,Monday,10.0,Palak Kapoor,Mumbai       , Maharashtra   ,400001,29Palak@gmail.com,932434720,Milton Thermos Flask,Kitchenware,1499,Summer Sale,Email,SUMMER21,20% off
2023-04-06,29,PR001,P008,1,5499,5499,20,1099.8,4399.2,439.92,2421,2023,2,April,Thursday,10.0,Palak Kapoor,Mumbai       , Maharashtra   ,400001,29Palak@gmail.com,932434720,Puma Sports Shoes,Footwear,5499,Summer Sale,Email,SUMMER21,20% off
2021-05-01,29,PR001,P021,1,1299,1299,20,259.8,1039.2,103.92,2849,2021,2,May,Saturday,10.0,Palak Kapoor,Mumbai       , Maharashtra   ,400001,29Palak@gmail.com,932434720,Tupperware Lunch Box,Kitchenware,1299,Summer Sale,Email,SUMMER21,20% off
2023-07-16,29,PR004,P004,2,64999,129998,50,64999.0,64999.0,6499.9,960,2023,3,July,Sunday,10.0,Palak Kapoor,Mumbai       , Maharashtra   ,400001,29Palak@gmail.com,932434720,HP Pavilion Laptop,Electronics,64999,Weekend Flash Sale,Mobile Push,FLASH50,50% off
2021-07-04,29,PR004,P022,1,1999,1999,50,999.5,999.5,99.95,2734,2021,3,July,Sunday,10.0,Palak Kapoor,Mumbai       , Maharashtra   ,400001,29Palak@gmail.com,932434720,Borosil Glass Set,Kitchenware,1999,Weekend Flash Sale,Mobile Push,FLASH50,50% off
2022-07-16,29,PR004,P021,2,1299,2598,50,1299.0,1299.0,129.9,2963,2022,3,July,Saturday,10.0,Palak Kapoor,Mumbai       , Maharashtra   ,400001,29Palak@gmail.com,932434720,Tupperware Lunch Box,Kitchenware,1299,Weekend Flash Sale,Mobile Push,FLASH50,50% off
2023-12-31,29,PR005,P018,1,2299,2299,70,1609.3,689.7,68.97,39,2023,4,December,Sunday,10.0,Palak Kapoor,Mumbai       , Maharashtra   ,400001,29Palak@gmail.com,932434720,Prestige Pressure Cooker,Home Appliances,2299,Clearance Sale,In-App,CLEARANCE23,70% off
2021-01-24,3,0,P002,3,69999,209997,0,0.0,209997.0,20999.7,54,2021,1,January,Sunday,10.0,Aman Verma,Ahmedabad    , Gujarat       ,380001,3Aman@gmail.com,833807373,Samsung Galaxy S21,Electronics,69999,,,,
2021-10-02,3,0,P011,3,1499,4497,0,0.0,4497.0,449.7,2346,2021,4,October,Saturday,10.0,Aman Verma,Ahmedabad    , Gujarat       ,380001,3Aman@gmail.com,833807373,H&M T-Shirt,Clothing,1499,,,,
2022-11-02,3,0,P022,3,1999,5997,0,0.0,5997.0,599.7,284,2022,4,November,Wednesday,10.0,Aman Verma,Ahmedabad    , Gujarat       ,380001,3Aman@gmail.com,833807373,Borosil Glass Set,Kitchenware,1999,,,,
2020-11-17,3,0,P010,3,2199,6597,0,0.0,6597.0,659.7,422,2020,4,November,Tuesday,10.0,Aman Verma,Ahmedabad    , Gujarat       ,380001,3Aman@gmail.com,833807373,Zara Casual Shirt,Clothing,2199,,,,
2021-06-03,3,0,P024,3,2799,8397,0,0.0,8397.0,839.7,454,2021,2,June,Thursday,10.0,Aman Verma,Ahmedabad    , Gujarat       ,380001,3Aman@gmail.com,833807373,Puma Backpack,Bags,2799,,,,
2020-09-06,3,0,P013,3,15999,47997,0,0.0,47997.0,4799.7,647,2020,3,September,Sunday,10.0,Aman Verma,Ahmedabad    , Gujarat       ,380001,3Aman@gmail.com,833807373,Raymond Suit,Clothing,15999,,,,
2022-10-25,3,0,P029,3,99,297,0,0.0,297.0,29.7,719,2022,4,October,Tuesday,10.0,Aman Verma,Ahmedabad    , Gujarat       ,380001,3Aman@gmail.com,833807373,Colgate Toothpaste,Personal Care,99,,,,
2022-08-06,3,0,P012,3,2999,8997,0,0.0,8997.0,899.7,778,2022,3,August,Saturday,10.0,Aman Verma,Ahmedabad    , Gujarat       ,380001,3Aman@gmail.com,833807373,FabIndia Kurta,Clothing,2999,,,,
2023-02-07,3,0,P013,3,15999,47997,0,0.0,47997.0,4799.7,848,2023,1,February,Tuesday,10.0,Aman Verma,Ahmedabad    , Gujarat       ,380001,3Aman@gmail.com,833807373,Raymond Suit,Clothing,15999,,,,
2022-11-19,3,0,P017,3,10499,31497,0,0.0,31497.0,3149.7,857,2022,4,November,Saturday,10.0,Aman Verma,Ahmedabad    , Gujarat       ,380001,3Aman@gmail.com,833807373,IFB Microwave Oven,Home Appliances,10499,,,,
2023-07-26,3,0,P027,3,699,2097,0,0.0,2097.0,209.7,972,2023,3,July,Wednesday,10.0,Aman Verma,Ahmedabad    , Gujarat       ,380001,3Aman@gmail.com,833807373,L'Oreal Shampoo,Personal Care,699,,,,
2021-10-25,3,0,P013,3,15999,47997,0,0.0,47997.0,4799.7,1143,2021,4,October,Monday,10.0,Aman Verma,Ahmedabad    , Gujarat       ,380001,3Aman@gmail.com,833807373,Raymond Suit,Clothing,15999,,,,
2020-07-07,3,0,P003,3,89999,269997,0,0.0,269997.0,26999.7,1346,2020,3,July,Tuesday,10.0,Aman Verma,Ahmedabad    , Gujarat       ,380001,3Aman@gmail.com,833807373,"Sony Bravia 55"" TV",Electronics,89999,,,,
2022-12-29,3,0,P025,3,8999,26997,0,0.0,26997.0,2699.7,1663,2022,4,December,Thursday,10.0,Aman Verma,Ahmedabad    , Gujarat       ,380001,3Aman@gmail.com,833807373,American Tourister Suitcase,Bags,8999,,,,
2022-08-30,3,0,P018,3,2299,6897,0,0.0,6897.0,689.7,2565,2022,3,August,Tuesday,10.0,Aman Verma,Ahmedabad    , Gujarat       ,380001,3Aman@gmail.com,833807373,Prestige Pressure Cooker,Home Appliances,2299,,,,
2021-10-08,3,0,P003,3,89999,269997,0,0.0,269997.0,26999.7,2925,2021,4,October,Friday,10.0,Aman Verma,Ahmedabad    , Gujarat       ,380001,3Aman@gmail.com,833807373,"Sony Bravia 55"" TV",Electronics,89999,,,,
2022-12-19,3,0,P016,3,24999,74997,0,0.0,74997.0,7499.7,2993,2022,4,December,Monday,10.0,Aman Verma,Ahmedabad    , Gujarat       ,380001,3Aman@gmail.com,833807373,LG Washing Machine,Home Appliances,24999,,,,
2020-11-12,3,0,P020,3,12999,38997,0,0.0,38997.0,3899.7,3010,2020,4,November,Thursday,10.0,Aman Verma,Ahmedabad    , Gujarat       ,380001,3Aman@gmail.com,833807373,Fossil Smartwatch,Accessories,12999,,,,
2020-07-16,3,0,P030,2,399,798,0,0.0,798.0,79.8,274,2020,3,July,Thursday,10.0,Aman Verma,Ahmedabad    , Gujarat       ,380001,3Aman@gmail.com,833807373,Nivea Body Lotion,Personal Care,399,,,,
2022-08-31,3,0,P027,2,699,1398,0,0.0,1398.0,139.8,833,2022,3,August,Wednesday,10.0,Aman Verma,Ahmedabad    , Gujarat       ,380001,3Aman@gmail.com,833807373,L'Oreal Shampoo,Personal Care,699,,,,
2020-03-05,3,0,P028,2,349,698,0,0.0,698.0,69.8,884,2020,1,March,Thursday,10.0,Aman Verma,Ahmedabad    , Gujarat       ,380001,3Aman@gmail.com,833807373,Dove Soap Pack,Personal Care,349,,,,
2021-01-11,3,0,P030,2,399,798,0,0.0,798.0,79.8,1055,2021,1,January,Monday,10.0,Aman Verma,Ahmedabad    , Gujarat       ,380001,3Aman@gmail.com,833807373,Nivea Body Lotion,Personal Care,399,,,,
2023-11-22,3,0,P010,2,2199,4398,0,0.0,4398.0,439.8,1168,2023,4,November,Wednesday,10.0,Aman Verma,Ahmedabad    , Gujarat       ,380001,3Aman@gmail.com,833807373,Zara Casual Shirt,Clothing,2199,,,,
2021-01-13,3,0,P017,2,10499,20998,0,0.0,20998.0,2099.8,1310,2021,1,January,Wednesday,10.0,Aman Verma,Ahmedabad    , Gujarat       ,380001,3Aman@gmail.com,833807373,IFB Microwave Oven,Home Appliances,10499,,,,
2023-02-16,3,0,P007,2,6999,13998,0,0.0,13998.0,1399.8,1541,2023,1,February,Thursday,10.0,Aman Verma,Ahmedabad    , Gujarat       ,380001,3Aman@gmail.com,833807373,Adidas Sneakers,Footwear,6999,,,,
2021-02-14,3,0,P017,2,10499,20998,0,0.0,20998.0,2099.8,1783,2021,1,February,Sunday,10.0,Aman Verma,Ahmedabad    , Gujarat       ,380001,3Aman@gmail.com,833807373,IFB Microwave Oven,Home Appliances,10499,,,,
2021-10-12,3,0,P029,2,99,198,0,0.0,198.0,19.8,1877,2021,4,October,Tuesday,10.0,Aman Verma,Ahmedabad    , Gujarat       ,380001,3Aman@gmail.com,833807373,Colgate Toothpaste,Personal Care,99,,,,
2022-06-05,3,0,P010,2,2199,4398,0,0.0,4398.0,439.8,1929,2022,2,June,Sunday,10.0,Aman Verma,Ahmedabad    , Gujarat       ,380001,3Aman@gmail.com,833807373,Zara Casual Shirt,Clothing,2199,,,,
2022-08-02,3,0,P006,2,7499,14998,0,0.0,14998.0,1499.8,2393,2022,3,August,Tuesday,10.0,Aman Verma,Ahmedabad    , Gujarat       ,380001,3Aman@gmail.com,833807373,Nike Running Shoes,Footwear,7499,,,,
2023-09-07,3,0,P014,2,4999,9998,0,0.0,9998.0,999.8,2511,2023,3,September,Thursday,10.0,Aman Verma,Ahmedabad    , Gujarat       ,380001,3Aman@gmail.com,833807373,Bajaj Mixer Grinder,Home Appliances,4999,,,,
2021-09-25,3,0,P004,2,64999,129998,0,0.0,129998.0,12999.8,2557,2021,3,September,Saturday,10.0,Aman Verma,Ahmedabad    , Gujarat       ,380001,3Aman@gmail.com,833807373,HP Pavilion Laptop,Electronics,64999,,,,
2023-10-07,3,0,P018,2,2299,4598,0,0.0,4598.0,459.8,2894,2023,4,October,Saturday,10.0,Aman Verma,Ahmedabad    , Gujarat       ,380001,3Aman@gmail.com,833807373,Prestige Pressure Cooker,Home Appliances,2299,,,,
2023-07-25,3,0,P010,2,2199,4398,0,0.0,4398.0,439.8,3154,2023,3,July,Tuesday,10.0,Aman Verma,Ahmedabad    , Gujarat       ,380001,3Aman@gmail.com,833807373,Zara Casual Shirt,Clothing,2199,,,,
2022-06-30,3,0,P004,2,64999,129998,0,0.0,129998.0,12999.8,3333,2022,2,June,Thursday,10.0,Aman Verma,Ahmedabad    , Gujarat       ,380001,3Aman@gmail.com,833807373,HP Pavilion Laptop,Electronics,64999,,,,
2022-07-20,3,0,P010,2,2199,4398,0,0.0,4398.0,439.8,3453,2022,3,July,Wednesday,10.0,Aman Verma,Ahmedabad    , Gujarat       ,380001,3Aman@gmail.com,833807373,Zara Casual Shirt,Clothing,2199,,,,
2020-06-11,3,0,P008,2,5499,10998,0,0.0,10998.0,1099.8,272,2020,2,June,Thursday,10.0,Aman Verma,Ahmedabad    , Gujarat       ,380001,3Aman@gmail.com,833807373,Puma Sports Shoes,Footwear,5499,,,,
2023-03-01,3,0,P026,2,5499,10998,0,0.0,10998.0,1099.8,1307,2023,1,March,Wednesday,10.0,Aman Verma,Ahmedabad    , Gujarat       ,380001,3Aman@gmail.com,833807373,Wildcraft Hiking Bag,Bags,5499,,,,
2020-11-15,3,0,P017,1,10499,10499,0,0.0,10499.0,1049.9,245,2020,4,November,Sunday,10.0,Aman Verma,Ahmedabad    , Gujarat       ,380001,3Aman@gmail.com,833807373,IFB Microwave Oven,Home Appliances,10499,,,,
2021-07-12,3,0,P007,1,6999,6999,0,0.0,6999.0,699.9,672,2021,3,July,Monday,10.0,Aman Verma,Ahmedabad    , Gujarat       ,380001,3Aman@gmail.com,833807373,Adidas Sneakers,Footwear,6999,,,,
2023-10-16,3,0,P018,1,2299,2299,0,0.0,2299.0,229.9,696,2023,4,October,Monday,10.0,Aman Verma,Ahmedabad    , Gujarat       ,380001,3Aman@gmail.com,833807373,Prestige Pressure Cooker,Home Appliances,2299,,,,
2023-01-12,3,0,P026,1,5499,5499,0,0.0,5499.0,549.9,840,2023,1,January,Thursday,10.0,Aman Verma,Ahmedabad    , Gujarat       ,380001,3Aman@gmail.com,833807373,Wildcraft Hiking Bag,Bags,5499,,,,
2021-01-18,3,0,P005,1,92499,92499,0,0.0,92499.0,9249.9,856,2021,1,January,Monday,10.0,Aman Verma,Ahmedabad    , Gujarat       ,380001,3Aman@gmail.com,833807373,Apple MacBook Air,Electronics,92499,,,,
2020-12-02,3,0,P008,1,5499,5499,0,0.0,5499.0,549.9,965,2020,4,December,Wednesday,10.0,Aman Verma,Ahmedabad    , Gujarat       ,380001,3Aman@gmail.com,833807373,Puma Sports Shoes,Footwear,5499,,,,
2023-03-31,3,0,P007,1,6999,6999,0,0.0,6999.0,699.9,1039,2023,1,March,Friday,10.0,Aman Verma,Ahmedabad    , Gujarat       ,380001,3Aman@gmail.com,833807373,Adidas Sneakers,Footwear,6999,,,,
2021-11-02,3,0,P013,1,15999,15999,0,0.0,15999.0,1599.9,1066,2021,4,November,Tuesday,10.0,Aman Verma,Ahmedabad    , Gujarat       ,380001,3Aman@gmail.com,833807373,Raymond Suit,Clothing,15999,,,,
2020-03-17,3,0,P028,1,349,349,0,0.0,349.0,34.9,1067,2020,1,March,Tuesday,10.0,Aman Verma,Ahmedabad    , Gujarat       ,380001,3Aman@gmail.com,833807373,Dove Soap Pack,Personal Care,349,,,,
2023-11-10,3,0,P026,1,5499,5499,0,0.0,5499.0,549.9,1068,2023,4,November,Friday,10.0,Aman Verma,Ahmedabad    , Gujarat       ,380001,3Aman@gmail.com,833807373,Wildcraft Hiking Bag,Bags,5499,,,,
2020-02-07,3,0,P026,1,5499,5499,0,0.0,5499.0,549.9,1281,2020,1,February,Friday,10.0,Aman Verma,Ahmedabad    , Gujarat       ,380001,3Aman@gmail.com,833807373,Wildcraft Hiking Bag,Bags,5499,,,,
2020-11-27,3,0,P002,1,69999,69999,0,0.0,69999.0,6999.9,1334,2020,4,November,Friday,10.0,Aman Verma,Ahmedabad    , Gujarat       ,380001,3Aman@gmail.com,833807373,Samsung Galaxy S21,Electronics,69999,,,,
2022-11-13,3,0,P030,1,399,399,0,0.0,399.0,39.9,1585,2022,4,November,Sunday,10.0,Aman Verma,Ahmedabad    , Gujarat       ,380001,3Aman@gmail.com,833807373,Nivea Body Lotion,Personal Care,399,,,,
2021-06-03,3,0,P019,1,5999,5999,0,0.0,5999.0,599.9,1648,2021,2,June,Thursday,10.0,Aman Verma,Ahmedabad    , Gujarat       ,380001,3Aman@gmail.com,833807373,Titan Wrist Watch,Accessories,5999,,,,
2022-07-28,3,0,P002,1,69999,69999,0,0.0,69999.0,6999.9,1976,2022,3,July,Thursday,10.0,Aman Verma,Ahmedabad    , Gujarat       ,380001,3Aman@gmail.com,833807373,Samsung Galaxy S21,Electronics,69999,,,,
2023-11-23,3,0,P006,1,7499,7499,0,0.0,7499.0,749.9,1991,2023,4,November,Thursday,10.0,Aman Verma,Ahmedabad    , Gujarat       ,380001,3Aman@gmail.com,833807373,Nike Running Shoes,Footwear,7499,,,,
2021-09-28,3,0,P026,1,5499,5499,0,0.0,5499.0,549.9,2170,2021,3,September,Tuesday,10.0,Aman Verma,Ahmedabad    , Gujarat       ,380001,3Aman@gmail.com,833807373,Wildcraft Hiking Bag,Bags,5499,,,,
2020-06-21,3,0,P001,1,79999,79999,0,0.0,79999.0,7999.9,2184,2020,2,June,Sunday,10.0,Aman Verma,Ahmedabad    , Gujarat       ,380001,3Aman@gmail.com,833807373,Apple iPhone 14,Electronics,79999,,,,
2020-06-19,3,0,P029,1,99,99,0,0.0,99.0,9.9,2753,2020,2,June,Friday,10.0,Aman Verma,Ahmedabad    , Gujarat       ,380001,3Aman@gmail.com,833807373,Colgate Toothpaste,Personal Care,99,,,,
2020-03-31,3,0,P007,1,6999,6999,0,0.0,6999.0,699.9,2789,2020,1,March,Tuesday,10.0,Aman Verma,Ahmedabad    , Gujarat       ,380001,3Aman@gmail.com,833807373,Adidas Sneakers,Footwear,6999,,,,
2023-03-29,3,0,P009,1,3499,3499,0,0.0,3499.0,349.9,2828,2023,1,March,Wednesday,10.0,Aman Verma,Ahmedabad    , Gujarat       ,380001,3Aman@gmail.com,833807373,Levi's Denim Jeans,Clothing,3499,,,,
2023-06-15,3,0,P001,1,79999,79999,0,0.0,79999.0,7999.9,3025,2023,2,June,Thursday,10.0,Aman Verma,Ahmedabad    , Gujarat       ,380001,3Aman@gmail.com,833807373,Apple iPhone 14,Electronics,79999,,,,
2022-04-30,3,PR001,P022,2,1999,3998,20,799.6,3198.4,319.84,295,2022,2,April,Saturday,10.0,Aman Verma,Ahmedabad    , Gujarat       ,380001,3Aman@gmail.com,833807373,Borosil Glass Set,Kitchenware,1999,Summer Sale,Email,SUMMER21,20% off
2023-05-25,3,PR001,P024,2,2799,5598,20,1119.6,4478.4,447.84,1570,2023,2,May,Thursday,10.0,Aman Verma,Ahmedabad    , Gujarat       ,380001,3Aman@gmail.com,833807373,Puma Backpack,Bags,2799,Summer Sale,Email,SUMMER21,20% off
2022-05-07,3,PR001,P006,2,7499,14998,20,2999.6,11998.4,1199.84,2429,2022,2,May,Saturday,10.0,Aman Verma,Ahmedabad    , Gujarat       ,380001,3Aman@gmail.com,833807373,Nike Running Shoes,Footwear,7499,Summer Sale,Email,SUMMER21,20% off
2021-05-07,3,PR001,P014,2,4999,9998,20,1999.6,7998.4,799.84,3364,2021,2,May,Friday,10.0,Aman Verma,Ahmedabad    , Gujarat       ,380001,3Aman@gmail.com,833807373,Bajaj Mixer Grinder,Home Appliances,4999,Summer Sale,Email,SUMMER21,20% off
2020-04-26,3,PR001,P005,3,92499,277497,20,55499.4,221997.6,22199.76,12,2020,2,April,Sunday,10.0,Aman Verma,Ahmedabad    , Gujarat       ,380001,3Aman@gmail.com,833807373,Apple MacBook Air,Electronics,92499,Summer Sale,Email,SUMMER21,20% off
2022-05-20,3,PR001,P001,3,79999,239997,20,47999.4,191997.6,19199.76,178,2022,2,May,Friday,10.0,Aman Verma,Ahmedabad    , Gujarat       ,380001,3Aman@gmail.com,833807373,Apple iPhone 14,Electronics,79999,Summer Sale,Email,SUMMER21,20% off
2021-04-30,3,PR001,P013,3,15999,47997,20,9599.4,38397.6,3839.76,1048,2021,2,April,Friday,10.0,Aman Verma,Ahmedabad    , Gujarat       ,380001,3Aman@gmail.com,833807373,Raymond Suit,Clothing,15999,Summer Sale,Email,SUMMER21,20% off
2023-05-15,3,PR001,P020,3,12999,38997,20,7799.4,31197.6,3119.76,2792,2023,2,May,Monday,10.0,Aman Verma,Ahmedabad    , Gujarat       ,380001,3Aman@gmail.com,833807373,Fossil Smartwatch,Accessories,12999,Summer Sale,Email,SUMMER21,20% off
2020-04-11,3,PR001,P004,3,64999,194997,20,38999.4,155997.6,15599.76,3226,2020,2,April,Saturday,10.0,Aman Verma,Ahmedabad    , Gujarat       ,380001,3Aman@gmail.com,833807373,HP Pavilion Laptop,Electronics,64999,Summer Sale,Email,SUMMER21,20% off
2021-04-12,3,PR001,P006,1,7499,7499,20,1499.8,5999.2,599.92,302,2021,2,April,Monday,10.0,Aman Verma,Ahmedabad    , Gujarat       ,380001,3Aman@gmail.com,833807373,Nike Running Shoes,Footwear,7499,Summer Sale,Email,SUMMER21,20% off
2022-05-03,3,PR001,P030,1,399,399,20,79.8,319.2,31.92,810,2022,2,May,Tuesday,10.0,Aman Verma,Ahmedabad    , Gujarat       ,380001,3Aman@gmail.com,833807373,Nivea Body Lotion,Personal Care,399,Summer Sale,Email,SUMMER21,20% off
2020-05-26,3,PR001,P001,1,79999,79999,20,15999.8,63999.2,6399.92,1013,2020,2,May,Tuesday,10.0,Aman Verma,Ahmedabad    , Gujarat       ,380001,3Aman@gmail.com,833807373,Apple iPhone 14,Electronics,79999,Summer Sale,Email,SUMMER21,20% off
2021-07-24,3,PR004,P020,2,12999,25998,50,12999.0,12999.0,1299.9,2312,2021,3,July,Saturday,10.0,Aman Verma,Ahmedabad    , Gujarat       ,380001,3Aman@gmail.com,833807373,Fossil Smartwatch,Accessories,12999,Weekend Flash Sale,Mobile Push,FLASH50,50% off
2023-12-29,3,PR005,P014,3,4999,14997,70,10497.9,4499.1,449.91,293,2023,4,December,Friday,10.0,Aman Verma,Ahmedabad    , Gujarat       ,380001,3Aman@gmail.com,833807373,Bajaj Mixer Grinder,Home Appliances,4999,Clearance Sale,In-App,CLEARANCE23,70% off
2023-12-26,3,PR005,P015,2,8499,16998,70,11898.6,5099.4,509.94,639,2023,4,December,Tuesday,10.0,Aman Verma,Ahmedabad    , Gujarat       ,380001,3Aman@gmail.com,833807373,Philips Air Fryer,Home Appliances,8499,Clearance Sale,In-App,CLEARANCE23,70% off
2020-07-04,30,PR004,P018,1,2299,2299,50,1149.5,1149.5,114.95,2663,2020,3,July,Saturday,10.0,Pooja Chatterjee,Patna        , Bihar         ,800001,30Pooja@gmail.com,822742952,Prestige Pressure Cooker,Home Appliances,2299,Weekend Flash Sale,Mobile Push,FLASH50,50% off
2022-02-11,30,0,P011,3,1499,4497,0,0.0,4497.0,449.7,1204,2022,1,February,Friday,10.0,Pooja Chatterjee,Patna        , Bihar         ,800001,30Pooja@gmail.com,822742952,H&M T-Shirt,Clothing,1499,,,,
2020-03-20,30,0,P011,3,1499,4497,0,0.0,4497.0,449.7,2952,2020,1,March,Friday,10.0,Pooja Chatterjee,Patna        , Bihar         ,800001,30Pooja@gmail.com,822742952,H&M T-Shirt,Clothing,1499,,,,
2020-12-20,30,0,P008,3,5499,16497,0,0.0,16497.0,1649.7,3192,2020,4,December,Sunday,10.0,Pooja Chatterjee,Patna        , Bihar         ,800001,30Pooja@gmail.com,822742952,Puma Sports Shoes,Footwear,5499,,,,
2022-03-21,30,0,P016,3,24999,74997,0,0.0,74997.0,7499.7,603,2022,1,March,Monday,10.0,Pooja Chatterjee,Patna        , Bihar         ,800001,30Pooja@gmail.com,822742952,LG Washing Machine,Home Appliances,24999,,,,
2020-03-31,30,0,P030,3,399,1197,0,0.0,1197.0,119.7,679,2020,1,March,Tuesday,10.0,Pooja Chatterjee,Patna        , Bihar         ,800001,30Pooja@gmail.com,822742952,Nivea Body Lotion,Personal Care,399,,,,
2022-10-16,30,0,P024,3,2799,8397,0,0.0,8397.0,839.7,1119,2022,4,October,Sunday,10.0,Pooja Chatterjee,Patna        , Bihar         ,800001,30Pooja@gmail.com,822742952,Puma Backpack,Bags,2799,,,,
2023-02-04,30,0,P014,3,4999,14997,0,0.0,14997.0,1499.7,1211,2023,1,February,Saturday,10.0,Pooja Chatterjee,Patna        , Bihar         ,800001,30Pooja@gmail.com,822742952,Bajaj Mixer Grinder,Home Appliances,4999,,,,
2023-09-29,30,0,P012,3,2999,8997,0,0.0,8997.0,899.7,1230,2023,3,September,Friday,10.0,Pooja Chatterjee,Patna        , Bihar         ,800001,30Pooja@gmail.com,822742952,FabIndia Kurta,Clothing,2999,,,,
2020-03-14,30,0,P025,3,8999,26997,0,0.0,26997.0,2699.7,1340,2020,1,March,Saturday,10.0,Pooja Chatterjee,Patna        , Bihar         ,800001,30Pooja@gmail.com,822742952,American Tourister Suitcase,Bags,8999,,,,
2023-07-18,30,0,P004,3,64999,194997,0,0.0,194997.0,19499.7,1504,2023,3,July,Tuesday,10.0,Pooja Chatterjee,Patna        , Bihar         ,800001,30Pooja@gmail.com,822742952,HP Pavilion Laptop,Electronics,64999,,,,
2022-11-08,30,0,P006,3,7499,22497,0,0.0,22497.0,2249.7,1548,2022,4,November,Tuesday,10.0,Pooja Chatterjee,Patna        , Bihar         ,800001,30Pooja@gmail.com,822742952,Nike Running Shoes,Footwear,7499,,,,
2022-11-09,30,0,P007,3,6999,20997,0,0.0,20997.0,2099.7,1983,2022,4,November,Wednesday,10.0,Pooja Chatterjee,Patna        , Bihar         ,800001,30Pooja@gmail.com,822742952,Adidas Sneakers,Footwear,6999,,,,
2023-12-13,30,0,P013,3,15999,47997,0,0.0,47997.0,4799.7,2360,2023,4,December,Wednesday,10.0,Pooja Chatterjee,Patna        , Bihar         ,800001,30Pooja@gmail.com,822742952,Raymond Suit,Clothing,15999,,,,
2020-10-16,30,0,P009,3,3499,10497,0,0.0,10497.0,1049.7,2579,2020,4,October,Friday,10.0,Pooja Chatterjee,Patna        , Bihar         ,800001,30Pooja@gmail.com,822742952,Levi's Denim Jeans,Clothing,3499,,,,
2022-11-06,30,0,P016,3,24999,74997,0,0.0,74997.0,7499.7,2680,2022,4,November,Sunday,10.0,Pooja Chatterjee,Patna        , Bihar         ,800001,30Pooja@gmail.com,822742952,LG Washing Machine,Home Appliances,24999,,,,
2020-07-24,30,0,P007,3,6999,20997,0,0.0,20997.0,2099.7,2869,2020,3,July,Friday,10.0,Pooja Chatterjee,Patna        , Bihar         ,800001,30Pooja@gmail.com,822742952,Adidas Sneakers,Footwear,6999,,,,
2023-09-05,30,0,P004,3,64999,194997,0,0.0,194997.0,19499.7,2873,2023,3,September,Tuesday,10.0,Pooja Chatterjee,Patna        , Bihar         ,800001,30Pooja@gmail.com,822742952,HP Pavilion Laptop,Electronics,64999,,,,
2022-02-16,30,0,P021,3,1299,3897,0,0.0,3897.0,389.7,2989,2022,1,February,Wednesday,10.0,Pooja Chatterjee,Patna        , Bihar         ,800001,30Pooja@gmail.com,822742952,Tupperware Lunch Box,Kitchenware,1299,,,,
2021-06-26,30,0,P003,3,89999,269997,0,0.0,269997.0,26999.7,3185,2021,2,June,Saturday,10.0,Pooja Chatterjee,Patna        , Bihar         ,800001,30Pooja@gmail.com,822742952,"Sony Bravia 55"" TV",Electronics,89999,,,,
2020-09-18,30,0,P009,3,3499,10497,0,0.0,10497.0,1049.7,3402,2020,3,September,Friday,10.0,Pooja Chatterjee,Patna        , Bihar         ,800001,30Pooja@gmail.com,822742952,Levi's Denim Jeans,Clothing,3499,,,,
2022-08-21,30,0,P018,3,2299,6897,0,0.0,6897.0,689.7,3468,2022,3,August,Sunday,10.0,Pooja Chatterjee,Patna        , Bihar         ,800001,30Pooja@gmail.com,822742952,Prestige Pressure Cooker,Home Appliances,2299,,,,
2020-02-27,30,0,P018,2,2299,4598,0,0.0,4598.0,459.8,161,2020,1,February,Thursday,10.0,Pooja Chatterjee,Patna        , Bihar         ,800001,30Pooja@gmail.com,822742952,Prestige Pressure Cooker,Home Appliances,2299,,,,
2023-07-25,30,0,P028,2,349,698,0,0.0,698.0,69.8,644,2023,3,July,Tuesday,10.0,Pooja Chatterjee,Patna        , Bihar         ,800001,30Pooja@gmail.com,822742952,Dove Soap Pack,Personal Care,349,,,,
2023-01-24,30,0,P007,2,6999,13998,0,0.0,13998.0,1399.8,1074,2023,1,January,Tuesday,10.0,Pooja Chatterjee,Patna        , Bihar         ,800001,30Pooja@gmail.com,822742952,Adidas Sneakers,Footwear,6999,,,,
2020-03-02,30,0,P017,2,10499,20998,0,0.0,20998.0,2099.8,1237,2020,1,March,Monday,10.0,Pooja Chatterjee,Patna        , Bihar         ,800001,30Pooja@gmail.com,822742952,IFB Microwave Oven,Home Appliances,10499,,,,
2022-07-07,30,0,P024,2,2799,5598,0,0.0,5598.0,559.8,1416,2022,3,July,Thursday,10.0,Pooja Chatterjee,Patna        , Bihar         ,800001,30Pooja@gmail.com,822742952,Puma Backpack,Bags,2799,,,,
2022-11-09,30,0,P017,2,10499,20998,0,0.0,20998.0,2099.8,1847,2022,4,November,Wednesday,10.0,Pooja Chatterjee,Patna        , Bihar         ,800001,30Pooja@gmail.com,822742952,IFB Microwave Oven,Home Appliances,10499,,,,
2023-08-15,30,0,P003,2,89999,179998,0,0.0,179998.0,17999.8,1953,2023,3,August,Tuesday,10.0,Pooja Chatterjee,Patna        , Bihar         ,800001,30Pooja@gmail.com,822742952,"Sony Bravia 55"" TV",Electronics,89999,,,,
2022-03-27,30,0,P002,2,69999,139998,0,0.0,139998.0,13999.8,2121,2022,1,March,Sunday,10.0,Pooja Chatterjee,Patna        , Bihar         ,800001,30Pooja@gmail.com,822742952,Samsung Galaxy S21,Electronics,69999,,,,
2021-01-30,30,0,P024,2,2799,5598,0,0.0,5598.0,559.8,2215,2021,1,January,Saturday,10.0,Pooja Chatterjee,Patna        , Bihar         ,800001,30Pooja@gmail.com,822742952,Puma Backpack,Bags,2799,,,,
2023-11-03,30,0,P003,2,89999,179998,0,0.0,179998.0,17999.8,2265,2023,4,November,Friday,10.0,Pooja Chatterjee,Patna        , Bihar         ,800001,30Pooja@gmail.com,822742952,"Sony Bravia 55"" TV",Electronics,89999,,,,
2023-02-26,30,0,P001,2,79999,159998,0,0.0,159998.0,15999.8,2325,2023,1,February,Sunday,10.0,Pooja Chatterjee,Patna        , Bihar         ,800001,30Pooja@gmail.com,822742952,Apple iPhone 14,Electronics,79999,,,,
2021-12-24,30,0,P027,2,699,1398,0,0.0,1398.0,139.8,2400,2021,4,December,Friday,10.0,Pooja Chatterjee,Patna        , Bihar         ,800001,30Pooja@gmail.com,822742952,L'Oreal Shampoo,Personal Care,699,,,,
2023-07-12,30,0,P007,2,6999,13998,0,0.0,13998.0,1399.8,2520,2023,3,July,Wednesday,10.0,Pooja Chatterjee,Patna        , Bihar         ,800001,30Pooja@gmail.com,822742952,Adidas Sneakers,Footwear,6999,,,,
2020-10-13,30,0,P002,2,69999,139998,0,0.0,139998.0,13999.8,2547,2020,4,October,Tuesday,10.0,Pooja Chatterjee,Patna        , Bihar         ,800001,30Pooja@gmail.com,822742952,Samsung Galaxy S21,Electronics,69999,,,,
2023-12-12,30,0,P020,2,12999,25998,0,0.0,25998.0,2599.8,2553,2023,4,December,Tuesday,10.0,Pooja Chatterjee,Patna        , Bihar         ,800001,30Pooja@gmail.com,822742952,Fossil Smartwatch,Accessories,12999,,,,
2022-08-24,30,0,P027,2,699,1398,0,0.0,1398.0,139.8,2575,2022,3,August,Wednesday,10.0,Pooja Chatterjee,Patna        , Bihar         ,800001,30Pooja@gmail.com,822742952,L'Oreal Shampoo,Personal Care,699,,,,
2020-06-06,30,0,P022,2,1999,3998,0,0.0,3998.0,399.8,3009,2020,2,June,Saturday,10.0,Pooja Chatterjee,Patna        , Bihar         ,800001,30Pooja@gmail.com,822742952,Borosil Glass Set,Kitchenware,1999,,,,
2023-01-10,30,0,P012,2,2999,5998,0,0.0,5998.0,599.8,3062,2023,1,January,Tuesday,10.0,Pooja Chatterjee,Patna        , Bihar         ,800001,30Pooja@gmail.com,822742952,FabIndia Kurta,Clothing,2999,,,,
2021-03-29,30,0,P022,2,1999,3998,0,0.0,3998.0,399.8,3474,2021,1,March,Monday,10.0,Pooja Chatterjee,Patna        , Bihar         ,800001,30Pooja@gmail.com,822742952,Borosil Glass Set,Kitchenware,1999,,,,
2022-07-20,30,0,P026,2,5499,10998,0,0.0,10998.0,1099.8,1867,2022,3,July,Wednesday,10.0,Pooja Chatterjee,Patna        , Bihar         ,800001,30Pooja@gmail.com,822742952,Wildcraft Hiking Bag,Bags,5499,,,,
2022-07-21,30,0,P008,2,5499,10998,0,0.0,10998.0,1099.8,2870,2022,3,July,Thursday,10.0,Pooja Chatterjee,Patna        , Bihar         ,800001,30Pooja@gmail.com,822742952,Puma Sports Shoes,Footwear,5499,,,,
2022-06-10,30,0,P023,1,1499,1499,0,0.0,1499.0,149.9,365,2022,2,June,Friday,10.0,Pooja Chatterjee,Patna        , Bihar         ,800001,30Pooja@gmail.com,822742952,Milton Thermos Flask,Kitchenware,1499,,,,
2021-11-09,30,0,P014,1,4999,4999,0,0.0,4999.0,499.9,633,2021,4,November,Tuesday,10.0,Pooja Chatterjee,Patna        , Bihar         ,800001,30Pooja@gmail.com,822742952,Bajaj Mixer Grinder,Home Appliances,4999,,,,
2020-10-19,30,0,P020,1,12999,12999,0,0.0,12999.0,1299.9,796,2020,4,October,Monday,10.0,Pooja Chatterjee,Patna        , Bihar         ,800001,30Pooja@gmail.com,822742952,Fossil Smartwatch,Accessories,12999,,,,
2023-10-10,30,0,P006,1,7499,7499,0,0.0,7499.0,749.9,1511,2023,4,October,Tuesday,10.0,Pooja Chatterjee,Patna        , Bihar         ,800001,30Pooja@gmail.com,822742952,Nike Running Shoes,Footwear,7499,,,,
2022-12-26,30,0,P025,1,8999,8999,0,0.0,8999.0,899.9,1623,2022,4,December,Monday,10.0,Pooja Chatterjee,Patna        , Bihar         ,800001,30Pooja@gmail.com,822742952,American Tourister Suitcase,Bags,8999,,,,
2021-12-14,30,0,P005,1,92499,92499,0,0.0,92499.0,9249.9,1716,2021,4,December,Tuesday,10.0,Pooja Chatterjee,Patna        , Bihar         ,800001,30Pooja@gmail.com,822742952,Apple MacBook Air,Electronics,92499,,,,
2020-08-15,30,0,P001,1,79999,79999,0,0.0,79999.0,7999.9,1870,2020,3,August,Saturday,10.0,Pooja Chatterjee,Patna        , Bihar         ,800001,30Pooja@gmail.com,822742952,Apple iPhone 14,Electronics,79999,,,,
2020-12-31,30,0,P020,1,12999,12999,0,0.0,12999.0,1299.9,1917,2020,4,December,Thursday,10.0,Pooja Chatterjee,Patna        , Bihar         ,800001,30Pooja@gmail.com,822742952,Fossil Smartwatch,Accessories,12999,,,,
2022-02-11,30,0,P012,1,2999,2999,0,0.0,2999.0,299.9,2193,2022,1,February,Friday,10.0,Pooja Chatterjee,Patna        , Bihar         ,800001,30Pooja@gmail.com,822742952,FabIndia Kurta,Clothing,2999,,,,
2023-07-06,30,0,P029,1,99,99,0,0.0,99.0,9.9,2227,2023,3,July,Thursday,10.0,Pooja Chatterjee,Patna        , Bihar         ,800001,30Pooja@gmail.com,822742952,Colgate Toothpaste,Personal Care,99,,,,
2021-11-23,30,0,P014,1,4999,4999,0,0.0,4999.0,499.9,2554,2021,4,November,Tuesday,10.0,Pooja Chatterjee,Patna        , Bihar         ,800001,30Pooja@gmail.com,822742952,Bajaj Mixer Grinder,Home Appliances,4999,,,,
2020-08-14,30,0,P020,1,12999,12999,0,0.0,12999.0,1299.9,2772,2020,3,August,Friday,10.0,Pooja Chatterjee,Patna        , Bihar         ,800001,30Pooja@gmail.com,822742952,Fossil Smartwatch,Accessories,12999,,,,
2023-01-31,30,0,P025,1,8999,8999,0,0.0,8999.0,899.9,2844,2023,1,January,Tuesday,10.0,Pooja Chatterjee,Patna        , Bihar         ,800001,30Pooja@gmail.com,822742952,American Tourister Suitcase,Bags,8999,,,,
2023-08-07,30,0,P020,1,12999,12999,0,0.0,12999.0,1299.9,3265,2023,3,August,Monday,10.0,Pooja Chatterjee,Patna        , Bihar         ,800001,30Pooja@gmail.com,822742952,Fossil Smartwatch,Accessories,12999,,,,
2022-01-31,30,0,P002,1,69999,69999,0,0.0,69999.0,6999.9,3360,2022,1,January,Monday,10.0,Pooja Chatterjee,Patna        , Bihar         ,800001,30Pooja@gmail.com,822742952,Samsung Galaxy S21,Electronics,69999,,,,
2020-05-01,30,PR001,P026,2,5499,10998,20,2199.6,8798.4,879.84,96,2020,2,May,Friday,10.0,Pooja Chatterjee,Patna        , Bihar         ,800001,30Pooja@gmail.com,822742952,Wildcraft Hiking Bag,Bags,5499,Summer Sale,Email,SUMMER21,20% off
2022-05-19,30,PR001,P029,2,99,198,20,39.6,158.4,15.84,993,2022,2,May,Thursday,10.0,Pooja Chatterjee,Patna        , Bihar         ,800001,30Pooja@gmail.com,822742952,Colgate Toothpaste,Personal Care,99,Summer Sale,Email,SUMMER21,20% off
2023-05-17,30,PR001,P015,2,8499,16998,20,3399.6,13598.4,1359.84,1506,2023,2,May,Wednesday,10.0,Pooja Chatterjee,Patna        , Bihar         ,800001,30Pooja@gmail.com,822742952,Philips Air Fryer,Home Appliances,8499,Summer Sale,Email,SUMMER21,20% off
2022-05-03,30,PR001,P021,3,1299,3897,20,779.4,3117.6,311.76,1391,2022,2,May,Tuesday,10.0,Pooja Chatterjee,Patna        , Bihar         ,800001,30Pooja@gmail.com,822742952,Tupperware Lunch Box,Kitchenware,1299,Summer Sale,Email,SUMMER21,20% off
2023-05-04,30,PR001,P006,3,7499,22497,20,4499.4,17997.6,1799.76,1551,2023,2,May,Thursday,10.0,Pooja Chatterjee,Patna        , Bihar         ,800001,30Pooja@gmail.com,822742952,Nike Running Shoes,Footwear,7499,Summer Sale,Email,SUMMER21,20% off
2021-05-04,30,PR001,P001,3,79999,239997,20,47999.4,191997.6,19199.76,1628,2021,2,May,Tuesday,10.0,Pooja Chatterjee,Patna        , Bihar         ,800001,30Pooja@gmail.com,822742952,Apple iPhone 14,Electronics,79999,Summer Sale,Email,SUMMER21,20% off
2022-05-04,30,PR001,P022,3,1999,5997,20,1199.4,4797.6,479.76,2317,2022,2,May,Wednesday,10.0,Pooja Chatterjee,Patna        , Bihar         ,800001,30Pooja@gmail.com,822742952,Borosil Glass Set,Kitchenware,1999,Summer Sale,Email,SUMMER21,20% off
2023-09-14,30,0,P011,3,1499,4497,0,0.0,4497.0,449.7,609,2023,3,September,Thursday,10.0,Pooja Chatterjee,Patna        , Bihar         ,800001,30Pooja@gmail.com,822742952,H&M T-Shirt,Clothing,1499,,,,
2022-05-14,30,PR001,P013,3,15999,47997,20,9599.4,38397.6,3839.76,2490,2022,2,May,Saturday,10.0,Pooja Chatterjee,Patna        , Bihar         ,800001,30Pooja@gmail.com,822742952,Raymond Suit,Clothing,15999,Summer Sale,Email,SUMMER21,20% off
2022-05-11,30,PR001,P010,3,2199,6597,20,1319.4,5277.6,527.76,3125,2022,2,May,Wednesday,10.0,Pooja Chatterjee,Patna        , Bihar         ,800001,30Pooja@gmail.com,822742952,Zara Casual Shirt,Clothing,2199,Summer Sale,Email,SUMMER21,20% off
2020-04-14,30,PR001,P014,3,4999,14997,20,2999.4,11997.6,1199.76,3414,2020,2,April,Tuesday,10.0,Pooja Chatterjee,Patna        , Bihar         ,800001,30Pooja@gmail.com,822742952,Bajaj Mixer Grinder,Home Appliances,4999,Summer Sale,Email,SUMMER21,20% off
2023-05-31,30,PR001,P009,1,3499,3499,20,699.8,2799.2,279.92,220,2023,2,May,Wednesday,10.0,Pooja Chatterjee,Patna        , Bihar         ,800001,30Pooja@gmail.com,822742952,Levi's Denim Jeans,Clothing,3499,Summer Sale,Email,SUMMER21,20% off
2023-05-23,30,PR001,P011,1,1499,1499,20,299.8,1199.2,119.92,584,2023,2,May,Tuesday,10.0,Pooja Chatterjee,Patna        , Bihar         ,800001,30Pooja@gmail.com,822742952,H&M T-Shirt,Clothing,1499,Summer Sale,Email,SUMMER21,20% off
2023-05-29,30,PR001,P013,1,15999,15999,20,3199.8,12799.2,1279.92,1486,2023,2,May,Monday,10.0,Pooja Chatterjee,Patna        , Bihar         ,800001,30Pooja@gmail.com,822742952,Raymond Suit,Clothing,15999,Summer Sale,Email,SUMMER21,20% off
2020-05-13,30,PR001,P029,1,99,99,20,19.8,79.2,7.92,3291,2020,2,May,Wednesday,10.0,Pooja Chatterjee,Patna        , Bihar         ,800001,30Pooja@gmail.com,822742952,Colgate Toothpaste,Personal Care,99,Summer Sale,Email,SUMMER21,20% off
2021-07-24,30,PR004,P015,1,8499,8499,50,4249.5,4249.5,424.95,1891,2021,3,July,Saturday,10.0,Pooja Chatterjee,Patna        , Bihar         ,800001,30Pooja@gmail.com,822742952,Philips Air Fryer,Home Appliances,8499,Weekend Flash Sale,Mobile Push,FLASH50,50% off
2023-08-04,30,0,P011,3,1499,4497,0,0.0,4497.0,449.7,1100,2023,3,August,Friday,10.0,Pooja Chatterjee,Patna        , Bihar         ,800001,30Pooja@gmail.com,822742952,H&M T-Shirt,Clothing,1499,,,,
2021-07-25,30,PR004,P016,2,24999,49998,50,24999.0,24999.0,2499.9,2732,2021,3,July,Sunday,10.0,Pooja Chatterjee,Patna        , Bihar         ,800001,30Pooja@gmail.com,822742952,LG Washing Machine,Home Appliances,24999,Weekend Flash Sale,Mobile Push,FLASH50,50% off
2020-07-18,30,PR004,P001,2,79999,159998,50,79999.0,79999.0,7999.9,3376,2020,3,July,Saturday,10.0,Pooja Chatterjee,Patna        , Bihar         ,800001,30Pooja@gmail.com,822742952,Apple iPhone 14,Electronics,79999,Weekend Flash Sale,Mobile Push,FLASH50,50% off
2023-12-19,30,PR005,P003,2,89999,179998,70,125998.6,53999.4,5399.94,1745,2023,4,December,Tuesday,10.0,Pooja Chatterjee,Patna        , Bihar         ,800001,30Pooja@gmail.com,822742952,"Sony Bravia 55"" TV",Electronics,89999,Clearance Sale,In-App,CLEARANCE23,70% off
2023-12-15,30,PR005,P021,3,1299,3897,70,2727.9,1169.1,116.91,2200,2023,4,December,Friday,10.0,Pooja Chatterjee,Patna        , Bihar         ,800001,30Pooja@gmail.com,822742952,Tupperware Lunch Box,Kitchenware,1299,Clearance Sale,In-App,CLEARANCE23,70% off
2021-01-09,31,0,P007,2,6999,13998,0,0.0,13998.0,1399.8,2279,2021,1,January,Saturday,10.0,Prachi Yadav,Kanpur       , Uttar Pradesh ,208001,31Prachi@gmail.com,812101998,Adidas Sneakers,Footwear,6999,,,,
2020-01-03,31,0,P008,3,5499,16497,0,0.0,16497.0,1649.7,2059,2020,1,January,Friday,10.0,Prachi Yadav,Kanpur       , Uttar Pradesh ,208001,31Prachi@gmail.com,812101998,Puma Sports Shoes,Footwear,5499,,,,
2021-10-13,31,0,P008,3,5499,16497,0,0.0,16497.0,1649.7,2679,2021,4,October,Wednesday,10.0,Prachi Yadav,Kanpur       , Uttar Pradesh ,208001,31Prachi@gmail.com,812101998,Puma Sports Shoes,Footwear,5499,,,,
2020-06-19,31,0,P016,3,24999,74997,0,0.0,74997.0,7499.7,25,2020,2,June,Friday,10.0,Prachi Yadav,Kanpur       , Uttar Pradesh ,208001,31Prachi@gmail.com,812101998,LG Washing Machine,Home Appliances,24999,,,,
2020-08-05,31,0,P027,3,699,2097,0,0.0,2097.0,209.7,557,2020,3,August,Wednesday,10.0,Prachi Yadav,Kanpur       , Uttar Pradesh ,208001,31Prachi@gmail.com,812101998,L'Oreal Shampoo,Personal Care,699,,,,
2020-08-02,31,0,P016,3,24999,74997,0,0.0,74997.0,7499.7,570,2020,3,August,Sunday,10.0,Prachi Yadav,Kanpur       , Uttar Pradesh ,208001,31Prachi@gmail.com,812101998,LG Washing Machine,Home Appliances,24999,,,,
2020-07-24,31,0,P009,3,3499,10497,0,0.0,10497.0,1049.7,688,2020,3,July,Friday,10.0,Prachi Yadav,Kanpur       , Uttar Pradesh ,208001,31Prachi@gmail.com,812101998,Levi's Denim Jeans,Clothing,3499,,,,
2023-11-30,31,0,P015,3,8499,25497,0,0.0,25497.0,2549.7,698,2023,4,November,Thursday,10.0,Prachi Yadav,Kanpur       , Uttar Pradesh ,208001,31Prachi@gmail.com,812101998,Philips Air Fryer,Home Appliances,8499,,,,
2022-06-07,31,0,P030,3,399,1197,0,0.0,1197.0,119.7,707,2022,2,June,Tuesday,10.0,Prachi Yadav,Kanpur       , Uttar Pradesh ,208001,31Prachi@gmail.com,812101998,Nivea Body Lotion,Personal Care,399,,,,
2023-09-24,31,0,P018,3,2299,6897,0,0.0,6897.0,689.7,862,2023,3,September,Sunday,10.0,Prachi Yadav,Kanpur       , Uttar Pradesh ,208001,31Prachi@gmail.com,812101998,Prestige Pressure Cooker,Home Appliances,2299,,,,
2022-09-14,31,0,P002,3,69999,209997,0,0.0,209997.0,20999.7,1191,2022,3,September,Wednesday,10.0,Prachi Yadav,Kanpur       , Uttar Pradesh ,208001,31Prachi@gmail.com,812101998,Samsung Galaxy S21,Electronics,69999,,,,
2023-11-15,31,0,P020,3,12999,38997,0,0.0,38997.0,3899.7,1205,2023,4,November,Wednesday,10.0,Prachi Yadav,Kanpur       , Uttar Pradesh ,208001,31Prachi@gmail.com,812101998,Fossil Smartwatch,Accessories,12999,,,,
2020-02-16,31,0,P013,3,15999,47997,0,0.0,47997.0,4799.7,1706,2020,1,February,Sunday,10.0,Prachi Yadav,Kanpur       , Uttar Pradesh ,208001,31Prachi@gmail.com,812101998,Raymond Suit,Clothing,15999,,,,
2023-01-06,31,0,P006,3,7499,22497,0,0.0,22497.0,2249.7,1910,2023,1,January,Friday,10.0,Prachi Yadav,Kanpur       , Uttar Pradesh ,208001,31Prachi@gmail.com,812101998,Nike Running Shoes,Footwear,7499,,,,
2020-10-23,31,0,P007,3,6999,20997,0,0.0,20997.0,2099.7,1915,2020,4,October,Friday,10.0,Prachi Yadav,Kanpur       , Uttar Pradesh ,208001,31Prachi@gmail.com,812101998,Adidas Sneakers,Footwear,6999,,,,
2021-09-21,31,0,P002,3,69999,209997,0,0.0,209997.0,20999.7,2130,2021,3,September,Tuesday,10.0,Prachi Yadav,Kanpur       , Uttar Pradesh ,208001,31Prachi@gmail.com,812101998,Samsung Galaxy S21,Electronics,69999,,,,
2021-10-07,31,0,P027,3,699,2097,0,0.0,2097.0,209.7,2134,2021,4,October,Thursday,10.0,Prachi Yadav,Kanpur       , Uttar Pradesh ,208001,31Prachi@gmail.com,812101998,L'Oreal Shampoo,Personal Care,699,,,,
2022-02-23,31,0,P016,3,24999,74997,0,0.0,74997.0,7499.7,2376,2022,1,February,Wednesday,10.0,Prachi Yadav,Kanpur       , Uttar Pradesh ,208001,31Prachi@gmail.com,812101998,LG Washing Machine,Home Appliances,24999,,,,
2023-12-10,31,0,P027,3,699,2097,0,0.0,2097.0,209.7,3023,2023,4,December,Sunday,10.0,Prachi Yadav,Kanpur       , Uttar Pradesh ,208001,31Prachi@gmail.com,812101998,L'Oreal Shampoo,Personal Care,699,,,,
2022-11-11,31,0,P025,3,8999,26997,0,0.0,26997.0,2699.7,3256,2022,4,November,Friday,10.0,Prachi Yadav,Kanpur       , Uttar Pradesh ,208001,31Prachi@gmail.com,812101998,American Tourister Suitcase,Bags,8999,,,,
2021-01-05,31,0,P003,3,89999,269997,0,0.0,269997.0,26999.7,3298,2021,1,January,Tuesday,10.0,Prachi Yadav,Kanpur       , Uttar Pradesh ,208001,31Prachi@gmail.com,812101998,"Sony Bravia 55"" TV",Electronics,89999,,,,
2021-11-12,31,0,P018,2,2299,4598,0,0.0,4598.0,459.8,317,2021,4,November,Friday,10.0,Prachi Yadav,Kanpur       , Uttar Pradesh ,208001,31Prachi@gmail.com,812101998,Prestige Pressure Cooker,Home Appliances,2299,,,,
2023-07-04,31,0,P023,2,1499,2998,0,0.0,2998.0,299.8,452,2023,3,July,Tuesday,10.0,Prachi Yadav,Kanpur       , Uttar Pradesh ,208001,31Prachi@gmail.com,812101998,Milton Thermos Flask,Kitchenware,1499,,,,
2021-03-20,31,0,P014,2,4999,9998,0,0.0,9998.0,999.8,508,2021,1,March,Saturday,10.0,Prachi Yadav,Kanpur       , Uttar Pradesh ,208001,31Prachi@gmail.com,812101998,Bajaj Mixer Grinder,Home Appliances,4999,,,,
2021-09-16,31,0,P003,2,89999,179998,0,0.0,179998.0,17999.8,535,2021,3,September,Thursday,10.0,Prachi Yadav,Kanpur       , Uttar Pradesh ,208001,31Prachi@gmail.com,812101998,"Sony Bravia 55"" TV",Electronics,89999,,,,
2023-08-17,31,0,P029,2,99,198,0,0.0,198.0,19.8,578,2023,3,August,Thursday,10.0,Prachi Yadav,Kanpur       , Uttar Pradesh ,208001,31Prachi@gmail.com,812101998,Colgate Toothpaste,Personal Care,99,,,,
2023-03-03,31,0,P006,2,7499,14998,0,0.0,14998.0,1499.8,924,2023,1,March,Friday,10.0,Prachi Yadav,Kanpur       , Uttar Pradesh ,208001,31Prachi@gmail.com,812101998,Nike Running Shoes,Footwear,7499,,,,
2021-01-20,31,0,P012,2,2999,5998,0,0.0,5998.0,599.8,1318,2021,1,January,Wednesday,10.0,Prachi Yadav,Kanpur       , Uttar Pradesh ,208001,31Prachi@gmail.com,812101998,FabIndia Kurta,Clothing,2999,,,,
2021-12-16,31,0,P005,2,92499,184998,0,0.0,184998.0,18499.8,1320,2021,4,December,Thursday,10.0,Prachi Yadav,Kanpur       , Uttar Pradesh ,208001,31Prachi@gmail.com,812101998,Apple MacBook Air,Electronics,92499,,,,
2022-10-15,31,0,P017,2,10499,20998,0,0.0,20998.0,2099.8,1477,2022,4,October,Saturday,10.0,Prachi Yadav,Kanpur       , Uttar Pradesh ,208001,31Prachi@gmail.com,812101998,IFB Microwave Oven,Home Appliances,10499,,,,
2023-11-26,31,0,P003,2,89999,179998,0,0.0,179998.0,17999.8,1641,2023,4,November,Sunday,10.0,Prachi Yadav,Kanpur       , Uttar Pradesh ,208001,31Prachi@gmail.com,812101998,"Sony Bravia 55"" TV",Electronics,89999,,,,
2020-02-04,31,0,P025,2,8999,17998,0,0.0,17998.0,1799.8,1697,2020,1,February,Tuesday,10.0,Prachi Yadav,Kanpur       , Uttar Pradesh ,208001,31Prachi@gmail.com,812101998,American Tourister Suitcase,Bags,8999,,,,
2023-02-22,31,0,P030,2,399,798,0,0.0,798.0,79.8,1860,2023,1,February,Wednesday,10.0,Prachi Yadav,Kanpur       , Uttar Pradesh ,208001,31Prachi@gmail.com,812101998,Nivea Body Lotion,Personal Care,399,,,,
2020-08-06,31,0,P018,2,2299,4598,0,0.0,4598.0,459.8,2165,2020,3,August,Thursday,10.0,Prachi Yadav,Kanpur       , Uttar Pradesh ,208001,31Prachi@gmail.com,812101998,Prestige Pressure Cooker,Home Appliances,2299,,,,
2020-11-28,31,0,P011,3,1499,4497,0,0.0,4497.0,449.7,1580,2020,4,November,Saturday,10.0,Prachi Yadav,Kanpur       , Uttar Pradesh ,208001,31Prachi@gmail.com,812101998,H&M T-Shirt,Clothing,1499,,,,
2020-01-28,31,0,P005,2,92499,184998,0,0.0,184998.0,18499.8,2427,2020,1,January,Tuesday,10.0,Prachi Yadav,Kanpur       , Uttar Pradesh ,208001,31Prachi@gmail.com,812101998,Apple MacBook Air,Electronics,92499,,,,
2021-10-13,31,0,P021,2,1299,2598,0,0.0,2598.0,259.8,2571,2021,4,October,Wednesday,10.0,Prachi Yadav,Kanpur       , Uttar Pradesh ,208001,31Prachi@gmail.com,812101998,Tupperware Lunch Box,Kitchenware,1299,,,,
2021-06-07,31,0,P011,2,1499,2998,0,0.0,2998.0,299.8,2646,2021,2,June,Monday,10.0,Prachi Yadav,Kanpur       , Uttar Pradesh ,208001,31Prachi@gmail.com,812101998,H&M T-Shirt,Clothing,1499,,,,
2022-03-21,31,0,P002,2,69999,139998,0,0.0,139998.0,13999.8,3281,2022,1,March,Monday,10.0,Prachi Yadav,Kanpur       , Uttar Pradesh ,208001,31Prachi@gmail.com,812101998,Samsung Galaxy S21,Electronics,69999,,,,
2023-11-17,31,0,P011,2,1499,2998,0,0.0,2998.0,299.8,3296,2023,4,November,Friday,10.0,Prachi Yadav,Kanpur       , Uttar Pradesh ,208001,31Prachi@gmail.com,812101998,H&M T-Shirt,Clothing,1499,,,,
2020-03-29,31,0,P008,2,5499,10998,0,0.0,10998.0,1099.8,17,2020,1,March,Sunday,10.0,Prachi Yadav,Kanpur       , Uttar Pradesh ,208001,31Prachi@gmail.com,812101998,Puma Sports Shoes,Footwear,5499,,,,
2021-06-10,31,0,P014,1,4999,4999,0,0.0,4999.0,499.9,38,2021,2,June,Thursday,10.0,Prachi Yadav,Kanpur       , Uttar Pradesh ,208001,31Prachi@gmail.com,812101998,Bajaj Mixer Grinder,Home Appliances,4999,,,,
2022-07-20,31,0,P020,1,12999,12999,0,0.0,12999.0,1299.9,194,2022,3,July,Wednesday,10.0,Prachi Yadav,Kanpur       , Uttar Pradesh ,208001,31Prachi@gmail.com,812101998,Fossil Smartwatch,Accessories,12999,,,,
2021-06-07,31,0,P003,1,89999,89999,0,0.0,89999.0,8999.9,804,2021,2,June,Monday,10.0,Prachi Yadav,Kanpur       , Uttar Pradesh ,208001,31Prachi@gmail.com,812101998,"Sony Bravia 55"" TV",Electronics,89999,,,,
2022-06-29,31,0,P003,1,89999,89999,0,0.0,89999.0,8999.9,1060,2022,2,June,Wednesday,10.0,Prachi Yadav,Kanpur       , Uttar Pradesh ,208001,31Prachi@gmail.com,812101998,"Sony Bravia 55"" TV",Electronics,89999,,,,
2020-08-09,31,0,P006,1,7499,7499,0,0.0,7499.0,749.9,1312,2020,3,August,Sunday,10.0,Prachi Yadav,Kanpur       , Uttar Pradesh ,208001,31Prachi@gmail.com,812101998,Nike Running Shoes,Footwear,7499,,,,
2021-12-03,31,0,P022,1,1999,1999,0,0.0,1999.0,199.9,1682,2021,4,December,Friday,10.0,Prachi Yadav,Kanpur       , Uttar Pradesh ,208001,31Prachi@gmail.com,812101998,Borosil Glass Set,Kitchenware,1999,,,,
2020-02-08,31,0,P019,1,5999,5999,0,0.0,5999.0,599.9,1780,2020,1,February,Saturday,10.0,Prachi Yadav,Kanpur       , Uttar Pradesh ,208001,31Prachi@gmail.com,812101998,Titan Wrist Watch,Accessories,5999,,,,
2023-03-18,31,0,P018,1,2299,2299,0,0.0,2299.0,229.9,2208,2023,1,March,Saturday,10.0,Prachi Yadav,Kanpur       , Uttar Pradesh ,208001,31Prachi@gmail.com,812101998,Prestige Pressure Cooker,Home Appliances,2299,,,,
2020-10-14,31,0,P002,1,69999,69999,0,0.0,69999.0,6999.9,2310,2020,4,October,Wednesday,10.0,Prachi Yadav,Kanpur       , Uttar Pradesh ,208001,31Prachi@gmail.com,812101998,Samsung Galaxy S21,Electronics,69999,,,,
2023-06-09,31,0,P025,1,8999,8999,0,0.0,8999.0,899.9,2414,2023,2,June,Friday,10.0,Prachi Yadav,Kanpur       , Uttar Pradesh ,208001,31Prachi@gmail.com,812101998,American Tourister Suitcase,Bags,8999,,,,
2022-10-05,31,0,P022,1,1999,1999,0,0.0,1999.0,199.9,2797,2022,4,October,Wednesday,10.0,Prachi Yadav,Kanpur       , Uttar Pradesh ,208001,31Prachi@gmail.com,812101998,Borosil Glass Set,Kitchenware,1999,,,,
2022-03-21,31,0,P023,1,1499,1499,0,0.0,1499.0,149.9,2930,2022,1,March,Monday,10.0,Prachi Yadav,Kanpur       , Uttar Pradesh ,208001,31Prachi@gmail.com,812101998,Milton Thermos Flask,Kitchenware,1499,,,,
2021-12-16,31,0,P012,1,2999,2999,0,0.0,2999.0,299.9,3127,2021,4,December,Thursday,10.0,Prachi Yadav,Kanpur       , Uttar Pradesh ,208001,31Prachi@gmail.com,812101998,FabIndia Kurta,Clothing,2999,,,,
2021-01-01,31,0,P023,1,1499,1499,0,0.0,1499.0,149.9,3152,2021,1,January,Friday,10.0,Prachi Yadav,Kanpur       , Uttar Pradesh ,208001,31Prachi@gmail.com,812101998,Milton Thermos Flask,Kitchenware,1499,,,,
2022-12-20,31,0,P020,1,12999,12999,0,0.0,12999.0,1299.9,3213,2022,4,December,Tuesday,10.0,Prachi Yadav,Kanpur       , Uttar Pradesh ,208001,31Prachi@gmail.com,812101998,Fossil Smartwatch,Accessories,12999,,,,
2023-01-28,31,0,P019,1,5999,5999,0,0.0,5999.0,599.9,3255,2023,1,January,Saturday,10.0,Prachi Yadav,Kanpur       , Uttar Pradesh ,208001,31Prachi@gmail.com,812101998,Titan Wrist Watch,Accessories,5999,,,,
2020-11-30,31,0,P028,1,349,349,0,0.0,349.0,34.9,3508,2020,4,November,Monday,10.0,Prachi Yadav,Kanpur       , Uttar Pradesh ,208001,31Prachi@gmail.com,812101998,Dove Soap Pack,Personal Care,349,,,,
2020-04-02,31,PR001,P001,2,79999,159998,20,31999.6,127998.4,12799.84,1435,2020,2,April,Thursday,10.0,Prachi Yadav,Kanpur       , Uttar Pradesh ,208001,31Prachi@gmail.com,812101998,Apple iPhone 14,Electronics,79999,Summer Sale,Email,SUMMER21,20% off
2021-05-08,31,PR001,P007,2,6999,13998,20,2799.6,11198.4,1119.84,2452,2021,2,May,Saturday,10.0,Prachi Yadav,Kanpur       , Uttar Pradesh ,208001,31Prachi@gmail.com,812101998,Adidas Sneakers,Footwear,6999,Summer Sale,Email,SUMMER21,20% off
2022-05-26,31,PR001,P024,2,2799,5598,20,1119.6,4478.4,447.84,2488,2022,2,May,Thursday,10.0,Prachi Yadav,Kanpur       , Uttar Pradesh ,208001,31Prachi@gmail.com,812101998,Puma Backpack,Bags,2799,Summer Sale,Email,SUMMER21,20% off
2021-05-25,31,PR001,P015,2,8499,16998,20,3399.6,13598.4,1359.84,3461,2021,2,May,Tuesday,10.0,Prachi Yadav,Kanpur       , Uttar Pradesh ,208001,31Prachi@gmail.com,812101998,Philips Air Fryer,Home Appliances,8499,Summer Sale,Email,SUMMER21,20% off
2021-05-04,31,PR001,P010,3,2199,6597,20,1319.4,5277.6,527.76,1133,2021,2,May,Tuesday,10.0,Prachi Yadav,Kanpur       , Uttar Pradesh ,208001,31Prachi@gmail.com,812101998,Zara Casual Shirt,Clothing,2199,Summer Sale,Email,SUMMER21,20% off
2021-04-16,31,PR001,P028,3,349,1047,20,209.4,837.6,83.76,1629,2021,2,April,Friday,10.0,Prachi Yadav,Kanpur       , Uttar Pradesh ,208001,31Prachi@gmail.com,812101998,Dove Soap Pack,Personal Care,349,Summer Sale,Email,SUMMER21,20% off
2023-04-23,31,PR001,P018,3,2299,6897,20,1379.4,5517.6,551.76,2814,2023,2,April,Sunday,10.0,Prachi Yadav,Kanpur       , Uttar Pradesh ,208001,31Prachi@gmail.com,812101998,Prestige Pressure Cooker,Home Appliances,2299,Summer Sale,Email,SUMMER21,20% off
2021-05-11,31,PR001,P013,1,15999,15999,20,3199.8,12799.2,1279.92,2720,2021,2,May,Tuesday,10.0,Prachi Yadav,Kanpur       , Uttar Pradesh ,208001,31Prachi@gmail.com,812101998,Raymond Suit,Clothing,15999,Summer Sale,Email,SUMMER21,20% off
2020-07-04,31,PR004,P018,2,2299,4598,50,2299.0,2299.0,229.9,2766,2020,3,July,Saturday,10.0,Prachi Yadav,Kanpur       , Uttar Pradesh ,208001,31Prachi@gmail.com,812101998,Prestige Pressure Cooker,Home Appliances,2299,Weekend Flash Sale,Mobile Push,FLASH50,50% off
2021-07-03,31,PR004,P012,3,2999,8997,50,4498.5,4498.5,449.85,3394,2021,3,July,Saturday,10.0,Prachi Yadav,Kanpur       , Uttar Pradesh ,208001,31Prachi@gmail.com,812101998,FabIndia Kurta,Clothing,2999,Weekend Flash Sale,Mobile Push,FLASH50,50% off
2023-12-24,31,PR005,P021,2,1299,2598,70,1818.6,779.4,77.94,883,2023,4,December,Sunday,10.0,Prachi Yadav,Kanpur       , Uttar Pradesh ,208001,31Prachi@gmail.com,812101998,Tupperware Lunch Box,Kitchenware,1299,Clearance Sale,In-App,CLEARANCE23,70% off
2022-04-30,32,PR001,P009,3,3499,10497,20,2099.4,8397.6,839.76,751,2022,2,April,Saturday,10.0,Priya Arora,Kolkata      , West Bengal   ,700001,32Priya@gmail.com,912947854,Levi's Denim Jeans,Clothing,3499,Summer Sale,Email,SUMMER21,20% off
2022-06-23,32,0,P023,3,1499,4497,0,0.0,4497.0,449.7,1138,2022,2,June,Thursday,10.0,Priya Arora,Kolkata      , West Bengal   ,700001,32Priya@gmail.com,912947854,Milton Thermos Flask,Kitchenware,1499,,,,
2021-11-26,32,0,P023,3,1499,4497,0,0.0,4497.0,449.7,1487,2021,4,November,Friday,10.0,Priya Arora,Kolkata      , West Bengal   ,700001,32Priya@gmail.com,912947854,Milton Thermos Flask,Kitchenware,1499,,,,
2021-08-26,32,0,P026,3,5499,16497,0,0.0,16497.0,1649.7,78,2021,3,August,Thursday,10.0,Priya Arora,Kolkata      , West Bengal   ,700001,32Priya@gmail.com,912947854,Wildcraft Hiking Bag,Bags,5499,,,,
2023-06-18,32,0,P026,3,5499,16497,0,0.0,16497.0,1649.7,3003,2023,2,June,Sunday,10.0,Priya Arora,Kolkata      , West Bengal   ,700001,32Priya@gmail.com,912947854,Wildcraft Hiking Bag,Bags,5499,,,,
2020-08-23,32,0,P006,3,7499,22497,0,0.0,22497.0,2249.7,280,2020,3,August,Sunday,10.0,Priya Arora,Kolkata      , West Bengal   ,700001,32Priya@gmail.com,912947854,Nike Running Shoes,Footwear,7499,,,,
2021-09-12,32,0,P009,3,3499,10497,0,0.0,10497.0,1049.7,951,2021,3,September,Sunday,10.0,Priya Arora,Kolkata      , West Bengal   ,700001,32Priya@gmail.com,912947854,Levi's Denim Jeans,Clothing,3499,,,,
2020-09-24,32,0,P029,3,99,297,0,0.0,297.0,29.7,1618,2020,3,September,Thursday,10.0,Priya Arora,Kolkata      , West Bengal   ,700001,32Priya@gmail.com,912947854,Colgate Toothpaste,Personal Care,99,,,,
2022-09-04,32,0,P027,3,699,2097,0,0.0,2097.0,209.7,1650,2022,3,September,Sunday,10.0,Priya Arora,Kolkata      , West Bengal   ,700001,32Priya@gmail.com,912947854,L'Oreal Shampoo,Personal Care,699,,,,
2020-09-30,32,0,P021,3,1299,3897,0,0.0,3897.0,389.7,1654,2020,3,September,Wednesday,10.0,Priya Arora,Kolkata      , West Bengal   ,700001,32Priya@gmail.com,912947854,Tupperware Lunch Box,Kitchenware,1299,,,,
2020-06-14,32,0,P007,3,6999,20997,0,0.0,20997.0,2099.7,1880,2020,2,June,Sunday,10.0,Priya Arora,Kolkata      , West Bengal   ,700001,32Priya@gmail.com,912947854,Adidas Sneakers,Footwear,6999,,,,
2023-09-04,32,0,P010,3,2199,6597,0,0.0,6597.0,659.7,1950,2023,3,September,Monday,10.0,Priya Arora,Kolkata      , West Bengal   ,700001,32Priya@gmail.com,912947854,Zara Casual Shirt,Clothing,2199,,,,
2021-01-01,32,0,P030,3,399,1197,0,0.0,1197.0,119.7,2101,2021,1,January,Friday,10.0,Priya Arora,Kolkata      , West Bengal   ,700001,32Priya@gmail.com,912947854,Nivea Body Lotion,Personal Care,399,,,,
2021-08-17,32,0,P030,3,399,1197,0,0.0,1197.0,119.7,2599,2021,3,August,Tuesday,10.0,Priya Arora,Kolkata      , West Bengal   ,700001,32Priya@gmail.com,912947854,Nivea Body Lotion,Personal Care,399,,,,
2023-10-15,32,0,P021,3,1299,3897,0,0.0,3897.0,389.7,2648,2023,4,October,Sunday,10.0,Priya Arora,Kolkata      , West Bengal   ,700001,32Priya@gmail.com,912947854,Tupperware Lunch Box,Kitchenware,1299,,,,
2023-03-23,32,0,P005,3,92499,277497,0,0.0,277497.0,27749.7,3463,2023,1,March,Thursday,10.0,Priya Arora,Kolkata      , West Bengal   ,700001,32Priya@gmail.com,912947854,Apple MacBook Air,Electronics,92499,,,,
2023-11-12,32,0,P010,2,2199,4398,0,0.0,4398.0,439.8,51,2023,4,November,Sunday,10.0,Priya Arora,Kolkata      , West Bengal   ,700001,32Priya@gmail.com,912947854,Zara Casual Shirt,Clothing,2199,,,,
2022-10-29,32,0,P025,2,8999,17998,0,0.0,17998.0,1799.8,117,2022,4,October,Saturday,10.0,Priya Arora,Kolkata      , West Bengal   ,700001,32Priya@gmail.com,912947854,American Tourister Suitcase,Bags,8999,,,,
2023-01-07,32,0,P007,2,6999,13998,0,0.0,13998.0,1399.8,137,2023,1,January,Saturday,10.0,Priya Arora,Kolkata      , West Bengal   ,700001,32Priya@gmail.com,912947854,Adidas Sneakers,Footwear,6999,,,,
2023-11-17,32,0,P002,2,69999,139998,0,0.0,139998.0,13999.8,269,2023,4,November,Friday,10.0,Priya Arora,Kolkata      , West Bengal   ,700001,32Priya@gmail.com,912947854,Samsung Galaxy S21,Electronics,69999,,,,
2023-01-20,32,0,P023,2,1499,2998,0,0.0,2998.0,299.8,438,2023,1,January,Friday,10.0,Priya Arora,Kolkata      , West Bengal   ,700001,32Priya@gmail.com,912947854,Milton Thermos Flask,Kitchenware,1499,,,,
2022-06-18,32,0,P007,2,6999,13998,0,0.0,13998.0,1399.8,487,2022,2,June,Saturday,10.0,Priya Arora,Kolkata      , West Bengal   ,700001,32Priya@gmail.com,912947854,Adidas Sneakers,Footwear,6999,,,,
2022-09-14,32,0,P030,2,399,798,0,0.0,798.0,79.8,655,2022,3,September,Wednesday,10.0,Priya Arora,Kolkata      , West Bengal   ,700001,32Priya@gmail.com,912947854,Nivea Body Lotion,Personal Care,399,,,,
2021-03-13,32,0,P023,2,1499,2998,0,0.0,2998.0,299.8,661,2021,1,March,Saturday,10.0,Priya Arora,Kolkata      , West Bengal   ,700001,32Priya@gmail.com,912947854,Milton Thermos Flask,Kitchenware,1499,,,,
2022-07-25,32,0,P030,2,399,798,0,0.0,798.0,79.8,720,2022,3,July,Monday,10.0,Priya Arora,Kolkata      , West Bengal   ,700001,32Priya@gmail.com,912947854,Nivea Body Lotion,Personal Care,399,,,,
2021-11-09,32,0,P001,2,79999,159998,0,0.0,159998.0,15999.8,813,2021,4,November,Tuesday,10.0,Priya Arora,Kolkata      , West Bengal   ,700001,32Priya@gmail.com,912947854,Apple iPhone 14,Electronics,79999,,,,
2023-08-14,32,0,P030,2,399,798,0,0.0,798.0,79.8,846,2023,3,August,Monday,10.0,Priya Arora,Kolkata      , West Bengal   ,700001,32Priya@gmail.com,912947854,Nivea Body Lotion,Personal Care,399,,,,
2020-06-26,32,0,P001,2,79999,159998,0,0.0,159998.0,15999.8,892,2020,2,June,Friday,10.0,Priya Arora,Kolkata      , West Bengal   ,700001,32Priya@gmail.com,912947854,Apple iPhone 14,Electronics,79999,,,,
2022-08-23,32,0,P010,2,2199,4398,0,0.0,4398.0,439.8,975,2022,3,August,Tuesday,10.0,Priya Arora,Kolkata      , West Bengal   ,700001,32Priya@gmail.com,912947854,Zara Casual Shirt,Clothing,2199,,,,
2022-03-03,32,0,P024,2,2799,5598,0,0.0,5598.0,559.8,1399,2022,1,March,Thursday,10.0,Priya Arora,Kolkata      , West Bengal   ,700001,32Priya@gmail.com,912947854,Puma Backpack,Bags,2799,,,,
2021-09-24,32,0,P021,2,1299,2598,0,0.0,2598.0,259.8,1558,2021,3,September,Friday,10.0,Priya Arora,Kolkata      , West Bengal   ,700001,32Priya@gmail.com,912947854,Tupperware Lunch Box,Kitchenware,1299,,,,
2023-03-08,32,0,P004,2,64999,129998,0,0.0,129998.0,12999.8,2185,2023,1,March,Wednesday,10.0,Priya Arora,Kolkata      , West Bengal   ,700001,32Priya@gmail.com,912947854,HP Pavilion Laptop,Electronics,64999,,,,
2022-07-15,32,0,P017,2,10499,20998,0,0.0,20998.0,2099.8,2289,2022,3,July,Friday,10.0,Priya Arora,Kolkata      , West Bengal   ,700001,32Priya@gmail.com,912947854,IFB Microwave Oven,Home Appliances,10499,,,,
2023-11-25,32,0,P006,2,7499,14998,0,0.0,14998.0,1499.8,2464,2023,4,November,Saturday,10.0,Priya Arora,Kolkata      , West Bengal   ,700001,32Priya@gmail.com,912947854,Nike Running Shoes,Footwear,7499,,,,
2021-12-19,32,0,P027,2,699,1398,0,0.0,1398.0,139.8,2781,2021,4,December,Sunday,10.0,Priya Arora,Kolkata      , West Bengal   ,700001,32Priya@gmail.com,912947854,L'Oreal Shampoo,Personal Care,699,,,,
2021-07-19,32,0,P011,2,1499,2998,0,0.0,2998.0,299.8,2985,2021,3,July,Monday,10.0,Priya Arora,Kolkata      , West Bengal   ,700001,32Priya@gmail.com,912947854,H&M T-Shirt,Clothing,1499,,,,
2023-09-01,32,0,P013,2,15999,31998,0,0.0,31998.0,3199.8,2986,2023,3,September,Friday,10.0,Priya Arora,Kolkata      , West Bengal   ,700001,32Priya@gmail.com,912947854,Raymond Suit,Clothing,15999,,,,
2020-02-15,32,0,P016,2,24999,49998,0,0.0,49998.0,4999.8,3018,2020,1,February,Saturday,10.0,Priya Arora,Kolkata      , West Bengal   ,700001,32Priya@gmail.com,912947854,LG Washing Machine,Home Appliances,24999,,,,
2021-09-16,32,0,P024,2,2799,5598,0,0.0,5598.0,559.8,3434,2021,3,September,Thursday,10.0,Priya Arora,Kolkata      , West Bengal   ,700001,32Priya@gmail.com,912947854,Puma Backpack,Bags,2799,,,,
2021-10-05,32,0,P026,2,5499,10998,0,0.0,10998.0,1099.8,2637,2021,4,October,Tuesday,10.0,Priya Arora,Kolkata      , West Bengal   ,700001,32Priya@gmail.com,912947854,Wildcraft Hiking Bag,Bags,5499,,,,
2020-08-05,32,0,P014,1,4999,4999,0,0.0,4999.0,499.9,260,2020,3,August,Wednesday,10.0,Priya Arora,Kolkata      , West Bengal   ,700001,32Priya@gmail.com,912947854,Bajaj Mixer Grinder,Home Appliances,4999,,,,
2022-03-28,32,0,P016,1,24999,24999,0,0.0,24999.0,2499.9,546,2022,1,March,Monday,10.0,Priya Arora,Kolkata      , West Bengal   ,700001,32Priya@gmail.com,912947854,LG Washing Machine,Home Appliances,24999,,,,
2022-02-02,32,0,P018,1,2299,2299,0,0.0,2299.0,229.9,568,2022,1,February,Wednesday,10.0,Priya Arora,Kolkata      , West Bengal   ,700001,32Priya@gmail.com,912947854,Prestige Pressure Cooker,Home Appliances,2299,,,,
2021-08-22,32,0,P018,1,2299,2299,0,0.0,2299.0,229.9,676,2021,3,August,Sunday,10.0,Priya Arora,Kolkata      , West Bengal   ,700001,32Priya@gmail.com,912947854,Prestige Pressure Cooker,Home Appliances,2299,,,,
2020-11-19,32,0,P002,1,69999,69999,0,0.0,69999.0,6999.9,1330,2020,4,November,Thursday,10.0,Priya Arora,Kolkata      , West Bengal   ,700001,32Priya@gmail.com,912947854,Samsung Galaxy S21,Electronics,69999,,,,
2020-09-07,32,0,P021,1,1299,1299,0,0.0,1299.0,129.9,1666,2020,3,September,Monday,10.0,Priya Arora,Kolkata      , West Bengal   ,700001,32Priya@gmail.com,912947854,Tupperware Lunch Box,Kitchenware,1299,,,,
2020-12-13,32,0,P006,1,7499,7499,0,0.0,7499.0,749.9,1678,2020,4,December,Sunday,10.0,Priya Arora,Kolkata      , West Bengal   ,700001,32Priya@gmail.com,912947854,Nike Running Shoes,Footwear,7499,,,,
2021-03-03,32,0,P018,1,2299,2299,0,0.0,2299.0,229.9,2278,2021,1,March,Wednesday,10.0,Priya Arora,Kolkata      , West Bengal   ,700001,32Priya@gmail.com,912947854,Prestige Pressure Cooker,Home Appliances,2299,,,,
2020-09-10,32,0,P007,1,6999,6999,0,0.0,6999.0,699.9,2284,2020,3,September,Thursday,10.0,Priya Arora,Kolkata      , West Bengal   ,700001,32Priya@gmail.com,912947854,Adidas Sneakers,Footwear,6999,,,,
2023-03-13,32,0,P028,1,349,349,0,0.0,349.0,34.9,2402,2023,1,March,Monday,10.0,Priya Arora,Kolkata      , West Bengal   ,700001,32Priya@gmail.com,912947854,Dove Soap Pack,Personal Care,349,,,,
2022-07-12,32,0,P014,1,4999,4999,0,0.0,4999.0,499.9,2556,2022,3,July,Tuesday,10.0,Priya Arora,Kolkata      , West Bengal   ,700001,32Priya@gmail.com,912947854,Bajaj Mixer Grinder,Home Appliances,4999,,,,
2021-11-11,32,0,P011,1,1499,1499,0,0.0,1499.0,149.9,2735,2021,4,November,Thursday,10.0,Priya Arora,Kolkata      , West Bengal   ,700001,32Priya@gmail.com,912947854,H&M T-Shirt,Clothing,1499,,,,
2020-06-21,32,0,P020,1,12999,12999,0,0.0,12999.0,1299.9,2857,2020,2,June,Sunday,10.0,Priya Arora,Kolkata      , West Bengal   ,700001,32Priya@gmail.com,912947854,Fossil Smartwatch,Accessories,12999,,,,
2021-07-06,32,0,P006,1,7499,7499,0,0.0,7499.0,749.9,3098,2021,3,July,Tuesday,10.0,Priya Arora,Kolkata      , West Bengal   ,700001,32Priya@gmail.com,912947854,Nike Running Shoes,Footwear,7499,,,,
2020-08-02,32,0,P021,1,1299,1299,0,0.0,1299.0,129.9,3174,2020,3,August,Sunday,10.0,Priya Arora,Kolkata      , West Bengal   ,700001,32Priya@gmail.com,912947854,Tupperware Lunch Box,Kitchenware,1299,,,,
2020-06-25,32,0,P027,1,699,699,0,0.0,699.0,69.9,3233,2020,2,June,Thursday,10.0,Priya Arora,Kolkata      , West Bengal   ,700001,32Priya@gmail.com,912947854,L'Oreal Shampoo,Personal Care,699,,,,
2023-10-17,32,0,P028,1,349,349,0,0.0,349.0,34.9,3259,2023,4,October,Tuesday,10.0,Priya Arora,Kolkata      , West Bengal   ,700001,32Priya@gmail.com,912947854,Dove Soap Pack,Personal Care,349,,,,
2023-04-02,32,PR001,P026,2,5499,10998,20,2199.6,8798.4,879.84,190,2023,2,April,Sunday,10.0,Priya Arora,Kolkata      , West Bengal   ,700001,32Priya@gmail.com,912947854,Wildcraft Hiking Bag,Bags,5499,Summer Sale,Email,SUMMER21,20% off
2020-05-18,32,PR001,P006,2,7499,14998,20,2999.6,11998.4,1199.84,328,2020,2,May,Monday,10.0,Priya Arora,Kolkata      , West Bengal   ,700001,32Priya@gmail.com,912947854,Nike Running Shoes,Footwear,7499,Summer Sale,Email,SUMMER21,20% off
2021-04-09,32,PR001,P005,2,92499,184998,20,36999.6,147998.4,14799.84,700,2021,2,April,Friday,10.0,Priya Arora,Kolkata      , West Bengal   ,700001,32Priya@gmail.com,912947854,Apple MacBook Air,Electronics,92499,Summer Sale,Email,SUMMER21,20% off
2022-05-11,32,PR001,P018,2,2299,4598,20,919.6,3678.4,367.84,1724,2022,2,May,Wednesday,10.0,Priya Arora,Kolkata      , West Bengal   ,700001,32Priya@gmail.com,912947854,Prestige Pressure Cooker,Home Appliances,2299,Summer Sale,Email,SUMMER21,20% off
2021-05-06,32,PR001,P009,2,3499,6998,20,1399.6,5598.4,559.84,1793,2021,2,May,Thursday,10.0,Priya Arora,Kolkata      , West Bengal   ,700001,32Priya@gmail.com,912947854,Levi's Denim Jeans,Clothing,3499,Summer Sale,Email,SUMMER21,20% off
2021-05-12,32,PR001,P027,2,699,1398,20,279.6,1118.4,111.84,1895,2021,2,May,Wednesday,10.0,Priya Arora,Kolkata      , West Bengal   ,700001,32Priya@gmail.com,912947854,L'Oreal Shampoo,Personal Care,699,Summer Sale,Email,SUMMER21,20% off
2021-05-26,32,PR001,P011,2,1499,2998,20,599.6,2398.4,239.84,2013,2021,2,May,Wednesday,10.0,Priya Arora,Kolkata      , West Bengal   ,700001,32Priya@gmail.com,912947854,H&M T-Shirt,Clothing,1499,Summer Sale,Email,SUMMER21,20% off
2023-05-02,32,PR001,P008,2,5499,10998,20,2199.6,8798.4,879.84,2380,2023,2,May,Tuesday,10.0,Priya Arora,Kolkata      , West Bengal   ,700001,32Priya@gmail.com,912947854,Puma Sports Shoes,Footwear,5499,Summer Sale,Email,SUMMER21,20% off
2023-05-05,32,PR001,P010,3,2199,6597,20,1319.4,5277.6,527.76,359,2023,2,May,Friday,10.0,Priya Arora,Kolkata      , West Bengal   ,700001,32Priya@gmail.com,912947854,Zara Casual Shirt,Clothing,2199,Summer Sale,Email,SUMMER21,20% off
2023-05-29,32,PR001,P027,3,699,2097,20,419.4,1677.6,167.76,2064,2023,2,May,Monday,10.0,Priya Arora,Kolkata      , West Bengal   ,700001,32Priya@gmail.com,912947854,L'Oreal Shampoo,Personal Care,699,Summer Sale,Email,SUMMER21,20% off
2020-04-12,32,PR001,P008,3,5499,16497,20,3299.4,13197.6,1319.76,2418,2020,2,April,Sunday,10.0,Priya Arora,Kolkata      , West Bengal   ,700001,32Priya@gmail.com,912947854,Puma Sports Shoes,Footwear,5499,Summer Sale,Email,SUMMER21,20% off
2023-04-08,32,PR001,P021,3,1299,3897,20,779.4,3117.6,311.76,2769,2023,2,April,Saturday,10.0,Priya Arora,Kolkata      , West Bengal   ,700001,32Priya@gmail.com,912947854,Tupperware Lunch Box,Kitchenware,1299,Summer Sale,Email,SUMMER21,20% off
2022-04-03,32,PR001,P008,1,5499,5499,20,1099.8,4399.2,439.92,48,2022,2,April,Sunday,10.0,Priya Arora,Kolkata      , West Bengal   ,700001,32Priya@gmail.com,912947854,Puma Sports Shoes,Footwear,5499,Summer Sale,Email,SUMMER21,20% off
2020-04-15,32,PR001,P003,1,89999,89999,20,17999.8,71999.2,7199.92,628,2020,2,April,Wednesday,10.0,Priya Arora,Kolkata      , West Bengal   ,700001,32Priya@gmail.com,912947854,"Sony Bravia 55"" TV",Electronics,89999,Summer Sale,Email,SUMMER21,20% off
2020-04-03,32,PR001,P030,1,399,399,20,79.8,319.2,31.92,1825,2020,2,April,Friday,10.0,Priya Arora,Kolkata      , West Bengal   ,700001,32Priya@gmail.com,912947854,Nivea Body Lotion,Personal Care,399,Summer Sale,Email,SUMMER21,20% off
2023-04-19,32,PR001,P002,1,69999,69999,20,13999.8,55999.2,5599.92,2331,2023,2,April,Wednesday,10.0,Priya Arora,Kolkata      , West Bengal   ,700001,32Priya@gmail.com,912947854,Samsung Galaxy S21,Electronics,69999,Summer Sale,Email,SUMMER21,20% off
2023-04-19,32,PR001,P022,1,1999,1999,20,399.8,1599.2,159.92,3079,2023,2,April,Wednesday,10.0,Priya Arora,Kolkata      , West Bengal   ,700001,32Priya@gmail.com,912947854,Borosil Glass Set,Kitchenware,1999,Summer Sale,Email,SUMMER21,20% off
2021-07-18,32,PR004,P008,3,5499,16497,50,8248.5,8248.5,824.85,490,2021,3,July,Sunday,10.0,Priya Arora,Kolkata      , West Bengal   ,700001,32Priya@gmail.com,912947854,Puma Sports Shoes,Footwear,5499,Weekend Flash Sale,Mobile Push,FLASH50,50% off
2020-07-05,32,PR004,P019,1,5999,5999,50,2999.5,2999.5,299.95,2061,2020,3,July,Sunday,10.0,Priya Arora,Kolkata      , West Bengal   ,700001,32Priya@gmail.com,912947854,Titan Wrist Watch,Accessories,5999,Weekend Flash Sale,Mobile Push,FLASH50,50% off
2022-01-01,32,PR003,P024,3,2799,8397,50,4198.5,4198.5,419.85,79,2022,1,January,Saturday,10.0,Priya Arora,Kolkata      , West Bengal   ,700001,32Priya@gmail.com,912947854,Puma Backpack,Bags,2799,New Year Special,Website Banner,NEWYEAR22,Buy 1 Get 1 Free
2023-12-19,32,PR005,P005,3,92499,277497,70,194247.9,83249.1,8324.91,1787,2023,4,December,Tuesday,10.0,Priya Arora,Kolkata      , West Bengal   ,700001,32Priya@gmail.com,912947854,Apple MacBook Air,Electronics,92499,Clearance Sale,In-App,CLEARANCE23,70% off
2023-08-12,33,0,P018,1,2299,2299,0,0.0,2299.0,229.9,379,2023,3,August,Saturday,10.0,Rajat Saxena,Kanpur       , Uttar Pradesh ,208001,33Rajat@gmail.com,838454060,Prestige Pressure Cooker,Home Appliances,2299,,,,
2023-11-10,33,0,P023,3,1499,4497,0,0.0,4497.0,449.7,3308,2023,4,November,Friday,10.0,Rajat Saxena,Kanpur       , Uttar Pradesh ,208001,33Rajat@gmail.com,838454060,Milton Thermos Flask,Kitchenware,1499,,,,
2023-10-02,33,0,P021,3,1299,3897,0,0.0,3897.0,389.7,65,2023,4,October,Monday,10.0,Rajat Saxena,Kanpur       , Uttar Pradesh ,208001,33Rajat@gmail.com,838454060,Tupperware Lunch Box,Kitchenware,1299,,,,
2022-02-07,33,0,P001,3,79999,239997,0,0.0,239997.0,23999.7,414,2022,1,February,Monday,10.0,Rajat Saxena,Kanpur       , Uttar Pradesh ,208001,33Rajat@gmail.com,838454060,Apple iPhone 14,Electronics,79999,,,,
2021-08-21,33,0,P003,3,89999,269997,0,0.0,269997.0,26999.7,472,2021,3,August,Saturday,10.0,Rajat Saxena,Kanpur       , Uttar Pradesh ,208001,33Rajat@gmail.com,838454060,"Sony Bravia 55"" TV",Electronics,89999,,,,
2020-08-29,33,0,P030,3,399,1197,0,0.0,1197.0,119.7,576,2020,3,August,Saturday,10.0,Rajat Saxena,Kanpur       , Uttar Pradesh ,208001,33Rajat@gmail.com,838454060,Nivea Body Lotion,Personal Care,399,,,,
2020-07-02,33,0,P007,3,6999,20997,0,0.0,20997.0,2099.7,838,2020,3,July,Thursday,10.0,Rajat Saxena,Kanpur       , Uttar Pradesh ,208001,33Rajat@gmail.com,838454060,Adidas Sneakers,Footwear,6999,,,,
2020-09-23,33,0,P030,3,399,1197,0,0.0,1197.0,119.7,1101,2020,3,September,Wednesday,10.0,Rajat Saxena,Kanpur       , Uttar Pradesh ,208001,33Rajat@gmail.com,838454060,Nivea Body Lotion,Personal Care,399,,,,
2023-10-15,33,0,P007,3,6999,20997,0,0.0,20997.0,2099.7,1185,2023,4,October,Sunday,10.0,Rajat Saxena,Kanpur       , Uttar Pradesh ,208001,33Rajat@gmail.com,838454060,Adidas Sneakers,Footwear,6999,,,,
2023-06-26,33,0,P001,3,79999,239997,0,0.0,239997.0,23999.7,1206,2023,2,June,Monday,10.0,Rajat Saxena,Kanpur       , Uttar Pradesh ,208001,33Rajat@gmail.com,838454060,Apple iPhone 14,Electronics,79999,,,,
2023-07-13,33,0,P007,3,6999,20997,0,0.0,20997.0,2099.7,1220,2023,3,July,Thursday,10.0,Rajat Saxena,Kanpur       , Uttar Pradesh ,208001,33Rajat@gmail.com,838454060,Adidas Sneakers,Footwear,6999,,,,
2020-02-10,33,0,P027,3,699,2097,0,0.0,2097.0,209.7,2079,2020,1,February,Monday,10.0,Rajat Saxena,Kanpur       , Uttar Pradesh ,208001,33Rajat@gmail.com,838454060,L'Oreal Shampoo,Personal Care,699,,,,
2021-07-01,33,0,P006,3,7499,22497,0,0.0,22497.0,2249.7,2604,2021,3,July,Thursday,10.0,Rajat Saxena,Kanpur       , Uttar Pradesh ,208001,33Rajat@gmail.com,838454060,Nike Running Shoes,Footwear,7499,,,,
2022-12-03,33,0,P007,3,6999,20997,0,0.0,20997.0,2099.7,3139,2022,4,December,Saturday,10.0,Rajat Saxena,Kanpur       , Uttar Pradesh ,208001,33Rajat@gmail.com,838454060,Adidas Sneakers,Footwear,6999,,,,
2023-06-07,33,0,P024,3,2799,8397,0,0.0,8397.0,839.7,3500,2023,2,June,Wednesday,10.0,Rajat Saxena,Kanpur       , Uttar Pradesh ,208001,33Rajat@gmail.com,838454060,Puma Backpack,Bags,2799,,,,
2020-10-18,33,0,P002,2,69999,139998,0,0.0,139998.0,13999.8,224,2020,4,October,Sunday,10.0,Rajat Saxena,Kanpur       , Uttar Pradesh ,208001,33Rajat@gmail.com,838454060,Samsung Galaxy S21,Electronics,69999,,,,
2023-10-29,33,0,P007,2,6999,13998,0,0.0,13998.0,1399.8,324,2023,4,October,Sunday,10.0,Rajat Saxena,Kanpur       , Uttar Pradesh ,208001,33Rajat@gmail.com,838454060,Adidas Sneakers,Footwear,6999,,,,
2020-11-04,33,0,P009,2,3499,6998,0,0.0,6998.0,699.8,1036,2020,4,November,Wednesday,10.0,Rajat Saxena,Kanpur       , Uttar Pradesh ,208001,33Rajat@gmail.com,838454060,Levi's Denim Jeans,Clothing,3499,,,,
2020-08-22,33,0,P015,2,8499,16998,0,0.0,16998.0,1699.8,1163,2020,3,August,Saturday,10.0,Rajat Saxena,Kanpur       , Uttar Pradesh ,208001,33Rajat@gmail.com,838454060,Philips Air Fryer,Home Appliances,8499,,,,
2020-02-22,33,0,P014,2,4999,9998,0,0.0,9998.0,999.8,1269,2020,1,February,Saturday,10.0,Rajat Saxena,Kanpur       , Uttar Pradesh ,208001,33Rajat@gmail.com,838454060,Bajaj Mixer Grinder,Home Appliances,4999,,,,
2022-01-24,33,0,P025,2,8999,17998,0,0.0,17998.0,1799.8,1317,2022,1,January,Monday,10.0,Rajat Saxena,Kanpur       , Uttar Pradesh ,208001,33Rajat@gmail.com,838454060,American Tourister Suitcase,Bags,8999,,,,
2021-01-01,33,0,P004,2,64999,129998,0,0.0,129998.0,12999.8,1358,2021,1,January,Friday,10.0,Rajat Saxena,Kanpur       , Uttar Pradesh ,208001,33Rajat@gmail.com,838454060,HP Pavilion Laptop,Electronics,64999,,,,
2023-01-11,33,0,P011,2,1499,2998,0,0.0,2998.0,299.8,2039,2023,1,January,Wednesday,10.0,Rajat Saxena,Kanpur       , Uttar Pradesh ,208001,33Rajat@gmail.com,838454060,H&M T-Shirt,Clothing,1499,,,,
2023-06-19,33,0,P024,2,2799,5598,0,0.0,5598.0,559.8,2197,2023,2,June,Monday,10.0,Rajat Saxena,Kanpur       , Uttar Pradesh ,208001,33Rajat@gmail.com,838454060,Puma Backpack,Bags,2799,,,,
2020-11-16,33,0,P003,2,89999,179998,0,0.0,179998.0,17999.8,2240,2020,4,November,Monday,10.0,Rajat Saxena,Kanpur       , Uttar Pradesh ,208001,33Rajat@gmail.com,838454060,"Sony Bravia 55"" TV",Electronics,89999,,,,
2021-10-24,33,0,P024,2,2799,5598,0,0.0,5598.0,559.8,2391,2021,4,October,Sunday,10.0,Rajat Saxena,Kanpur       , Uttar Pradesh ,208001,33Rajat@gmail.com,838454060,Puma Backpack,Bags,2799,,,,
2022-11-26,33,0,P001,2,79999,159998,0,0.0,159998.0,15999.8,2809,2022,4,November,Saturday,10.0,Rajat Saxena,Kanpur       , Uttar Pradesh ,208001,33Rajat@gmail.com,838454060,Apple iPhone 14,Electronics,79999,,,,
2021-07-01,33,0,P017,2,10499,20998,0,0.0,20998.0,2099.8,3037,2021,3,July,Thursday,10.0,Rajat Saxena,Kanpur       , Uttar Pradesh ,208001,33Rajat@gmail.com,838454060,IFB Microwave Oven,Home Appliances,10499,,,,
2023-06-06,33,0,P022,2,1999,3998,0,0.0,3998.0,399.8,3400,2023,2,June,Tuesday,10.0,Rajat Saxena,Kanpur       , Uttar Pradesh ,208001,33Rajat@gmail.com,838454060,Borosil Glass Set,Kitchenware,1999,,,,
2023-08-05,33,0,P011,3,1499,4497,0,0.0,4497.0,449.7,1305,2023,3,August,Saturday,10.0,Rajat Saxena,Kanpur       , Uttar Pradesh ,208001,33Rajat@gmail.com,838454060,H&M T-Shirt,Clothing,1499,,,,
2020-03-13,33,0,P008,2,5499,10998,0,0.0,10998.0,1099.8,1451,2020,1,March,Friday,10.0,Rajat Saxena,Kanpur       , Uttar Pradesh ,208001,33Rajat@gmail.com,838454060,Puma Sports Shoes,Footwear,5499,,,,
2021-06-19,33,0,P008,2,5499,10998,0,0.0,10998.0,1099.8,1733,2021,2,June,Saturday,10.0,Rajat Saxena,Kanpur       , Uttar Pradesh ,208001,33Rajat@gmail.com,838454060,Puma Sports Shoes,Footwear,5499,,,,
2022-10-29,33,0,P020,1,12999,12999,0,0.0,12999.0,1299.9,143,2022,4,October,Saturday,10.0,Rajat Saxena,Kanpur       , Uttar Pradesh ,208001,33Rajat@gmail.com,838454060,Fossil Smartwatch,Accessories,12999,,,,
2022-01-28,33,0,P024,1,2799,2799,0,0.0,2799.0,279.9,314,2022,1,January,Friday,10.0,Rajat Saxena,Kanpur       , Uttar Pradesh ,208001,33Rajat@gmail.com,838454060,Puma Backpack,Bags,2799,,,,
2020-03-24,33,0,P012,1,2999,2999,0,0.0,2999.0,299.9,348,2020,1,March,Tuesday,10.0,Rajat Saxena,Kanpur       , Uttar Pradesh ,208001,33Rajat@gmail.com,838454060,FabIndia Kurta,Clothing,2999,,,,
2022-12-01,33,0,P023,3,1499,4497,0,0.0,4497.0,449.7,1460,2022,4,December,Thursday,10.0,Rajat Saxena,Kanpur       , Uttar Pradesh ,208001,33Rajat@gmail.com,838454060,Milton Thermos Flask,Kitchenware,1499,,,,
2020-07-30,33,0,P013,1,15999,15999,0,0.0,15999.0,1599.9,620,2020,3,July,Thursday,10.0,Rajat Saxena,Kanpur       , Uttar Pradesh ,208001,33Rajat@gmail.com,838454060,Raymond Suit,Clothing,15999,,,,
2023-08-15,33,0,P024,1,2799,2799,0,0.0,2799.0,279.9,861,2023,3,August,Tuesday,10.0,Rajat Saxena,Kanpur       , Uttar Pradesh ,208001,33Rajat@gmail.com,838454060,Puma Backpack,Bags,2799,,,,
2021-01-09,33,0,P013,1,15999,15999,0,0.0,15999.0,1599.9,870,2021,1,January,Saturday,10.0,Rajat Saxena,Kanpur       , Uttar Pradesh ,208001,33Rajat@gmail.com,838454060,Raymond Suit,Clothing,15999,,,,
2021-12-29,33,0,P012,1,2999,2999,0,0.0,2999.0,299.9,914,2021,4,December,Wednesday,10.0,Rajat Saxena,Kanpur       , Uttar Pradesh ,208001,33Rajat@gmail.com,838454060,FabIndia Kurta,Clothing,2999,,,,
2020-09-01,33,0,P001,1,79999,79999,0,0.0,79999.0,7999.9,980,2020,3,September,Tuesday,10.0,Rajat Saxena,Kanpur       , Uttar Pradesh ,208001,33Rajat@gmail.com,838454060,Apple iPhone 14,Electronics,79999,,,,
2021-10-04,33,0,P013,1,15999,15999,0,0.0,15999.0,1599.9,1022,2021,4,October,Monday,10.0,Rajat Saxena,Kanpur       , Uttar Pradesh ,208001,33Rajat@gmail.com,838454060,Raymond Suit,Clothing,15999,,,,
2023-06-24,33,0,P006,1,7499,7499,0,0.0,7499.0,749.9,1218,2023,2,June,Saturday,10.0,Rajat Saxena,Kanpur       , Uttar Pradesh ,208001,33Rajat@gmail.com,838454060,Nike Running Shoes,Footwear,7499,,,,
2023-09-27,33,0,P008,1,5499,5499,0,0.0,5499.0,549.9,1379,2023,3,September,Wednesday,10.0,Rajat Saxena,Kanpur       , Uttar Pradesh ,208001,33Rajat@gmail.com,838454060,Puma Sports Shoes,Footwear,5499,,,,
2023-11-19,33,0,P013,1,15999,15999,0,0.0,15999.0,1599.9,1608,2023,4,November,Sunday,10.0,Rajat Saxena,Kanpur       , Uttar Pradesh ,208001,33Rajat@gmail.com,838454060,Raymond Suit,Clothing,15999,,,,
2023-02-17,33,0,P006,1,7499,7499,0,0.0,7499.0,749.9,1892,2023,1,February,Friday,10.0,Rajat Saxena,Kanpur       , Uttar Pradesh ,208001,33Rajat@gmail.com,838454060,Nike Running Shoes,Footwear,7499,,,,
2020-03-31,33,0,P016,1,24999,24999,0,0.0,24999.0,2499.9,2078,2020,1,March,Tuesday,10.0,Rajat Saxena,Kanpur       , Uttar Pradesh ,208001,33Rajat@gmail.com,838454060,LG Washing Machine,Home Appliances,24999,,,,
2022-11-07,33,0,P018,1,2299,2299,0,0.0,2299.0,229.9,2172,2022,4,November,Monday,10.0,Rajat Saxena,Kanpur       , Uttar Pradesh ,208001,33Rajat@gmail.com,838454060,Prestige Pressure Cooker,Home Appliances,2299,,,,
2022-01-31,33,0,P029,1,99,99,0,0.0,99.0,9.9,2246,2022,1,January,Monday,10.0,Rajat Saxena,Kanpur       , Uttar Pradesh ,208001,33Rajat@gmail.com,838454060,Colgate Toothpaste,Personal Care,99,,,,
2021-11-02,33,0,P009,1,3499,3499,0,0.0,3499.0,349.9,2365,2021,4,November,Tuesday,10.0,Rajat Saxena,Kanpur       , Uttar Pradesh ,208001,33Rajat@gmail.com,838454060,Levi's Denim Jeans,Clothing,3499,,,,
2020-01-03,33,0,P014,1,4999,4999,0,0.0,4999.0,499.9,2584,2020,1,January,Friday,10.0,Rajat Saxena,Kanpur       , Uttar Pradesh ,208001,33Rajat@gmail.com,838454060,Bajaj Mixer Grinder,Home Appliances,4999,,,,
2022-12-29,33,0,P011,1,1499,1499,0,0.0,1499.0,149.9,2667,2022,4,December,Thursday,10.0,Rajat Saxena,Kanpur       , Uttar Pradesh ,208001,33Rajat@gmail.com,838454060,H&M T-Shirt,Clothing,1499,,,,
2022-08-31,33,0,P003,1,89999,89999,0,0.0,89999.0,8999.9,2669,2022,3,August,Wednesday,10.0,Rajat Saxena,Kanpur       , Uttar Pradesh ,208001,33Rajat@gmail.com,838454060,"Sony Bravia 55"" TV",Electronics,89999,,,,
2020-06-18,33,0,P006,1,7499,7499,0,0.0,7499.0,749.9,2711,2020,2,June,Thursday,10.0,Rajat Saxena,Kanpur       , Uttar Pradesh ,208001,33Rajat@gmail.com,838454060,Nike Running Shoes,Footwear,7499,,,,
2022-09-14,33,0,P009,1,3499,3499,0,0.0,3499.0,349.9,2756,2022,3,September,Wednesday,10.0,Rajat Saxena,Kanpur       , Uttar Pradesh ,208001,33Rajat@gmail.com,838454060,Levi's Denim Jeans,Clothing,3499,,,,
2022-10-05,33,0,P006,1,7499,7499,0,0.0,7499.0,749.9,2878,2022,4,October,Wednesday,10.0,Rajat Saxena,Kanpur       , Uttar Pradesh ,208001,33Rajat@gmail.com,838454060,Nike Running Shoes,Footwear,7499,,,,
2022-04-02,33,PR001,P022,2,1999,3998,20,799.6,3198.4,319.84,2094,2022,2,April,Saturday,10.0,Rajat Saxena,Kanpur       , Uttar Pradesh ,208001,33Rajat@gmail.com,838454060,Borosil Glass Set,Kitchenware,1999,Summer Sale,Email,SUMMER21,20% off
2023-04-26,33,PR001,P020,2,12999,25998,20,5199.6,20798.4,2079.84,3065,2023,2,April,Wednesday,10.0,Rajat Saxena,Kanpur       , Uttar Pradesh ,208001,33Rajat@gmail.com,838454060,Fossil Smartwatch,Accessories,12999,Summer Sale,Email,SUMMER21,20% off
2020-04-23,33,PR001,P015,2,8499,16998,20,3399.6,13598.4,1359.84,3165,2020,2,April,Thursday,10.0,Rajat Saxena,Kanpur       , Uttar Pradesh ,208001,33Rajat@gmail.com,838454060,Philips Air Fryer,Home Appliances,8499,Summer Sale,Email,SUMMER21,20% off
2022-05-20,33,PR001,P022,3,1999,5997,20,1199.4,4797.6,479.76,2158,2022,2,May,Friday,10.0,Rajat Saxena,Kanpur       , Uttar Pradesh ,208001,33Rajat@gmail.com,838454060,Borosil Glass Set,Kitchenware,1999,Summer Sale,Email,SUMMER21,20% off
2021-04-18,33,PR001,P013,3,15999,47997,20,9599.4,38397.6,3839.76,2615,2021,2,April,Sunday,10.0,Rajat Saxena,Kanpur       , Uttar Pradesh ,208001,33Rajat@gmail.com,838454060,Raymond Suit,Clothing,15999,Summer Sale,Email,SUMMER21,20% off
2021-05-03,33,PR001,P026,1,5499,5499,20,1099.8,4399.2,439.92,818,2021,2,May,Monday,10.0,Rajat Saxena,Kanpur       , Uttar Pradesh ,208001,33Rajat@gmail.com,838454060,Wildcraft Hiking Bag,Bags,5499,Summer Sale,Email,SUMMER21,20% off
2020-05-26,33,PR001,P029,1,99,99,20,19.8,79.2,7.92,1664,2020,2,May,Tuesday,10.0,Rajat Saxena,Kanpur       , Uttar Pradesh ,208001,33Rajat@gmail.com,838454060,Colgate Toothpaste,Personal Care,99,Summer Sale,Email,SUMMER21,20% off
2021-04-19,33,PR001,P010,1,2199,2199,20,439.8,1759.2,175.92,1818,2021,2,April,Monday,10.0,Rajat Saxena,Kanpur       , Uttar Pradesh ,208001,33Rajat@gmail.com,838454060,Zara Casual Shirt,Clothing,2199,Summer Sale,Email,SUMMER21,20% off
2020-04-26,33,PR001,P028,1,349,349,20,69.8,279.2,27.92,1957,2020,2,April,Sunday,10.0,Rajat Saxena,Kanpur       , Uttar Pradesh ,208001,33Rajat@gmail.com,838454060,Dove Soap Pack,Personal Care,349,Summer Sale,Email,SUMMER21,20% off
2022-04-02,33,PR001,P023,1,1499,1499,20,299.8,1199.2,119.92,3377,2022,2,April,Saturday,10.0,Rajat Saxena,Kanpur       , Uttar Pradesh ,208001,33Rajat@gmail.com,838454060,Milton Thermos Flask,Kitchenware,1499,Summer Sale,Email,SUMMER21,20% off
2021-07-11,33,PR004,P014,1,4999,4999,50,2499.5,2499.5,249.95,887,2021,3,July,Sunday,10.0,Rajat Saxena,Kanpur       , Uttar Pradesh ,208001,33Rajat@gmail.com,838454060,Bajaj Mixer Grinder,Home Appliances,4999,Weekend Flash Sale,Mobile Push,FLASH50,50% off
2022-07-02,33,PR004,P019,2,5999,11998,50,5999.0,5999.0,599.9,934,2022,3,July,Saturday,10.0,Rajat Saxena,Kanpur       , Uttar Pradesh ,208001,33Rajat@gmail.com,838454060,Titan Wrist Watch,Accessories,5999,Weekend Flash Sale,Mobile Push,FLASH50,50% off
2023-07-01,33,PR004,P001,3,79999,239997,50,119998.5,119998.5,11999.85,1963,2023,3,July,Saturday,10.0,Rajat Saxena,Kanpur       , Uttar Pradesh ,208001,33Rajat@gmail.com,838454060,Apple iPhone 14,Electronics,79999,Weekend Flash Sale,Mobile Push,FLASH50,50% off
2023-12-31,33,PR005,P019,3,5999,17997,70,12597.9,5399.1,539.91,45,2023,4,December,Sunday,10.0,Rajat Saxena,Kanpur       , Uttar Pradesh ,208001,33Rajat@gmail.com,838454060,Titan Wrist Watch,Accessories,5999,Clearance Sale,In-App,CLEARANCE23,70% off
2023-12-29,33,PR005,P019,1,5999,5999,70,4199.3,1799.7,179.97,298,2023,4,December,Friday,10.0,Rajat Saxena,Kanpur       , Uttar Pradesh ,208001,33Rajat@gmail.com,838454060,Titan Wrist Watch,Accessories,5999,Clearance Sale,In-App,CLEARANCE23,70% off
2020-09-28,34,0,P009,2,3499,6998,0,0.0,6998.0,699.8,1643,2020,3,September,Monday,10.0,Rajeev Trivedi,Hyderabad    , Telangana     ,500001,34Rajeev@gmail.com,944295777,Levi's Denim Jeans,Clothing,3499,,,,
2020-02-18,34,0,P026,3,5499,16497,0,0.0,16497.0,1649.7,3390,2020,1,February,Tuesday,10.0,Rajeev Trivedi,Hyderabad    , Telangana     ,500001,34Rajeev@gmail.com,944295777,Wildcraft Hiking Bag,Bags,5499,,,,
2022-03-04,34,0,P025,3,8999,26997,0,0.0,26997.0,2699.7,159,2022,1,March,Friday,10.0,Rajeev Trivedi,Hyderabad    , Telangana     ,500001,34Rajeev@gmail.com,944295777,American Tourister Suitcase,Bags,8999,,,,
2023-03-03,34,0,P030,3,399,1197,0,0.0,1197.0,119.7,209,2023,1,March,Friday,10.0,Rajeev Trivedi,Hyderabad    , Telangana     ,500001,34Rajeev@gmail.com,944295777,Nivea Body Lotion,Personal Care,399,,,,
2021-12-13,34,0,P013,3,15999,47997,0,0.0,47997.0,4799.7,450,2021,4,December,Monday,10.0,Rajeev Trivedi,Hyderabad    , Telangana     ,500001,34Rajeev@gmail.com,944295777,Raymond Suit,Clothing,15999,,,,
2020-09-24,34,0,P029,3,99,297,0,0.0,297.0,29.7,656,2020,3,September,Thursday,10.0,Rajeev Trivedi,Hyderabad    , Telangana     ,500001,34Rajeev@gmail.com,944295777,Colgate Toothpaste,Personal Care,99,,,,
2022-01-19,34,0,P012,3,2999,8997,0,0.0,8997.0,899.7,725,2022,1,January,Wednesday,10.0,Rajeev Trivedi,Hyderabad    , Telangana     ,500001,34Rajeev@gmail.com,944295777,FabIndia Kurta,Clothing,2999,,,,
2022-09-20,34,0,P002,3,69999,209997,0,0.0,209997.0,20999.7,1329,2022,3,September,Tuesday,10.0,Rajeev Trivedi,Hyderabad    , Telangana     ,500001,34Rajeev@gmail.com,944295777,Samsung Galaxy S21,Electronics,69999,,,,
2022-11-26,34,0,P029,3,99,297,0,0.0,297.0,29.7,1754,2022,4,November,Saturday,10.0,Rajeev Trivedi,Hyderabad    , Telangana     ,500001,34Rajeev@gmail.com,944295777,Colgate Toothpaste,Personal Care,99,,,,
2020-10-14,34,0,P014,3,4999,14997,0,0.0,14997.0,1499.7,1760,2020,4,October,Wednesday,10.0,Rajeev Trivedi,Hyderabad    , Telangana     ,500001,34Rajeev@gmail.com,944295777,Bajaj Mixer Grinder,Home Appliances,4999,,,,
2020-11-28,34,0,P010,3,2199,6597,0,0.0,6597.0,659.7,1912,2020,4,November,Saturday,10.0,Rajeev Trivedi,Hyderabad    , Telangana     ,500001,34Rajeev@gmail.com,944295777,Zara Casual Shirt,Clothing,2199,,,,
2020-08-23,34,0,P030,3,399,1197,0,0.0,1197.0,119.7,1937,2020,3,August,Sunday,10.0,Rajeev Trivedi,Hyderabad    , Telangana     ,500001,34Rajeev@gmail.com,944295777,Nivea Body Lotion,Personal Care,399,,,,
2020-12-08,34,0,P029,3,99,297,0,0.0,297.0,29.7,1956,2020,4,December,Tuesday,10.0,Rajeev Trivedi,Hyderabad    , Telangana     ,500001,34Rajeev@gmail.com,944295777,Colgate Toothpaste,Personal Care,99,,,,
2021-06-04,34,0,P012,3,2999,8997,0,0.0,8997.0,899.7,1986,2021,2,June,Friday,10.0,Rajeev Trivedi,Hyderabad    , Telangana     ,500001,34Rajeev@gmail.com,944295777,FabIndia Kurta,Clothing,2999,,,,
2021-06-10,34,0,P004,3,64999,194997,0,0.0,194997.0,19499.7,2044,2021,2,June,Thursday,10.0,Rajeev Trivedi,Hyderabad    , Telangana     ,500001,34Rajeev@gmail.com,944295777,HP Pavilion Laptop,Electronics,64999,,,,
2021-06-29,34,0,P025,3,8999,26997,0,0.0,26997.0,2699.7,2052,2021,2,June,Tuesday,10.0,Rajeev Trivedi,Hyderabad    , Telangana     ,500001,34Rajeev@gmail.com,944295777,American Tourister Suitcase,Bags,8999,,,,
2022-09-06,34,0,P004,3,64999,194997,0,0.0,194997.0,19499.7,2341,2022,3,September,Tuesday,10.0,Rajeev Trivedi,Hyderabad    , Telangana     ,500001,34Rajeev@gmail.com,944295777,HP Pavilion Laptop,Electronics,64999,,,,
2022-06-29,34,0,P019,3,5999,17997,0,0.0,17997.0,1799.7,2351,2022,2,June,Wednesday,10.0,Rajeev Trivedi,Hyderabad    , Telangana     ,500001,34Rajeev@gmail.com,944295777,Titan Wrist Watch,Accessories,5999,,,,
2021-08-18,34,0,P030,3,399,1197,0,0.0,1197.0,119.7,2416,2021,3,August,Wednesday,10.0,Rajeev Trivedi,Hyderabad    , Telangana     ,500001,34Rajeev@gmail.com,944295777,Nivea Body Lotion,Personal Care,399,,,,
2021-08-22,34,0,P004,3,64999,194997,0,0.0,194997.0,19499.7,2501,2021,3,August,Sunday,10.0,Rajeev Trivedi,Hyderabad    , Telangana     ,500001,34Rajeev@gmail.com,944295777,HP Pavilion Laptop,Electronics,64999,,,,
2023-06-29,34,0,P022,3,1999,5997,0,0.0,5997.0,599.7,2709,2023,2,June,Thursday,10.0,Rajeev Trivedi,Hyderabad    , Telangana     ,500001,34Rajeev@gmail.com,944295777,Borosil Glass Set,Kitchenware,1999,,,,
2021-09-23,34,0,P020,3,12999,38997,0,0.0,38997.0,3899.7,2920,2021,3,September,Thursday,10.0,Rajeev Trivedi,Hyderabad    , Telangana     ,500001,34Rajeev@gmail.com,944295777,Fossil Smartwatch,Accessories,12999,,,,
2021-09-04,34,0,P012,3,2999,8997,0,0.0,8997.0,899.7,3014,2021,3,September,Saturday,10.0,Rajeev Trivedi,Hyderabad    , Telangana     ,500001,34Rajeev@gmail.com,944295777,FabIndia Kurta,Clothing,2999,,,,
2022-09-01,34,0,P028,3,349,1047,0,0.0,1047.0,104.7,3209,2022,3,September,Thursday,10.0,Rajeev Trivedi,Hyderabad    , Telangana     ,500001,34Rajeev@gmail.com,944295777,Dove Soap Pack,Personal Care,349,,,,
2020-01-04,34,0,P023,2,1499,2998,0,0.0,2998.0,299.8,70,2020,1,January,Saturday,10.0,Rajeev Trivedi,Hyderabad    , Telangana     ,500001,34Rajeev@gmail.com,944295777,Milton Thermos Flask,Kitchenware,1499,,,,
2020-03-08,34,0,P028,2,349,698,0,0.0,698.0,69.8,279,2020,1,March,Sunday,10.0,Rajeev Trivedi,Hyderabad    , Telangana     ,500001,34Rajeev@gmail.com,944295777,Dove Soap Pack,Personal Care,349,,,,
2022-01-13,34,0,P015,2,8499,16998,0,0.0,16998.0,1699.8,709,2022,1,January,Thursday,10.0,Rajeev Trivedi,Hyderabad    , Telangana     ,500001,34Rajeev@gmail.com,944295777,Philips Air Fryer,Home Appliances,8499,,,,
2022-01-25,34,0,P021,2,1299,2598,0,0.0,2598.0,259.8,795,2022,1,January,Tuesday,10.0,Rajeev Trivedi,Hyderabad    , Telangana     ,500001,34Rajeev@gmail.com,944295777,Tupperware Lunch Box,Kitchenware,1299,,,,
2023-03-20,34,0,P005,2,92499,184998,0,0.0,184998.0,18499.8,839,2023,1,March,Monday,10.0,Rajeev Trivedi,Hyderabad    , Telangana     ,500001,34Rajeev@gmail.com,944295777,Apple MacBook Air,Electronics,92499,,,,
2021-01-12,34,0,P030,2,399,798,0,0.0,798.0,79.8,847,2021,1,January,Tuesday,10.0,Rajeev Trivedi,Hyderabad    , Telangana     ,500001,34Rajeev@gmail.com,944295777,Nivea Body Lotion,Personal Care,399,,,,
2022-10-11,34,0,P027,2,699,1398,0,0.0,1398.0,139.8,1807,2022,4,October,Tuesday,10.0,Rajeev Trivedi,Hyderabad    , Telangana     ,500001,34Rajeev@gmail.com,944295777,L'Oreal Shampoo,Personal Care,699,,,,
2022-03-05,34,0,P019,2,5999,11998,0,0.0,11998.0,1199.8,2205,2022,1,March,Saturday,10.0,Rajeev Trivedi,Hyderabad    , Telangana     ,500001,34Rajeev@gmail.com,944295777,Titan Wrist Watch,Accessories,5999,,,,
2023-06-21,34,0,P015,2,8499,16998,0,0.0,16998.0,1699.8,2244,2023,2,June,Wednesday,10.0,Rajeev Trivedi,Hyderabad    , Telangana     ,500001,34Rajeev@gmail.com,944295777,Philips Air Fryer,Home Appliances,8499,,,,
2021-11-13,34,0,P030,2,399,798,0,0.0,798.0,79.8,3141,2021,4,November,Saturday,10.0,Rajeev Trivedi,Hyderabad    , Telangana     ,500001,34Rajeev@gmail.com,944295777,Nivea Body Lotion,Personal Care,399,,,,
2023-10-17,34,0,P020,2,12999,25998,0,0.0,25998.0,2599.8,3450,2023,4,October,Tuesday,10.0,Rajeev Trivedi,Hyderabad    , Telangana     ,500001,34Rajeev@gmail.com,944295777,Fossil Smartwatch,Accessories,12999,,,,
2022-01-21,34,0,P009,2,3499,6998,0,0.0,6998.0,699.8,3483,2022,1,January,Friday,10.0,Rajeev Trivedi,Hyderabad    , Telangana     ,500001,34Rajeev@gmail.com,944295777,Levi's Denim Jeans,Clothing,3499,,,,
2022-01-02,34,0,P002,1,69999,69999,0,0.0,69999.0,6999.9,3,2022,1,January,Sunday,10.0,Rajeev Trivedi,Hyderabad    , Telangana     ,500001,34Rajeev@gmail.com,944295777,Samsung Galaxy S21,Electronics,69999,,,,
2023-10-26,34,0,P005,1,92499,92499,0,0.0,92499.0,9249.9,510,2023,4,October,Thursday,10.0,Rajeev Trivedi,Hyderabad    , Telangana     ,500001,34Rajeev@gmail.com,944295777,Apple MacBook Air,Electronics,92499,,,,
2022-06-22,34,0,P014,1,4999,4999,0,0.0,4999.0,499.9,516,2022,2,June,Wednesday,10.0,Rajeev Trivedi,Hyderabad    , Telangana     ,500001,34Rajeev@gmail.com,944295777,Bajaj Mixer Grinder,Home Appliances,4999,,,,
2020-01-11,34,0,P012,1,2999,2999,0,0.0,2999.0,299.9,612,2020,1,January,Saturday,10.0,Rajeev Trivedi,Hyderabad    , Telangana     ,500001,34Rajeev@gmail.com,944295777,FabIndia Kurta,Clothing,2999,,,,
2020-08-09,34,0,P023,1,1499,1499,0,0.0,1499.0,149.9,669,2020,3,August,Sunday,10.0,Rajeev Trivedi,Hyderabad    , Telangana     ,500001,34Rajeev@gmail.com,944295777,Milton Thermos Flask,Kitchenware,1499,,,,
2022-02-07,34,0,P015,1,8499,8499,0,0.0,8499.0,849.9,935,2022,1,February,Monday,10.0,Rajeev Trivedi,Hyderabad    , Telangana     ,500001,34Rajeev@gmail.com,944295777,Philips Air Fryer,Home Appliances,8499,,,,
2020-12-08,34,0,P009,1,3499,3499,0,0.0,3499.0,349.9,973,2020,4,December,Tuesday,10.0,Rajeev Trivedi,Hyderabad    , Telangana     ,500001,34Rajeev@gmail.com,944295777,Levi's Denim Jeans,Clothing,3499,,,,
2021-06-24,34,0,P017,1,10499,10499,0,0.0,10499.0,1049.9,1032,2021,2,June,Thursday,10.0,Rajeev Trivedi,Hyderabad    , Telangana     ,500001,34Rajeev@gmail.com,944295777,IFB Microwave Oven,Home Appliances,10499,,,,
2021-01-12,34,0,P017,1,10499,10499,0,0.0,10499.0,1049.9,1053,2021,1,January,Tuesday,10.0,Rajeev Trivedi,Hyderabad    , Telangana     ,500001,34Rajeev@gmail.com,944295777,IFB Microwave Oven,Home Appliances,10499,,,,
2021-07-27,34,0,P023,1,1499,1499,0,0.0,1499.0,149.9,1164,2021,3,July,Tuesday,10.0,Rajeev Trivedi,Hyderabad    , Telangana     ,500001,34Rajeev@gmail.com,944295777,Milton Thermos Flask,Kitchenware,1499,,,,
2022-09-16,34,0,P016,1,24999,24999,0,0.0,24999.0,2499.9,1651,2022,3,September,Friday,10.0,Rajeev Trivedi,Hyderabad    , Telangana     ,500001,34Rajeev@gmail.com,944295777,LG Washing Machine,Home Appliances,24999,,,,
2021-10-04,34,0,P009,1,3499,3499,0,0.0,3499.0,349.9,1799,2021,4,October,Monday,10.0,Rajeev Trivedi,Hyderabad    , Telangana     ,500001,34Rajeev@gmail.com,944295777,Levi's Denim Jeans,Clothing,3499,,,,
2021-09-13,34,0,P005,1,92499,92499,0,0.0,92499.0,9249.9,1951,2021,3,September,Monday,10.0,Rajeev Trivedi,Hyderabad    , Telangana     ,500001,34Rajeev@gmail.com,944295777,Apple MacBook Air,Electronics,92499,,,,
2021-11-25,34,0,P011,1,1499,1499,0,0.0,1499.0,149.9,2454,2021,4,November,Thursday,10.0,Rajeev Trivedi,Hyderabad    , Telangana     ,500001,34Rajeev@gmail.com,944295777,H&M T-Shirt,Clothing,1499,,,,
2022-08-10,34,0,P008,1,5499,5499,0,0.0,5499.0,549.9,2535,2022,3,August,Wednesday,10.0,Rajeev Trivedi,Hyderabad    , Telangana     ,500001,34Rajeev@gmail.com,944295777,Puma Sports Shoes,Footwear,5499,,,,
2021-11-26,34,0,P016,1,24999,24999,0,0.0,24999.0,2499.9,2538,2021,4,November,Friday,10.0,Rajeev Trivedi,Hyderabad    , Telangana     ,500001,34Rajeev@gmail.com,944295777,LG Washing Machine,Home Appliances,24999,,,,
2023-12-12,34,0,P017,1,10499,10499,0,0.0,10499.0,1049.9,2642,2023,4,December,Tuesday,10.0,Rajeev Trivedi,Hyderabad    , Telangana     ,500001,34Rajeev@gmail.com,944295777,IFB Microwave Oven,Home Appliances,10499,,,,
2020-10-07,34,0,P008,1,5499,5499,0,0.0,5499.0,549.9,2699,2020,4,October,Wednesday,10.0,Rajeev Trivedi,Hyderabad    , Telangana     ,500001,34Rajeev@gmail.com,944295777,Puma Sports Shoes,Footwear,5499,,,,
2020-08-30,34,0,P016,1,24999,24999,0,0.0,24999.0,2499.9,2822,2020,3,August,Sunday,10.0,Rajeev Trivedi,Hyderabad    , Telangana     ,500001,34Rajeev@gmail.com,944295777,LG Washing Machine,Home Appliances,24999,,,,
2021-10-11,34,0,P010,1,2199,2199,0,0.0,2199.0,219.9,2890,2021,4,October,Monday,10.0,Rajeev Trivedi,Hyderabad    , Telangana     ,500001,34Rajeev@gmail.com,944295777,Zara Casual Shirt,Clothing,2199,,,,
2020-01-07,34,0,P007,1,6999,6999,0,0.0,6999.0,699.9,3304,2020,1,January,Tuesday,10.0,Rajeev Trivedi,Hyderabad    , Telangana     ,500001,34Rajeev@gmail.com,944295777,Adidas Sneakers,Footwear,6999,,,,
2020-12-01,34,0,P020,1,12999,12999,0,0.0,12999.0,1299.9,3428,2020,4,December,Tuesday,10.0,Rajeev Trivedi,Hyderabad    , Telangana     ,500001,34Rajeev@gmail.com,944295777,Fossil Smartwatch,Accessories,12999,,,,
2021-05-26,34,PR001,P030,2,399,798,20,159.6,638.4,63.84,954,2021,2,May,Wednesday,10.0,Rajeev Trivedi,Hyderabad    , Telangana     ,500001,34Rajeev@gmail.com,944295777,Nivea Body Lotion,Personal Care,399,Summer Sale,Email,SUMMER21,20% off
2023-05-14,34,PR001,P021,2,1299,2598,20,519.6,2078.4,207.84,1009,2023,2,May,Sunday,10.0,Rajeev Trivedi,Hyderabad    , Telangana     ,500001,34Rajeev@gmail.com,944295777,Tupperware Lunch Box,Kitchenware,1299,Summer Sale,Email,SUMMER21,20% off
2021-05-09,34,PR001,P007,2,6999,13998,20,2799.6,11198.4,1119.84,2023,2021,2,May,Sunday,10.0,Rajeev Trivedi,Hyderabad    , Telangana     ,500001,34Rajeev@gmail.com,944295777,Adidas Sneakers,Footwear,6999,Summer Sale,Email,SUMMER21,20% off
2023-04-03,34,PR001,P025,2,8999,17998,20,3599.6,14398.4,1439.84,2070,2023,2,April,Monday,10.0,Rajeev Trivedi,Hyderabad    , Telangana     ,500001,34Rajeev@gmail.com,944295777,American Tourister Suitcase,Bags,8999,Summer Sale,Email,SUMMER21,20% off
2021-05-16,34,PR001,P030,3,399,1197,20,239.4,957.6,95.76,592,2021,2,May,Sunday,10.0,Rajeev Trivedi,Hyderabad    , Telangana     ,500001,34Rajeev@gmail.com,944295777,Nivea Body Lotion,Personal Care,399,Summer Sale,Email,SUMMER21,20% off
2022-04-05,34,PR001,P022,3,1999,5997,20,1199.4,4797.6,479.76,2254,2022,2,April,Tuesday,10.0,Rajeev Trivedi,Hyderabad    , Telangana     ,500001,34Rajeev@gmail.com,944295777,Borosil Glass Set,Kitchenware,1999,Summer Sale,Email,SUMMER21,20% off
2021-05-28,34,PR001,P009,1,3499,3499,20,699.8,2799.2,279.92,416,2021,2,May,Friday,10.0,Rajeev Trivedi,Hyderabad    , Telangana     ,500001,34Rajeev@gmail.com,944295777,Levi's Denim Jeans,Clothing,3499,Summer Sale,Email,SUMMER21,20% off
2022-04-30,34,PR001,P020,1,12999,12999,20,2599.8,10399.2,1039.92,942,2022,2,April,Saturday,10.0,Rajeev Trivedi,Hyderabad    , Telangana     ,500001,34Rajeev@gmail.com,944295777,Fossil Smartwatch,Accessories,12999,Summer Sale,Email,SUMMER21,20% off
2021-04-19,34,PR001,P024,1,2799,2799,20,559.8,2239.2,223.92,2534,2021,2,April,Monday,10.0,Rajeev Trivedi,Hyderabad    , Telangana     ,500001,34Rajeev@gmail.com,944295777,Puma Backpack,Bags,2799,Summer Sale,Email,SUMMER21,20% off
2022-05-03,34,PR001,P011,1,1499,1499,20,299.8,1199.2,119.92,3043,2022,2,May,Tuesday,10.0,Rajeev Trivedi,Hyderabad    , Telangana     ,500001,34Rajeev@gmail.com,944295777,H&M T-Shirt,Clothing,1499,Summer Sale,Email,SUMMER21,20% off
2023-07-08,34,PR004,P003,1,89999,89999,50,44999.5,44999.5,4499.95,1832,2023,3,July,Saturday,10.0,Rajeev Trivedi,Hyderabad    , Telangana     ,500001,34Rajeev@gmail.com,944295777,"Sony Bravia 55"" TV",Electronics,89999,Weekend Flash Sale,Mobile Push,FLASH50,50% off
2021-03-26,35,0,P024,2,2799,5598,0,0.0,5598.0,559.8,1667,2021,1,March,Friday,10.0,Rhea Bakshi,Kanpur       , Uttar Pradesh ,208001,35Rhea@gmail.com,894888357,Puma Backpack,Bags,2799,,,,
2021-03-30,35,0,P009,3,3499,10497,0,0.0,10497.0,1049.7,601,2021,1,March,Tuesday,10.0,Rhea Bakshi,Kanpur       , Uttar Pradesh ,208001,35Rhea@gmail.com,894888357,Levi's Denim Jeans,Clothing,3499,,,,
2022-10-23,35,0,P005,3,92499,277497,0,0.0,277497.0,27749.7,1015,2022,4,October,Sunday,10.0,Rhea Bakshi,Kanpur       , Uttar Pradesh ,208001,35Rhea@gmail.com,894888357,Apple MacBook Air,Electronics,92499,,,,
2023-01-17,35,0,P004,3,64999,194997,0,0.0,194997.0,19499.7,1202,2023,1,January,Tuesday,10.0,Rhea Bakshi,Kanpur       , Uttar Pradesh ,208001,35Rhea@gmail.com,894888357,HP Pavilion Laptop,Electronics,64999,,,,
2023-07-19,35,0,P014,3,4999,14997,0,0.0,14997.0,1499.7,1483,2023,3,July,Wednesday,10.0,Rhea Bakshi,Kanpur       , Uttar Pradesh ,208001,35Rhea@gmail.com,894888357,Bajaj Mixer Grinder,Home Appliances,4999,,,,
2022-10-15,35,0,P029,3,99,297,0,0.0,297.0,29.7,1513,2022,4,October,Saturday,10.0,Rhea Bakshi,Kanpur       , Uttar Pradesh ,208001,35Rhea@gmail.com,894888357,Colgate Toothpaste,Personal Care,99,,,,
2022-02-16,35,0,P017,3,10499,31497,0,0.0,31497.0,3149.7,1658,2022,1,February,Wednesday,10.0,Rhea Bakshi,Kanpur       , Uttar Pradesh ,208001,35Rhea@gmail.com,894888357,IFB Microwave Oven,Home Appliances,10499,,,,
2020-10-16,35,0,P005,3,92499,277497,0,0.0,277497.0,27749.7,1796,2020,4,October,Friday,10.0,Rhea Bakshi,Kanpur       , Uttar Pradesh ,208001,35Rhea@gmail.com,894888357,Apple MacBook Air,Electronics,92499,,,,
2023-02-02,35,0,P014,3,4999,14997,0,0.0,14997.0,1499.7,2047,2023,1,February,Thursday,10.0,Rhea Bakshi,Kanpur       , Uttar Pradesh ,208001,35Rhea@gmail.com,894888357,Bajaj Mixer Grinder,Home Appliances,4999,,,,
2023-02-19,35,0,P002,3,69999,209997,0,0.0,209997.0,20999.7,2262,2023,1,February,Sunday,10.0,Rhea Bakshi,Kanpur       , Uttar Pradesh ,208001,35Rhea@gmail.com,894888357,Samsung Galaxy S21,Electronics,69999,,,,
2023-09-11,35,0,P007,3,6999,20997,0,0.0,20997.0,2099.7,2426,2023,3,September,Monday,10.0,Rhea Bakshi,Kanpur       , Uttar Pradesh ,208001,35Rhea@gmail.com,894888357,Adidas Sneakers,Footwear,6999,,,,
2022-12-09,35,0,P014,3,4999,14997,0,0.0,14997.0,1499.7,2551,2022,4,December,Friday,10.0,Rhea Bakshi,Kanpur       , Uttar Pradesh ,208001,35Rhea@gmail.com,894888357,Bajaj Mixer Grinder,Home Appliances,4999,,,,
2021-01-13,35,0,P001,3,79999,239997,0,0.0,239997.0,23999.7,2723,2021,1,January,Wednesday,10.0,Rhea Bakshi,Kanpur       , Uttar Pradesh ,208001,35Rhea@gmail.com,894888357,Apple iPhone 14,Electronics,79999,,,,
2022-02-13,35,0,P001,3,79999,239997,0,0.0,239997.0,23999.7,2763,2022,1,February,Sunday,10.0,Rhea Bakshi,Kanpur       , Uttar Pradesh ,208001,35Rhea@gmail.com,894888357,Apple iPhone 14,Electronics,79999,,,,
2023-09-02,35,0,P022,3,1999,5997,0,0.0,5997.0,599.7,2770,2023,3,September,Saturday,10.0,Rhea Bakshi,Kanpur       , Uttar Pradesh ,208001,35Rhea@gmail.com,894888357,Borosil Glass Set,Kitchenware,1999,,,,
2023-03-03,35,0,P006,3,7499,22497,0,0.0,22497.0,2249.7,2784,2023,1,March,Friday,10.0,Rhea Bakshi,Kanpur       , Uttar Pradesh ,208001,35Rhea@gmail.com,894888357,Nike Running Shoes,Footwear,7499,,,,
2022-02-04,35,0,P022,3,1999,5997,0,0.0,5997.0,599.7,2810,2022,1,February,Friday,10.0,Rhea Bakshi,Kanpur       , Uttar Pradesh ,208001,35Rhea@gmail.com,894888357,Borosil Glass Set,Kitchenware,1999,,,,
2020-03-23,35,0,P012,3,2999,8997,0,0.0,8997.0,899.7,2882,2020,1,March,Monday,10.0,Rhea Bakshi,Kanpur       , Uttar Pradesh ,208001,35Rhea@gmail.com,894888357,FabIndia Kurta,Clothing,2999,,,,
2020-09-13,35,0,P028,3,349,1047,0,0.0,1047.0,104.7,3075,2020,3,September,Sunday,10.0,Rhea Bakshi,Kanpur       , Uttar Pradesh ,208001,35Rhea@gmail.com,894888357,Dove Soap Pack,Personal Care,349,,,,
2022-03-22,35,0,P006,3,7499,22497,0,0.0,22497.0,2249.7,3317,2022,1,March,Tuesday,10.0,Rhea Bakshi,Kanpur       , Uttar Pradesh ,208001,35Rhea@gmail.com,894888357,Nike Running Shoes,Footwear,7499,,,,
2022-12-23,35,0,P028,2,349,698,0,0.0,698.0,69.8,52,2022,4,December,Friday,10.0,Rhea Bakshi,Kanpur       , Uttar Pradesh ,208001,35Rhea@gmail.com,894888357,Dove Soap Pack,Personal Care,349,,,,
2022-09-20,35,0,P014,2,4999,9998,0,0.0,9998.0,999.8,362,2022,3,September,Tuesday,10.0,Rhea Bakshi,Kanpur       , Uttar Pradesh ,208001,35Rhea@gmail.com,894888357,Bajaj Mixer Grinder,Home Appliances,4999,,,,
2022-07-01,35,0,P028,2,349,698,0,0.0,698.0,69.8,654,2022,3,July,Friday,10.0,Rhea Bakshi,Kanpur       , Uttar Pradesh ,208001,35Rhea@gmail.com,894888357,Dove Soap Pack,Personal Care,349,,,,
2021-10-01,35,0,P013,2,15999,31998,0,0.0,31998.0,3199.8,1025,2021,4,October,Friday,10.0,Rhea Bakshi,Kanpur       , Uttar Pradesh ,208001,35Rhea@gmail.com,894888357,Raymond Suit,Clothing,15999,,,,
2021-02-08,35,0,P015,2,8499,16998,0,0.0,16998.0,1699.8,1111,2021,1,February,Monday,10.0,Rhea Bakshi,Kanpur       , Uttar Pradesh ,208001,35Rhea@gmail.com,894888357,Philips Air Fryer,Home Appliances,8499,,,,
2021-01-24,35,0,P015,2,8499,16998,0,0.0,16998.0,1699.8,1266,2021,1,January,Sunday,10.0,Rhea Bakshi,Kanpur       , Uttar Pradesh ,208001,35Rhea@gmail.com,894888357,Philips Air Fryer,Home Appliances,8499,,,,
2022-06-21,35,0,P020,2,12999,25998,0,0.0,25998.0,2599.8,1302,2022,2,June,Tuesday,10.0,Rhea Bakshi,Kanpur       , Uttar Pradesh ,208001,35Rhea@gmail.com,894888357,Fossil Smartwatch,Accessories,12999,,,,
2020-12-18,35,0,P023,2,1499,2998,0,0.0,2998.0,299.8,1353,2020,4,December,Friday,10.0,Rhea Bakshi,Kanpur       , Uttar Pradesh ,208001,35Rhea@gmail.com,894888357,Milton Thermos Flask,Kitchenware,1499,,,,
2020-12-06,35,0,P016,2,24999,49998,0,0.0,49998.0,4999.8,1363,2020,4,December,Sunday,10.0,Rhea Bakshi,Kanpur       , Uttar Pradesh ,208001,35Rhea@gmail.com,894888357,LG Washing Machine,Home Appliances,24999,,,,
2021-12-28,35,0,P006,2,7499,14998,0,0.0,14998.0,1499.8,1631,2021,4,December,Tuesday,10.0,Rhea Bakshi,Kanpur       , Uttar Pradesh ,208001,35Rhea@gmail.com,894888357,Nike Running Shoes,Footwear,7499,,,,
2021-06-08,35,0,P011,3,1499,4497,0,0.0,4497.0,449.7,488,2021,2,June,Tuesday,10.0,Rhea Bakshi,Kanpur       , Uttar Pradesh ,208001,35Rhea@gmail.com,894888357,H&M T-Shirt,Clothing,1499,,,,
2022-06-08,35,0,P022,2,1999,3998,0,0.0,3998.0,399.8,1714,2022,2,June,Wednesday,10.0,Rhea Bakshi,Kanpur       , Uttar Pradesh ,208001,35Rhea@gmail.com,894888357,Borosil Glass Set,Kitchenware,1999,,,,
2021-07-21,35,0,P023,2,1499,2998,0,0.0,2998.0,299.8,1785,2021,3,July,Wednesday,10.0,Rhea Bakshi,Kanpur       , Uttar Pradesh ,208001,35Rhea@gmail.com,894888357,Milton Thermos Flask,Kitchenware,1499,,,,
2020-02-25,35,0,P013,2,15999,31998,0,0.0,31998.0,3199.8,1977,2020,1,February,Tuesday,10.0,Rhea Bakshi,Kanpur       , Uttar Pradesh ,208001,35Rhea@gmail.com,894888357,Raymond Suit,Clothing,15999,,,,
2021-11-12,35,0,P027,2,699,1398,0,0.0,1398.0,139.8,2048,2021,4,November,Friday,10.0,Rhea Bakshi,Kanpur       , Uttar Pradesh ,208001,35Rhea@gmail.com,894888357,L'Oreal Shampoo,Personal Care,699,,,,
2023-11-13,35,0,P030,2,399,798,0,0.0,798.0,79.8,2131,2023,4,November,Monday,10.0,Rhea Bakshi,Kanpur       , Uttar Pradesh ,208001,35Rhea@gmail.com,894888357,Nivea Body Lotion,Personal Care,399,,,,
2020-09-03,35,0,P003,2,89999,179998,0,0.0,179998.0,17999.8,2468,2020,3,September,Thursday,10.0,Rhea Bakshi,Kanpur       , Uttar Pradesh ,208001,35Rhea@gmail.com,894888357,"Sony Bravia 55"" TV",Electronics,89999,,,,
2023-09-29,35,0,P009,2,3499,6998,0,0.0,6998.0,699.8,2638,2023,3,September,Friday,10.0,Rhea Bakshi,Kanpur       , Uttar Pradesh ,208001,35Rhea@gmail.com,894888357,Levi's Denim Jeans,Clothing,3499,,,,
2023-03-13,35,0,P011,2,1499,2998,0,0.0,2998.0,299.8,2640,2023,1,March,Monday,10.0,Rhea Bakshi,Kanpur       , Uttar Pradesh ,208001,35Rhea@gmail.com,894888357,H&M T-Shirt,Clothing,1499,,,,
2020-11-17,35,0,P029,2,99,198,0,0.0,198.0,19.8,2866,2020,4,November,Tuesday,10.0,Rhea Bakshi,Kanpur       , Uttar Pradesh ,208001,35Rhea@gmail.com,894888357,Colgate Toothpaste,Personal Care,99,,,,
2022-02-23,35,0,P011,2,1499,2998,0,0.0,2998.0,299.8,2928,2022,1,February,Wednesday,10.0,Rhea Bakshi,Kanpur       , Uttar Pradesh ,208001,35Rhea@gmail.com,894888357,H&M T-Shirt,Clothing,1499,,,,
2020-03-18,35,0,P013,2,15999,31998,0,0.0,31998.0,3199.8,2965,2020,1,March,Wednesday,10.0,Rhea Bakshi,Kanpur       , Uttar Pradesh ,208001,35Rhea@gmail.com,894888357,Raymond Suit,Clothing,15999,,,,
2020-09-19,35,0,P015,2,8499,16998,0,0.0,16998.0,1699.8,3235,2020,3,September,Saturday,10.0,Rhea Bakshi,Kanpur       , Uttar Pradesh ,208001,35Rhea@gmail.com,894888357,Philips Air Fryer,Home Appliances,8499,,,,
2023-08-20,35,0,P009,2,3499,6998,0,0.0,6998.0,699.8,3342,2023,3,August,Sunday,10.0,Rhea Bakshi,Kanpur       , Uttar Pradesh ,208001,35Rhea@gmail.com,894888357,Levi's Denim Jeans,Clothing,3499,,,,
2020-03-18,35,0,P026,2,5499,10998,0,0.0,10998.0,1099.8,2823,2020,1,March,Wednesday,10.0,Rhea Bakshi,Kanpur       , Uttar Pradesh ,208001,35Rhea@gmail.com,894888357,Wildcraft Hiking Bag,Bags,5499,,,,
2023-10-02,35,0,P028,1,349,349,0,0.0,349.0,34.9,69,2023,4,October,Monday,10.0,Rhea Bakshi,Kanpur       , Uttar Pradesh ,208001,35Rhea@gmail.com,894888357,Dove Soap Pack,Personal Care,349,,,,
2022-03-22,35,0,P024,1,2799,2799,0,0.0,2799.0,279.9,80,2022,1,March,Tuesday,10.0,Rhea Bakshi,Kanpur       , Uttar Pradesh ,208001,35Rhea@gmail.com,894888357,Puma Backpack,Bags,2799,,,,
2021-06-22,35,0,P007,1,6999,6999,0,0.0,6999.0,699.9,144,2021,2,June,Tuesday,10.0,Rhea Bakshi,Kanpur       , Uttar Pradesh ,208001,35Rhea@gmail.com,894888357,Adidas Sneakers,Footwear,6999,,,,
2020-09-27,35,0,P018,1,2299,2299,0,0.0,2299.0,229.9,259,2020,3,September,Sunday,10.0,Rhea Bakshi,Kanpur       , Uttar Pradesh ,208001,35Rhea@gmail.com,894888357,Prestige Pressure Cooker,Home Appliances,2299,,,,
2023-03-24,35,0,P026,1,5499,5499,0,0.0,5499.0,549.9,440,2023,1,March,Friday,10.0,Rhea Bakshi,Kanpur       , Uttar Pradesh ,208001,35Rhea@gmail.com,894888357,Wildcraft Hiking Bag,Bags,5499,,,,
2020-03-15,35,0,P018,1,2299,2299,0,0.0,2299.0,229.9,479,2020,1,March,Sunday,10.0,Rhea Bakshi,Kanpur       , Uttar Pradesh ,208001,35Rhea@gmail.com,894888357,Prestige Pressure Cooker,Home Appliances,2299,,,,
2021-08-13,35,0,P006,1,7499,7499,0,0.0,7499.0,749.9,943,2021,3,August,Friday,10.0,Rhea Bakshi,Kanpur       , Uttar Pradesh ,208001,35Rhea@gmail.com,894888357,Nike Running Shoes,Footwear,7499,,,,
2022-11-04,35,0,P014,1,4999,4999,0,0.0,4999.0,499.9,966,2022,4,November,Friday,10.0,Rhea Bakshi,Kanpur       , Uttar Pradesh ,208001,35Rhea@gmail.com,894888357,Bajaj Mixer Grinder,Home Appliances,4999,,,,
2023-06-26,35,0,P015,1,8499,8499,0,0.0,8499.0,849.9,1056,2023,2,June,Monday,10.0,Rhea Bakshi,Kanpur       , Uttar Pradesh ,208001,35Rhea@gmail.com,894888357,Philips Air Fryer,Home Appliances,8499,,,,
2022-08-08,35,0,P025,1,8999,8999,0,0.0,8999.0,899.9,1153,2022,3,August,Monday,10.0,Rhea Bakshi,Kanpur       , Uttar Pradesh ,208001,35Rhea@gmail.com,894888357,American Tourister Suitcase,Bags,8999,,,,
2020-01-23,35,0,P005,1,92499,92499,0,0.0,92499.0,9249.9,1176,2020,1,January,Thursday,10.0,Rhea Bakshi,Kanpur       , Uttar Pradesh ,208001,35Rhea@gmail.com,894888357,Apple MacBook Air,Electronics,92499,,,,
2020-08-23,35,0,P014,1,4999,4999,0,0.0,4999.0,499.9,1296,2020,3,August,Sunday,10.0,Rhea Bakshi,Kanpur       , Uttar Pradesh ,208001,35Rhea@gmail.com,894888357,Bajaj Mixer Grinder,Home Appliances,4999,,,,
2021-01-10,35,0,P024,1,2799,2799,0,0.0,2799.0,279.9,1565,2021,1,January,Sunday,10.0,Rhea Bakshi,Kanpur       , Uttar Pradesh ,208001,35Rhea@gmail.com,894888357,Puma Backpack,Bags,2799,,,,
2020-03-19,35,0,P008,1,5499,5499,0,0.0,5499.0,549.9,1595,2020,1,March,Thursday,10.0,Rhea Bakshi,Kanpur       , Uttar Pradesh ,208001,35Rhea@gmail.com,894888357,Puma Sports Shoes,Footwear,5499,,,,
2021-02-17,35,0,P020,1,12999,12999,0,0.0,12999.0,1299.9,1627,2021,1,February,Wednesday,10.0,Rhea Bakshi,Kanpur       , Uttar Pradesh ,208001,35Rhea@gmail.com,894888357,Fossil Smartwatch,Accessories,12999,,,,
2023-07-06,35,0,P021,1,1299,1299,0,0.0,1299.0,129.9,1890,2023,3,July,Thursday,10.0,Rhea Bakshi,Kanpur       , Uttar Pradesh ,208001,35Rhea@gmail.com,894888357,Tupperware Lunch Box,Kitchenware,1299,,,,
2020-05-13,35,PR001,P002,2,69999,139998,20,27999.6,111998.4,11199.84,1152,2020,2,May,Wednesday,10.0,Rhea Bakshi,Kanpur       , Uttar Pradesh ,208001,35Rhea@gmail.com,894888357,Samsung Galaxy S21,Electronics,69999,Summer Sale,Email,SUMMER21,20% off
2020-07-25,35,PR004,P016,3,24999,74997,50,37498.5,37498.5,3749.85,2450,2020,3,July,Saturday,10.0,Rhea Bakshi,Kanpur       , Uttar Pradesh ,208001,35Rhea@gmail.com,894888357,LG Washing Machine,Home Appliances,24999,Weekend Flash Sale,Mobile Push,FLASH50,50% off
2023-07-15,35,PR004,P005,2,92499,184998,50,92499.0,92499.0,9249.9,3356,2023,3,July,Saturday,10.0,Rhea Bakshi,Kanpur       , Uttar Pradesh ,208001,35Rhea@gmail.com,894888357,Apple MacBook Air,Electronics,92499,Weekend Flash Sale,Mobile Push,FLASH50,50% off
2020-07-25,35,PR004,P026,1,5499,5499,50,2749.5,2749.5,274.95,3381,2020,3,July,Saturday,10.0,Rhea Bakshi,Kanpur       , Uttar Pradesh ,208001,35Rhea@gmail.com,894888357,Wildcraft Hiking Bag,Bags,5499,Weekend Flash Sale,Mobile Push,FLASH50,50% off
2022-07-09,35,PR004,P009,2,3499,6998,50,3499.0,3499.0,349.9,3386,2022,3,July,Saturday,10.0,Rhea Bakshi,Kanpur       , Uttar Pradesh ,208001,35Rhea@gmail.com,894888357,Levi's Denim Jeans,Clothing,3499,Weekend Flash Sale,Mobile Push,FLASH50,50% off
2023-12-22,35,PR005,P018,2,2299,4598,70,3218.6,1379.4,137.94,1209,2023,4,December,Friday,10.0,Rhea Bakshi,Kanpur       , Uttar Pradesh ,208001,35Rhea@gmail.com,894888357,Prestige Pressure Cooker,Home Appliances,2299,Clearance Sale,In-App,CLEARANCE23,70% off
2023-03-14,35,0,P012,1,2999,2999,0,0.0,2999.0,299.9,2883,2023,1,March,Tuesday,10.0,Rhea Bakshi,Kanpur       , Uttar Pradesh ,208001,35Rhea@gmail.com,894888357,FabIndia Kurta,Clothing,2999,,,,
2022-07-29,35,0,P022,1,1999,1999,0,0.0,1999.0,199.9,2020,2022,3,July,Friday,10.0,Rhea Bakshi,Kanpur       , Uttar Pradesh ,208001,35Rhea@gmail.com,894888357,Borosil Glass Set,Kitchenware,1999,,,,
2023-06-09,35,0,P025,1,8999,8999,0,0.0,8999.0,899.9,3439,2023,2,June,Friday,10.0,Rhea Bakshi,Kanpur       , Uttar Pradesh ,208001,35Rhea@gmail.com,894888357,American Tourister Suitcase,Bags,8999,,,,
2023-12-13,35,0,P017,1,10499,10499,0,0.0,10499.0,1049.9,2363,2023,4,December,Wednesday,10.0,Rhea Bakshi,Kanpur       , Uttar Pradesh ,208001,35Rhea@gmail.com,894888357,IFB Microwave Oven,Home Appliances,10499,,,,
2021-04-30,35,PR001,P022,2,1999,3998,20,799.6,3198.4,319.84,711,2021,2,April,Friday,10.0,Rhea Bakshi,Kanpur       , Uttar Pradesh ,208001,35Rhea@gmail.com,894888357,Borosil Glass Set,Kitchenware,1999,Summer Sale,Email,SUMMER21,20% off
2023-07-08,35,PR004,P007,3,6999,20997,50,10498.5,10498.5,1049.85,315,2023,3,July,Saturday,10.0,Rhea Bakshi,Kanpur       , Uttar Pradesh ,208001,35Rhea@gmail.com,894888357,Adidas Sneakers,Footwear,6999,Weekend Flash Sale,Mobile Push,FLASH50,50% off
2020-05-25,35,PR001,P028,2,349,698,20,139.6,558.4,55.84,1496,2020,2,May,Monday,10.0,Rhea Bakshi,Kanpur       , Uttar Pradesh ,208001,35Rhea@gmail.com,894888357,Dove Soap Pack,Personal Care,349,Summer Sale,Email,SUMMER21,20% off
2023-05-24,35,PR001,P030,2,399,798,20,159.6,638.4,63.84,1578,2023,2,May,Wednesday,10.0,Rhea Bakshi,Kanpur       , Uttar Pradesh ,208001,35Rhea@gmail.com,894888357,Nivea Body Lotion,Personal Care,399,Summer Sale,Email,SUMMER21,20% off
2023-04-19,35,PR001,P017,3,10499,31497,20,6299.4,25197.6,2519.76,548,2023,2,April,Wednesday,10.000000000000002,Rhea Bakshi,Kanpur       , Uttar Pradesh ,208001,35Rhea@gmail.com,894888357,IFB Microwave Oven,Home Appliances,10499,Summer Sale,Email,SUMMER21,20% off
2022-11-23,35,0,P008,1,5499,5499,0,0.0,5499.0,549.9,1955,2022,4,November,Wednesday,10.0,Rhea Bakshi,Kanpur       , Uttar Pradesh ,208001,35Rhea@gmail.com,894888357,Puma Sports Shoes,Footwear,5499,,,,
2022-04-15,35,PR001,P021,3,1299,3897,20,779.4,3117.6,311.76,1341,2022,2,April,Friday,10.0,Rhea Bakshi,Kanpur       , Uttar Pradesh ,208001,35Rhea@gmail.com,894888357,Tupperware Lunch Box,Kitchenware,1299,Summer Sale,Email,SUMMER21,20% off
2020-04-29,35,PR001,P018,3,2299,6897,20,1379.4,5517.6,551.76,3315,2020,2,April,Wednesday,10.0,Rhea Bakshi,Kanpur       , Uttar Pradesh ,208001,35Rhea@gmail.com,894888357,Prestige Pressure Cooker,Home Appliances,2299,Summer Sale,Email,SUMMER21,20% off
2023-05-23,35,PR001,P018,3,2299,6897,20,1379.4,5517.6,551.76,3425,2023,2,May,Tuesday,10.0,Rhea Bakshi,Kanpur       , Uttar Pradesh ,208001,35Rhea@gmail.com,894888357,Prestige Pressure Cooker,Home Appliances,2299,Summer Sale,Email,SUMMER21,20% off
2023-05-26,35,PR001,P020,1,12999,12999,20,2599.8,10399.2,1039.92,473,2023,2,May,Friday,10.0,Rhea Bakshi,Kanpur       , Uttar Pradesh ,208001,35Rhea@gmail.com,894888357,Fossil Smartwatch,Accessories,12999,Summer Sale,Email,SUMMER21,20% off
2022-05-19,35,PR001,P011,1,1499,1499,20,299.8,1199.2,119.92,3142,2022,2,May,Thursday,10.0,Rhea Bakshi,Kanpur       , Uttar Pradesh ,208001,35Rhea@gmail.com,894888357,H&M T-Shirt,Clothing,1499,Summer Sale,Email,SUMMER21,20% off
2020-07-05,35,PR004,P015,3,8499,25497,50,12748.5,12748.5,1274.85,292,2020,3,July,Sunday,10.0,Rhea Bakshi,Kanpur       , Uttar Pradesh ,208001,35Rhea@gmail.com,894888357,Philips Air Fryer,Home Appliances,8499,Weekend Flash Sale,Mobile Push,FLASH50,50% off
2021-12-29,36,0,P030,2,399,798,0,0.0,798.0,79.8,294,2021,4,December,Wednesday,10.0,Rishi Kulkarni,Visakhapatnam, Andhra Pradesh,530001,36Rishi@gmail.com,885980847,Nivea Body Lotion,Personal Care,399,,,,
2022-02-16,36,0,P012,2,2999,5998,0,0.0,5998.0,599.8,493,2022,1,February,Wednesday,10.0,Rishi Kulkarni,Visakhapatnam, Andhra Pradesh,530001,36Rishi@gmail.com,885980847,FabIndia Kurta,Clothing,2999,,,,
2023-03-13,36,0,P005,2,92499,184998,0,0.0,184998.0,18499.8,605,2023,1,March,Monday,10.0,Rishi Kulkarni,Visakhapatnam, Andhra Pradesh,530001,36Rishi@gmail.com,885980847,Apple MacBook Air,Electronics,92499,,,,
2021-08-14,36,0,P014,2,4999,9998,0,0.0,9998.0,999.8,770,2021,3,August,Saturday,10.0,Rishi Kulkarni,Visakhapatnam, Andhra Pradesh,530001,36Rishi@gmail.com,885980847,Bajaj Mixer Grinder,Home Appliances,4999,,,,
2023-09-02,36,0,P020,2,12999,25998,0,0.0,25998.0,2599.8,803,2023,3,September,Saturday,10.0,Rishi Kulkarni,Visakhapatnam, Andhra Pradesh,530001,36Rishi@gmail.com,885980847,Fossil Smartwatch,Accessories,12999,,,,
2020-01-19,36,0,P006,2,7499,14998,0,0.0,14998.0,1499.8,828,2020,1,January,Sunday,10.0,Rishi Kulkarni,Visakhapatnam, Andhra Pradesh,530001,36Rishi@gmail.com,885980847,Nike Running Shoes,Footwear,7499,,,,
2021-12-11,36,0,P007,2,6999,13998,0,0.0,13998.0,1399.8,1221,2021,4,December,Saturday,10.0,Rishi Kulkarni,Visakhapatnam, Andhra Pradesh,530001,36Rishi@gmail.com,885980847,Adidas Sneakers,Footwear,6999,,,,
2023-03-01,36,0,P020,2,12999,25998,0,0.0,25998.0,2599.8,1279,2023,1,March,Wednesday,10.0,Rishi Kulkarni,Visakhapatnam, Andhra Pradesh,530001,36Rishi@gmail.com,885980847,Fossil Smartwatch,Accessories,12999,,,,
2023-07-28,36,0,P010,2,2199,4398,0,0.0,4398.0,439.8,1569,2023,3,July,Friday,10.0,Rishi Kulkarni,Visakhapatnam, Andhra Pradesh,530001,36Rishi@gmail.com,885980847,Zara Casual Shirt,Clothing,2199,,,,
2021-09-28,36,0,P027,2,699,1398,0,0.0,1398.0,139.8,1693,2021,3,September,Tuesday,10.0,Rishi Kulkarni,Visakhapatnam, Andhra Pradesh,530001,36Rishi@gmail.com,885980847,L'Oreal Shampoo,Personal Care,699,,,,
2020-09-10,36,0,P012,2,2999,5998,0,0.0,5998.0,599.8,1869,2020,3,September,Thursday,10.0,Rishi Kulkarni,Visakhapatnam, Andhra Pradesh,530001,36Rishi@gmail.com,885980847,FabIndia Kurta,Clothing,2999,,,,
2021-12-10,36,0,P029,2,99,198,0,0.0,198.0,19.8,2166,2021,4,December,Friday,10.0,Rishi Kulkarni,Visakhapatnam, Andhra Pradesh,530001,36Rishi@gmail.com,885980847,Colgate Toothpaste,Personal Care,99,,,,
2023-08-28,36,0,P011,2,1499,2998,0,0.0,2998.0,299.8,2286,2023,3,August,Monday,10.0,Rishi Kulkarni,Visakhapatnam, Andhra Pradesh,530001,36Rishi@gmail.com,885980847,H&M T-Shirt,Clothing,1499,,,,
2023-06-06,36,0,P006,2,7499,14998,0,0.0,14998.0,1499.8,2479,2023,2,June,Tuesday,10.0,Rishi Kulkarni,Visakhapatnam, Andhra Pradesh,530001,36Rishi@gmail.com,885980847,Nike Running Shoes,Footwear,7499,,,,
2020-12-25,36,0,P001,2,79999,159998,0,0.0,159998.0,15999.8,2631,2020,4,December,Friday,10.0,Rishi Kulkarni,Visakhapatnam, Andhra Pradesh,530001,36Rishi@gmail.com,885980847,Apple iPhone 14,Electronics,79999,,,,
2020-11-22,36,0,P009,2,3499,6998,0,0.0,6998.0,699.8,2654,2020,4,November,Sunday,10.0,Rishi Kulkarni,Visakhapatnam, Andhra Pradesh,530001,36Rishi@gmail.com,885980847,Levi's Denim Jeans,Clothing,3499,,,,
2023-02-19,36,0,P013,2,15999,31998,0,0.0,31998.0,3199.8,3166,2023,1,February,Sunday,10.0,Rishi Kulkarni,Visakhapatnam, Andhra Pradesh,530001,36Rishi@gmail.com,885980847,Raymond Suit,Clothing,15999,,,,
2022-08-21,36,0,P027,2,699,1398,0,0.0,1398.0,139.8,3204,2022,3,August,Sunday,10.0,Rishi Kulkarni,Visakhapatnam, Andhra Pradesh,530001,36Rishi@gmail.com,885980847,L'Oreal Shampoo,Personal Care,699,,,,
2023-07-13,36,0,P001,2,79999,159998,0,0.0,159998.0,15999.8,3284,2023,3,July,Thursday,10.0,Rishi Kulkarni,Visakhapatnam, Andhra Pradesh,530001,36Rishi@gmail.com,885980847,Apple iPhone 14,Electronics,79999,,,,
2022-09-22,36,0,P016,2,24999,49998,0,0.0,49998.0,4999.8,3354,2022,3,September,Thursday,10.0,Rishi Kulkarni,Visakhapatnam, Andhra Pradesh,530001,36Rishi@gmail.com,885980847,LG Washing Machine,Home Appliances,24999,,,,
2020-09-17,36,0,P008,2,5499,10998,0,0.0,10998.0,1099.8,2141,2020,3,September,Thursday,10.0,Rishi Kulkarni,Visakhapatnam, Andhra Pradesh,530001,36Rishi@gmail.com,885980847,Puma Sports Shoes,Footwear,5499,,,,
2020-02-20,36,0,P022,1,1999,1999,0,0.0,1999.0,199.9,385,2020,1,February,Thursday,10.0,Rishi Kulkarni,Visakhapatnam, Andhra Pradesh,530001,36Rishi@gmail.com,885980847,Borosil Glass Set,Kitchenware,1999,,,,
2020-09-27,36,0,P013,1,15999,15999,0,0.0,15999.0,1599.9,495,2020,3,September,Sunday,10.0,Rishi Kulkarni,Visakhapatnam, Andhra Pradesh,530001,36Rishi@gmail.com,885980847,Raymond Suit,Clothing,15999,,,,
2023-01-17,36,0,P025,1,8999,8999,0,0.0,8999.0,899.9,756,2023,1,January,Tuesday,10.0,Rishi Kulkarni,Visakhapatnam, Andhra Pradesh,530001,36Rishi@gmail.com,885980847,American Tourister Suitcase,Bags,8999,,,,
2021-03-17,36,0,P027,1,699,699,0,0.0,699.0,69.9,815,2021,1,March,Wednesday,10.0,Rishi Kulkarni,Visakhapatnam, Andhra Pradesh,530001,36Rishi@gmail.com,885980847,L'Oreal Shampoo,Personal Care,699,,,,
2020-10-05,36,0,P021,1,1299,1299,0,0.0,1299.0,129.9,1050,2020,4,October,Monday,10.0,Rishi Kulkarni,Visakhapatnam, Andhra Pradesh,530001,36Rishi@gmail.com,885980847,Tupperware Lunch Box,Kitchenware,1299,,,,
2021-02-05,36,0,P010,1,2199,2199,0,0.0,2199.0,219.9,1456,2021,1,February,Friday,10.0,Rishi Kulkarni,Visakhapatnam, Andhra Pradesh,530001,36Rishi@gmail.com,885980847,Zara Casual Shirt,Clothing,2199,,,,
2020-02-07,36,0,P023,1,1499,1499,0,0.0,1499.0,149.9,1677,2020,1,February,Friday,10.0,Rishi Kulkarni,Visakhapatnam, Andhra Pradesh,530001,36Rishi@gmail.com,885980847,Milton Thermos Flask,Kitchenware,1499,,,,
2022-09-21,36,0,P019,1,5999,5999,0,0.0,5999.0,599.9,1815,2022,3,September,Wednesday,10.0,Rishi Kulkarni,Visakhapatnam, Andhra Pradesh,530001,36Rishi@gmail.com,885980847,Titan Wrist Watch,Accessories,5999,,,,
2022-02-26,36,0,P008,1,5499,5499,0,0.0,5499.0,549.9,1901,2022,1,February,Saturday,10.0,Rishi Kulkarni,Visakhapatnam, Andhra Pradesh,530001,36Rishi@gmail.com,885980847,Puma Sports Shoes,Footwear,5499,,,,
2022-08-14,36,0,P010,1,2199,2199,0,0.0,2199.0,219.9,2072,2022,3,August,Sunday,10.0,Rishi Kulkarni,Visakhapatnam, Andhra Pradesh,530001,36Rishi@gmail.com,885980847,Zara Casual Shirt,Clothing,2199,,,,
2020-10-31,36,0,P006,1,7499,7499,0,0.0,7499.0,749.9,2668,2020,4,October,Saturday,10.0,Rishi Kulkarni,Visakhapatnam, Andhra Pradesh,530001,36Rishi@gmail.com,885980847,Nike Running Shoes,Footwear,7499,,,,
2022-04-04,36,PR001,P020,2,12999,25998,20,5199.6,20798.4,2079.84,891,2022,2,April,Monday,10.0,Rishi Kulkarni,Visakhapatnam, Andhra Pradesh,530001,36Rishi@gmail.com,885980847,Fossil Smartwatch,Accessories,12999,Summer Sale,Email,SUMMER21,20% off
2023-04-30,36,PR001,P015,2,8499,16998,20,3399.6,13598.4,1359.84,3245,2023,2,April,Sunday,10.0,Rishi Kulkarni,Visakhapatnam, Andhra Pradesh,530001,36Rishi@gmail.com,885980847,Philips Air Fryer,Home Appliances,8499,Summer Sale,Email,SUMMER21,20% off
2021-05-22,36,PR001,P016,3,24999,74997,20,14999.4,59997.6,5999.76,283,2021,2,May,Saturday,10.0,Rishi Kulkarni,Visakhapatnam, Andhra Pradesh,530001,36Rishi@gmail.com,885980847,LG Washing Machine,Home Appliances,24999,Summer Sale,Email,SUMMER21,20% off
2020-04-23,36,PR001,P001,3,79999,239997,20,47999.4,191997.6,19199.76,523,2020,2,April,Thursday,10.0,Rishi Kulkarni,Visakhapatnam, Andhra Pradesh,530001,36Rishi@gmail.com,885980847,Apple iPhone 14,Electronics,79999,Summer Sale,Email,SUMMER21,20% off
2020-04-07,36,PR001,P027,3,699,2097,20,419.4,1677.6,167.76,1105,2020,2,April,Tuesday,10.0,Rishi Kulkarni,Visakhapatnam, Andhra Pradesh,530001,36Rishi@gmail.com,885980847,L'Oreal Shampoo,Personal Care,699,Summer Sale,Email,SUMMER21,20% off
2020-05-29,36,PR001,P008,3,5499,16497,20,3299.4,13197.6,1319.76,2105,2020,2,May,Friday,10.0,Rishi Kulkarni,Visakhapatnam, Andhra Pradesh,530001,36Rishi@gmail.com,885980847,Puma Sports Shoes,Footwear,5499,Summer Sale,Email,SUMMER21,20% off
2022-05-28,36,PR001,P018,3,2299,6897,20,1379.4,5517.6,551.76,2762,2022,2,May,Saturday,10.0,Rishi Kulkarni,Visakhapatnam, Andhra Pradesh,530001,36Rishi@gmail.com,885980847,Prestige Pressure Cooker,Home Appliances,2299,Summer Sale,Email,SUMMER21,20% off
2022-04-29,36,PR001,P026,3,5499,16497,20,3299.4,13197.6,1319.76,3426,2022,2,April,Friday,10.0,Rishi Kulkarni,Visakhapatnam, Andhra Pradesh,530001,36Rishi@gmail.com,885980847,Wildcraft Hiking Bag,Bags,5499,Summer Sale,Email,SUMMER21,20% off
2021-04-18,36,PR001,P029,1,99,99,20,19.8,79.2,7.92,1081,2021,2,April,Sunday,10.0,Rishi Kulkarni,Visakhapatnam, Andhra Pradesh,530001,36Rishi@gmail.com,885980847,Colgate Toothpaste,Personal Care,99,Summer Sale,Email,SUMMER21,20% off
2023-05-09,36,PR001,P003,1,89999,89999,20,17999.8,71999.2,7199.92,1242,2023,2,May,Tuesday,10.0,Rishi Kulkarni,Visakhapatnam, Andhra Pradesh,530001,36Rishi@gmail.com,885980847,"Sony Bravia 55"" TV",Electronics,89999,Summer Sale,Email,SUMMER21,20% off
2022-04-19,36,PR001,P007,1,6999,6999,20,1399.8,5599.2,559.92,2374,2022,2,April,Tuesday,10.0,Rishi Kulkarni,Visakhapatnam, Andhra Pradesh,530001,36Rishi@gmail.com,885980847,Adidas Sneakers,Footwear,6999,Summer Sale,Email,SUMMER21,20% off
2023-05-01,36,PR001,P029,1,99,99,20,19.8,79.2,7.92,2437,2023,2,May,Monday,10.0,Rishi Kulkarni,Visakhapatnam, Andhra Pradesh,530001,36Rishi@gmail.com,885980847,Colgate Toothpaste,Personal Care,99,Summer Sale,Email,SUMMER21,20% off
2021-04-15,36,PR001,P023,1,1499,1499,20,299.8,1199.2,119.92,2597,2021,2,April,Thursday,10.0,Rishi Kulkarni,Visakhapatnam, Andhra Pradesh,530001,36Rishi@gmail.com,885980847,Milton Thermos Flask,Kitchenware,1499,Summer Sale,Email,SUMMER21,20% off
2022-05-10,36,PR001,P028,1,349,349,20,69.8,279.2,27.92,3447,2022,2,May,Tuesday,10.0,Rishi Kulkarni,Visakhapatnam, Andhra Pradesh,530001,36Rishi@gmail.com,885980847,Dove Soap Pack,Personal Care,349,Summer Sale,Email,SUMMER21,20% off
2021-07-04,36,PR004,P008,3,5499,16497,50,8248.5,8248.5,824.85,2005,2021,3,July,Sunday,10.0,Rishi Kulkarni,Visakhapatnam, Andhra Pradesh,530001,36Rishi@gmail.com,885980847,Puma Sports Shoes,Footwear,5499,Weekend Flash Sale,Mobile Push,FLASH50,50% off
2022-07-17,36,PR004,P006,1,7499,7499,50,3749.5,3749.5,374.95,3359,2022,3,July,Sunday,10.0,Rishi Kulkarni,Visakhapatnam, Andhra Pradesh,530001,36Rishi@gmail.com,885980847,Nike Running Shoes,Footwear,7499,Weekend Flash Sale,Mobile Push,FLASH50,50% off
2023-12-30,36,PR005,P022,2,1999,3998,70,2798.6,1199.4,119.94,95,2023,4,December,Saturday,10.0,Rishi Kulkarni,Visakhapatnam, Andhra Pradesh,530001,36Rishi@gmail.com,885980847,Borosil Glass Set,Kitchenware,1999,Clearance Sale,In-App,CLEARANCE23,70% off
2023-12-29,36,PR005,P030,3,399,1197,70,837.9,359.1,35.91,243,2023,4,December,Friday,9.999999999999998,Rishi Kulkarni,Visakhapatnam, Andhra Pradesh,530001,36Rishi@gmail.com,885980847,Nivea Body Lotion,Personal Care,399,Clearance Sale,In-App,CLEARANCE23,70% off
2023-12-28,36,PR005,P010,1,2199,2199,70,1539.3,659.7,65.97,384,2023,4,December,Thursday,10.0,Rishi Kulkarni,Visakhapatnam, Andhra Pradesh,530001,36Rishi@gmail.com,885980847,Zara Casual Shirt,Clothing,2199,Clearance Sale,In-App,CLEARANCE23,70% off
2023-12-27,36,PR005,P029,3,99,297,70,207.9,89.1,8.91,426,2023,4,December,Wednesday,10.0,Rishi Kulkarni,Visakhapatnam, Andhra Pradesh,530001,36Rishi@gmail.com,885980847,Colgate Toothpaste,Personal Care,99,Clearance Sale,In-App,CLEARANCE23,70% off
2021-04-03,36,PR001,P023,1,1499,1499,20,299.8,1199.2,119.92,671,2021,2,April,Saturday,10.0,Rishi Kulkarni,Visakhapatnam, Andhra Pradesh,530001,36Rishi@gmail.com,885980847,Milton Thermos Flask,Kitchenware,1499,Summer Sale,Email,SUMMER21,20% off
2022-09-13,36,0,P023,3,1499,4497,0,0.0,4497.0,449.7,3181,2022,3,September,Tuesday,10.0,Rishi Kulkarni,Visakhapatnam, Andhra Pradesh,530001,36Rishi@gmail.com,885980847,Milton Thermos Flask,Kitchenware,1499,,,,
2023-02-27,36,0,P026,3,5499,16497,0,0.0,16497.0,1649.7,1245,2023,1,February,Monday,10.0,Rishi Kulkarni,Visakhapatnam, Andhra Pradesh,530001,36Rishi@gmail.com,885980847,Wildcraft Hiking Bag,Bags,5499,,,,
2020-10-04,36,0,P016,3,24999,74997,0,0.0,74997.0,7499.7,740,2020,4,October,Sunday,10.0,Rishi Kulkarni,Visakhapatnam, Andhra Pradesh,530001,36Rishi@gmail.com,885980847,LG Washing Machine,Home Appliances,24999,,,,
2021-12-08,36,0,P017,3,10499,31497,0,0.0,31497.0,3149.7,792,2021,4,December,Wednesday,10.0,Rishi Kulkarni,Visakhapatnam, Andhra Pradesh,530001,36Rishi@gmail.com,885980847,IFB Microwave Oven,Home Appliances,10499,,,,
2020-07-01,36,0,P009,3,3499,10497,0,0.0,10497.0,1049.7,905,2020,3,July,Wednesday,10.0,Rishi Kulkarni,Visakhapatnam, Andhra Pradesh,530001,36Rishi@gmail.com,885980847,Levi's Denim Jeans,Clothing,3499,,,,
2021-11-07,36,0,P029,3,99,297,0,0.0,297.0,29.7,1313,2021,4,November,Sunday,10.0,Rishi Kulkarni,Visakhapatnam, Andhra Pradesh,530001,36Rishi@gmail.com,885980847,Colgate Toothpaste,Personal Care,99,,,,
2022-11-18,36,0,P020,3,12999,38997,0,0.0,38997.0,3899.7,1440,2022,4,November,Friday,10.0,Rishi Kulkarni,Visakhapatnam, Andhra Pradesh,530001,36Rishi@gmail.com,885980847,Fossil Smartwatch,Accessories,12999,,,,
2020-06-24,36,0,P003,3,89999,269997,0,0.0,269997.0,26999.7,1538,2020,2,June,Wednesday,10.0,Rishi Kulkarni,Visakhapatnam, Andhra Pradesh,530001,36Rishi@gmail.com,885980847,"Sony Bravia 55"" TV",Electronics,89999,,,,
2023-07-20,36,0,P005,3,92499,277497,0,0.0,277497.0,27749.7,1755,2023,3,July,Thursday,10.0,Rishi Kulkarni,Visakhapatnam, Andhra Pradesh,530001,36Rishi@gmail.com,885980847,Apple MacBook Air,Electronics,92499,,,,
2023-03-08,36,0,P006,3,7499,22497,0,0.0,22497.0,2249.7,1817,2023,1,March,Wednesday,10.0,Rishi Kulkarni,Visakhapatnam, Andhra Pradesh,530001,36Rishi@gmail.com,885980847,Nike Running Shoes,Footwear,7499,,,,
2020-03-11,36,0,P013,3,15999,47997,0,0.0,47997.0,4799.7,1833,2020,1,March,Wednesday,10.0,Rishi Kulkarni,Visakhapatnam, Andhra Pradesh,530001,36Rishi@gmail.com,885980847,Raymond Suit,Clothing,15999,,,,
2022-02-23,36,0,P019,3,5999,17997,0,0.0,17997.0,1799.7,1934,2022,1,February,Wednesday,10.0,Rishi Kulkarni,Visakhapatnam, Andhra Pradesh,530001,36Rishi@gmail.com,885980847,Titan Wrist Watch,Accessories,5999,,,,
2023-08-03,36,0,P015,3,8499,25497,0,0.0,25497.0,2549.7,2436,2023,3,August,Thursday,10.0,Rishi Kulkarni,Visakhapatnam, Andhra Pradesh,530001,36Rishi@gmail.com,885980847,Philips Air Fryer,Home Appliances,8499,,,,
2022-07-29,36,0,P015,3,8499,25497,0,0.0,25497.0,2549.7,2627,2022,3,July,Friday,10.0,Rishi Kulkarni,Visakhapatnam, Andhra Pradesh,530001,36Rishi@gmail.com,885980847,Philips Air Fryer,Home Appliances,8499,,,,
2023-09-17,36,0,P004,3,64999,194997,0,0.0,194997.0,19499.7,2656,2023,3,September,Sunday,10.0,Rishi Kulkarni,Visakhapatnam, Andhra Pradesh,530001,36Rishi@gmail.com,885980847,HP Pavilion Laptop,Electronics,64999,,,,
2022-10-05,36,0,P028,3,349,1047,0,0.0,1047.0,104.7,2856,2022,4,October,Wednesday,10.0,Rishi Kulkarni,Visakhapatnam, Andhra Pradesh,530001,36Rishi@gmail.com,885980847,Dove Soap Pack,Personal Care,349,,,,
2021-10-27,36,0,P006,3,7499,22497,0,0.0,22497.0,2249.7,2862,2021,4,October,Wednesday,10.0,Rishi Kulkarni,Visakhapatnam, Andhra Pradesh,530001,36Rishi@gmail.com,885980847,Nike Running Shoes,Footwear,7499,,,,
2020-01-13,36,0,P029,3,99,297,0,0.0,297.0,29.7,2900,2020,1,January,Monday,10.0,Rishi Kulkarni,Visakhapatnam, Andhra Pradesh,530001,36Rishi@gmail.com,885980847,Colgate Toothpaste,Personal Care,99,,,,
2023-12-04,36,0,P010,3,2199,6597,0,0.0,6597.0,659.7,3305,2023,4,December,Monday,10.0,Rishi Kulkarni,Visakhapatnam, Andhra Pradesh,530001,36Rishi@gmail.com,885980847,Zara Casual Shirt,Clothing,2199,,,,
2020-02-02,36,0,P018,3,2299,6897,0,0.0,6897.0,689.7,3319,2020,1,February,Sunday,10.0,Rishi Kulkarni,Visakhapatnam, Andhra Pradesh,530001,36Rishi@gmail.com,885980847,Prestige Pressure Cooker,Home Appliances,2299,,,,
2020-08-29,36,0,P009,2,3499,6998,0,0.0,6998.0,699.8,252,2020,3,August,Saturday,10.0,Rishi Kulkarni,Visakhapatnam, Andhra Pradesh,530001,36Rishi@gmail.com,885980847,Levi's Denim Jeans,Clothing,3499,,,,
2022-09-27,37,0,P030,2,399,798,0,0.0,798.0,79.8,3058,2022,3,September,Tuesday,10.0,Rohit Sen,Ahmedabad    , Gujarat       ,380001,37Rohit@gmail.com,839898719,Nivea Body Lotion,Personal Care,399,,,,
2020-12-14,37,0,P008,3,5499,16497,0,0.0,16497.0,1649.7,1563,2020,4,December,Monday,10.0,Rohit Sen,Ahmedabad    , Gujarat       ,380001,37Rohit@gmail.com,839898719,Puma Sports Shoes,Footwear,5499,,,,
2023-09-16,37,0,P030,3,399,1197,0,0.0,1197.0,119.7,394,2023,3,September,Saturday,10.0,Rohit Sen,Ahmedabad    , Gujarat       ,380001,37Rohit@gmail.com,839898719,Nivea Body Lotion,Personal Care,399,,,,
2023-09-10,37,0,P004,3,64999,194997,0,0.0,194997.0,19499.7,525,2023,3,September,Sunday,10.0,Rohit Sen,Ahmedabad    , Gujarat       ,380001,37Rohit@gmail.com,839898719,HP Pavilion Laptop,Electronics,64999,,,,
2022-10-26,37,0,P012,3,2999,8997,0,0.0,8997.0,899.7,662,2022,4,October,Wednesday,10.0,Rohit Sen,Ahmedabad    , Gujarat       ,380001,37Rohit@gmail.com,839898719,FabIndia Kurta,Clothing,2999,,,,
2021-07-01,37,0,P003,3,89999,269997,0,0.0,269997.0,26999.7,785,2021,3,July,Thursday,10.0,Rohit Sen,Ahmedabad    , Gujarat       ,380001,37Rohit@gmail.com,839898719,"Sony Bravia 55"" TV",Electronics,89999,,,,
2022-07-13,37,0,P014,3,4999,14997,0,0.0,14997.0,1499.7,793,2022,3,July,Wednesday,10.0,Rohit Sen,Ahmedabad    , Gujarat       ,380001,37Rohit@gmail.com,839898719,Bajaj Mixer Grinder,Home Appliances,4999,,,,
2021-11-13,37,0,P017,3,10499,31497,0,0.0,31497.0,3149.7,859,2021,4,November,Saturday,10.0,Rohit Sen,Ahmedabad    , Gujarat       ,380001,37Rohit@gmail.com,839898719,IFB Microwave Oven,Home Appliances,10499,,,,
2020-11-17,37,0,P010,3,2199,6597,0,0.0,6597.0,659.7,987,2020,4,November,Tuesday,10.0,Rohit Sen,Ahmedabad    , Gujarat       ,380001,37Rohit@gmail.com,839898719,Zara Casual Shirt,Clothing,2199,,,,
2020-10-09,37,0,P030,3,399,1197,0,0.0,1197.0,119.7,1195,2020,4,October,Friday,10.0,Rohit Sen,Ahmedabad    , Gujarat       ,380001,37Rohit@gmail.com,839898719,Nivea Body Lotion,Personal Care,399,,,,
2023-02-24,37,0,P016,3,24999,74997,0,0.0,74997.0,7499.7,1540,2023,1,February,Friday,10.0,Rohit Sen,Ahmedabad    , Gujarat       ,380001,37Rohit@gmail.com,839898719,LG Washing Machine,Home Appliances,24999,,,,
2022-10-09,37,0,P001,3,79999,239997,0,0.0,239997.0,23999.7,1887,2022,4,October,Sunday,10.0,Rohit Sen,Ahmedabad    , Gujarat       ,380001,37Rohit@gmail.com,839898719,Apple iPhone 14,Electronics,79999,,,,
2020-02-08,37,0,P018,3,2299,6897,0,0.0,6897.0,689.7,2635,2020,1,February,Saturday,10.0,Rohit Sen,Ahmedabad    , Gujarat       ,380001,37Rohit@gmail.com,839898719,Prestige Pressure Cooker,Home Appliances,2299,,,,
2023-06-09,37,0,P016,3,24999,74997,0,0.0,74997.0,7499.7,2922,2023,2,June,Friday,10.0,Rohit Sen,Ahmedabad    , Gujarat       ,380001,37Rohit@gmail.com,839898719,LG Washing Machine,Home Appliances,24999,,,,
2022-08-16,37,0,P018,3,2299,6897,0,0.0,6897.0,689.7,3028,2022,3,August,Tuesday,10.0,Rohit Sen,Ahmedabad    , Gujarat       ,380001,37Rohit@gmail.com,839898719,Prestige Pressure Cooker,Home Appliances,2299,,,,
2021-06-29,37,0,P010,3,2199,6597,0,0.0,6597.0,659.7,3193,2021,2,June,Tuesday,10.0,Rohit Sen,Ahmedabad    , Gujarat       ,380001,37Rohit@gmail.com,839898719,Zara Casual Shirt,Clothing,2199,,,,
2022-02-14,37,0,P019,3,5999,17997,0,0.0,17997.0,1799.7,3195,2022,1,February,Monday,10.0,Rohit Sen,Ahmedabad    , Gujarat       ,380001,37Rohit@gmail.com,839898719,Titan Wrist Watch,Accessories,5999,,,,
2023-08-08,37,0,P019,3,5999,17997,0,0.0,17997.0,1799.7,3322,2023,3,August,Tuesday,10.0,Rohit Sen,Ahmedabad    , Gujarat       ,380001,37Rohit@gmail.com,839898719,Titan Wrist Watch,Accessories,5999,,,,
2021-11-01,37,0,P027,3,699,2097,0,0.0,2097.0,209.7,3335,2021,4,November,Monday,10.0,Rohit Sen,Ahmedabad    , Gujarat       ,380001,37Rohit@gmail.com,839898719,L'Oreal Shampoo,Personal Care,699,,,,
2023-01-12,37,0,P018,2,2299,4598,0,0.0,4598.0,459.8,127,2023,1,January,Thursday,10.0,Rohit Sen,Ahmedabad    , Gujarat       ,380001,37Rohit@gmail.com,839898719,Prestige Pressure Cooker,Home Appliances,2299,,,,
2023-09-10,37,0,P025,2,8999,17998,0,0.0,17998.0,1799.8,520,2023,3,September,Sunday,10.0,Rohit Sen,Ahmedabad    , Gujarat       ,380001,37Rohit@gmail.com,839898719,American Tourister Suitcase,Bags,8999,,,,
2023-01-08,37,0,P024,2,2799,5598,0,0.0,5598.0,559.8,573,2023,1,January,Sunday,10.0,Rohit Sen,Ahmedabad    , Gujarat       ,380001,37Rohit@gmail.com,839898719,Puma Backpack,Bags,2799,,,,
2023-09-28,37,0,P016,2,24999,49998,0,0.0,49998.0,4999.8,1029,2023,3,September,Thursday,10.0,Rohit Sen,Ahmedabad    , Gujarat       ,380001,37Rohit@gmail.com,839898719,LG Washing Machine,Home Appliances,24999,,,,
2020-01-25,37,0,P030,2,399,798,0,0.0,798.0,79.8,1481,2020,1,January,Saturday,10.0,Rohit Sen,Ahmedabad    , Gujarat       ,380001,37Rohit@gmail.com,839898719,Nivea Body Lotion,Personal Care,399,,,,
2022-08-22,37,0,P028,2,349,698,0,0.0,698.0,69.8,1637,2022,3,August,Monday,10.0,Rohit Sen,Ahmedabad    , Gujarat       ,380001,37Rohit@gmail.com,839898719,Dove Soap Pack,Personal Care,349,,,,
2021-07-21,37,0,P020,2,12999,25998,0,0.0,25998.0,2599.8,1786,2021,3,July,Wednesday,10.0,Rohit Sen,Ahmedabad    , Gujarat       ,380001,37Rohit@gmail.com,839898719,Fossil Smartwatch,Accessories,12999,,,,
2020-12-03,37,0,P012,2,2999,5998,0,0.0,5998.0,599.8,1788,2020,4,December,Thursday,10.0,Rohit Sen,Ahmedabad    , Gujarat       ,380001,37Rohit@gmail.com,839898719,FabIndia Kurta,Clothing,2999,,,,
2023-09-05,37,0,P012,2,2999,5998,0,0.0,5998.0,599.8,2117,2023,3,September,Tuesday,10.0,Rohit Sen,Ahmedabad    , Gujarat       ,380001,37Rohit@gmail.com,839898719,FabIndia Kurta,Clothing,2999,,,,
2020-01-23,37,0,P012,2,2999,5998,0,0.0,5998.0,599.8,2138,2020,1,January,Thursday,10.0,Rohit Sen,Ahmedabad    , Gujarat       ,380001,37Rohit@gmail.com,839898719,FabIndia Kurta,Clothing,2999,,,,
2023-03-24,37,0,P020,2,12999,25998,0,0.0,25998.0,2599.8,2271,2023,1,March,Friday,10.0,Rohit Sen,Ahmedabad    , Gujarat       ,380001,37Rohit@gmail.com,839898719,Fossil Smartwatch,Accessories,12999,,,,
2023-09-13,37,0,P030,2,399,798,0,0.0,798.0,79.8,2611,2023,3,September,Wednesday,10.0,Rohit Sen,Ahmedabad    , Gujarat       ,380001,37Rohit@gmail.com,839898719,Nivea Body Lotion,Personal Care,399,,,,
2020-03-15,37,0,P012,2,2999,5998,0,0.0,5998.0,599.8,2903,2020,1,March,Sunday,10.0,Rohit Sen,Ahmedabad    , Gujarat       ,380001,37Rohit@gmail.com,839898719,FabIndia Kurta,Clothing,2999,,,,
2022-12-12,37,0,P014,2,4999,9998,0,0.0,9998.0,999.8,2919,2022,4,December,Monday,10.0,Rohit Sen,Ahmedabad    , Gujarat       ,380001,37Rohit@gmail.com,839898719,Bajaj Mixer Grinder,Home Appliances,4999,,,,
2021-10-11,37,0,P002,2,69999,139998,0,0.0,139998.0,13999.8,2962,2021,4,October,Monday,10.0,Rohit Sen,Ahmedabad    , Gujarat       ,380001,37Rohit@gmail.com,839898719,Samsung Galaxy S21,Electronics,69999,,,,
2020-07-14,37,0,P004,2,64999,129998,0,0.0,129998.0,12999.8,2969,2020,3,July,Tuesday,10.0,Rohit Sen,Ahmedabad    , Gujarat       ,380001,37Rohit@gmail.com,839898719,HP Pavilion Laptop,Electronics,64999,,,,
2022-11-08,37,0,P011,3,1499,4497,0,0.0,4497.0,449.7,1351,2022,4,November,Tuesday,10.0,Rohit Sen,Ahmedabad    , Gujarat       ,380001,37Rohit@gmail.com,839898719,H&M T-Shirt,Clothing,1499,,,,
2020-02-25,37,0,P017,2,10499,20998,0,0.0,20998.0,2099.8,3103,2020,1,February,Tuesday,10.0,Rohit Sen,Ahmedabad    , Gujarat       ,380001,37Rohit@gmail.com,839898719,IFB Microwave Oven,Home Appliances,10499,,,,
2022-12-16,37,0,P012,2,2999,5998,0,0.0,5998.0,599.8,3194,2022,4,December,Friday,10.0,Rohit Sen,Ahmedabad    , Gujarat       ,380001,37Rohit@gmail.com,839898719,FabIndia Kurta,Clothing,2999,,,,
2023-03-09,37,0,P012,2,2999,5998,0,0.0,5998.0,599.8,3294,2023,1,March,Thursday,10.0,Rohit Sen,Ahmedabad    , Gujarat       ,380001,37Rohit@gmail.com,839898719,FabIndia Kurta,Clothing,2999,,,,
2021-09-29,37,0,P008,2,5499,10998,0,0.0,10998.0,1099.8,2884,2021,3,September,Wednesday,10.0,Rohit Sen,Ahmedabad    , Gujarat       ,380001,37Rohit@gmail.com,839898719,Puma Sports Shoes,Footwear,5499,,,,
2022-03-01,37,0,P008,2,5499,10998,0,0.0,10998.0,1099.8,3403,2022,1,March,Tuesday,10.0,Rohit Sen,Ahmedabad    , Gujarat       ,380001,37Rohit@gmail.com,839898719,Puma Sports Shoes,Footwear,5499,,,,
2020-08-02,37,0,P006,1,7499,7499,0,0.0,7499.0,749.9,262,2020,3,August,Sunday,10.0,Rohit Sen,Ahmedabad    , Gujarat       ,380001,37Rohit@gmail.com,839898719,Nike Running Shoes,Footwear,7499,,,,
2020-03-15,37,0,P023,1,1499,1499,0,0.0,1499.0,149.9,338,2020,1,March,Sunday,10.0,Rohit Sen,Ahmedabad    , Gujarat       ,380001,37Rohit@gmail.com,839898719,Milton Thermos Flask,Kitchenware,1499,,,,
2021-08-04,37,0,P014,1,4999,4999,0,0.0,4999.0,499.9,1634,2021,3,August,Wednesday,10.0,Rohit Sen,Ahmedabad    , Gujarat       ,380001,37Rohit@gmail.com,839898719,Bajaj Mixer Grinder,Home Appliances,4999,,,,
2023-08-25,37,0,P014,1,4999,4999,0,0.0,4999.0,499.9,2126,2023,3,August,Friday,10.0,Rohit Sen,Ahmedabad    , Gujarat       ,380001,37Rohit@gmail.com,839898719,Bajaj Mixer Grinder,Home Appliances,4999,,,,
2023-01-03,37,0,P010,1,2199,2199,0,0.0,2199.0,219.9,2430,2023,1,January,Tuesday,10.0,Rohit Sen,Ahmedabad    , Gujarat       ,380001,37Rohit@gmail.com,839898719,Zara Casual Shirt,Clothing,2199,,,,
2022-02-04,37,0,P018,1,2299,2299,0,0.0,2299.0,229.9,2731,2022,1,February,Friday,10.0,Rohit Sen,Ahmedabad    , Gujarat       ,380001,37Rohit@gmail.com,839898719,Prestige Pressure Cooker,Home Appliances,2299,,,,
2022-02-22,37,0,P030,1,399,399,0,0.0,399.0,39.9,3032,2022,1,February,Tuesday,10.0,Rohit Sen,Ahmedabad    , Gujarat       ,380001,37Rohit@gmail.com,839898719,Nivea Body Lotion,Personal Care,399,,,,
2021-10-30,37,0,P025,1,8999,8999,0,0.0,8999.0,899.9,3202,2021,4,October,Saturday,10.0,Rohit Sen,Ahmedabad    , Gujarat       ,380001,37Rohit@gmail.com,839898719,American Tourister Suitcase,Bags,8999,,,,
2021-10-08,37,0,P012,1,2999,2999,0,0.0,2999.0,299.9,3302,2021,4,October,Friday,10.0,Rohit Sen,Ahmedabad    , Gujarat       ,380001,37Rohit@gmail.com,839898719,FabIndia Kurta,Clothing,2999,,,,
2020-02-25,37,0,P025,1,8999,8999,0,0.0,8999.0,899.9,3406,2020,1,February,Tuesday,10.0,Rohit Sen,Ahmedabad    , Gujarat       ,380001,37Rohit@gmail.com,839898719,American Tourister Suitcase,Bags,8999,,,,
2023-04-26,37,PR001,P022,2,1999,3998,20,799.6,3198.4,319.84,1161,2023,2,April,Wednesday,10.0,Rohit Sen,Ahmedabad    , Gujarat       ,380001,37Rohit@gmail.com,839898719,Borosil Glass Set,Kitchenware,1999,Summer Sale,Email,SUMMER21,20% off
2021-04-11,37,PR001,P021,2,1299,2598,20,519.6,2078.4,207.84,1283,2021,2,April,Sunday,10.0,Rohit Sen,Ahmedabad    , Gujarat       ,380001,37Rohit@gmail.com,839898719,Tupperware Lunch Box,Kitchenware,1299,Summer Sale,Email,SUMMER21,20% off
2022-04-23,37,PR001,P017,2,10499,20998,20,4199.6,16798.4,1679.84,1378,2022,2,April,Saturday,10.0,Rohit Sen,Ahmedabad    , Gujarat       ,380001,37Rohit@gmail.com,839898719,IFB Microwave Oven,Home Appliances,10499,Summer Sale,Email,SUMMER21,20% off
2021-05-31,37,PR001,P023,2,1499,2998,20,599.6,2398.4,239.84,1948,2021,2,May,Monday,10.0,Rohit Sen,Ahmedabad    , Gujarat       ,380001,37Rohit@gmail.com,839898719,Milton Thermos Flask,Kitchenware,1499,Summer Sale,Email,SUMMER21,20% off
2022-05-15,37,PR001,P016,2,24999,49998,20,9999.6,39998.4,3999.84,2314,2022,2,May,Sunday,10.0,Rohit Sen,Ahmedabad    , Gujarat       ,380001,37Rohit@gmail.com,839898719,LG Washing Machine,Home Appliances,24999,Summer Sale,Email,SUMMER21,20% off
2022-04-26,37,PR001,P016,3,24999,74997,20,14999.4,59997.6,5999.76,1898,2022,2,April,Tuesday,10.0,Rohit Sen,Ahmedabad    , Gujarat       ,380001,37Rohit@gmail.com,839898719,LG Washing Machine,Home Appliances,24999,Summer Sale,Email,SUMMER21,20% off
2023-04-02,37,PR001,P002,3,69999,209997,20,41999.4,167997.6,16799.76,2473,2023,2,April,Sunday,10.0,Rohit Sen,Ahmedabad    , Gujarat       ,380001,37Rohit@gmail.com,839898719,Samsung Galaxy S21,Electronics,69999,Summer Sale,Email,SUMMER21,20% off
2023-05-01,37,PR001,P003,3,89999,269997,20,53999.4,215997.6,21599.76,3078,2023,2,May,Monday,10.0,Rohit Sen,Ahmedabad    , Gujarat       ,380001,37Rohit@gmail.com,839898719,"Sony Bravia 55"" TV",Electronics,89999,Summer Sale,Email,SUMMER21,20% off
2022-05-26,37,PR001,P010,1,2199,2199,20,439.8,1759.2,175.92,275,2022,2,May,Thursday,10.0,Rohit Sen,Ahmedabad    , Gujarat       ,380001,37Rohit@gmail.com,839898719,Zara Casual Shirt,Clothing,2199,Summer Sale,Email,SUMMER21,20% off
2023-04-20,37,PR001,P004,1,64999,64999,20,12999.8,51999.2,5199.92,352,2023,2,April,Thursday,10.0,Rohit Sen,Ahmedabad    , Gujarat       ,380001,37Rohit@gmail.com,839898719,HP Pavilion Laptop,Electronics,64999,Summer Sale,Email,SUMMER21,20% off
2020-04-02,37,PR001,P009,1,3499,3499,20,699.8,2799.2,279.92,2318,2020,2,April,Thursday,10.0,Rohit Sen,Ahmedabad    , Gujarat       ,380001,37Rohit@gmail.com,839898719,Levi's Denim Jeans,Clothing,3499,Summer Sale,Email,SUMMER21,20% off
2023-05-23,37,PR001,P009,1,3499,3499,20,699.8,2799.2,279.92,2946,2023,2,May,Tuesday,10.0,Rohit Sen,Ahmedabad    , Gujarat       ,380001,37Rohit@gmail.com,839898719,Levi's Denim Jeans,Clothing,3499,Summer Sale,Email,SUMMER21,20% off
2022-07-24,37,PR004,P013,3,15999,47997,50,23998.5,23998.5,2399.85,623,2022,3,July,Sunday,10.0,Rohit Sen,Ahmedabad    , Gujarat       ,380001,37Rohit@gmail.com,839898719,Raymond Suit,Clothing,15999,Weekend Flash Sale,Mobile Push,FLASH50,50% off
2023-07-23,37,PR004,P024,2,2799,5598,50,2799.0,2799.0,279.9,1421,2023,3,July,Sunday,10.0,Rohit Sen,Ahmedabad    , Gujarat       ,380001,37Rohit@gmail.com,839898719,Puma Backpack,Bags,2799,Weekend Flash Sale,Mobile Push,FLASH50,50% off
2020-07-12,37,PR004,P004,2,64999,129998,50,64999.0,64999.0,6499.9,1424,2020,3,July,Sunday,10.0,Rohit Sen,Ahmedabad    , Gujarat       ,380001,37Rohit@gmail.com,839898719,HP Pavilion Laptop,Electronics,64999,Weekend Flash Sale,Mobile Push,FLASH50,50% off
2023-12-27,37,PR005,P018,3,2299,6897,70,4827.9,2069.1,206.91,598,2023,4,December,Wednesday,10.0,Rohit Sen,Ahmedabad    , Gujarat       ,380001,37Rohit@gmail.com,839898719,Prestige Pressure Cooker,Home Appliances,2299,Clearance Sale,In-App,CLEARANCE23,70% off
2023-12-23,37,PR005,P025,1,8999,8999,70,6299.3,2699.7,269.97,1155,2023,4,December,Saturday,10.000000000000002,Rohit Sen,Ahmedabad    , Gujarat       ,380001,37Rohit@gmail.com,839898719,American Tourister Suitcase,Bags,8999,Clearance Sale,In-App,CLEARANCE23,70% off
2023-12-21,37,PR005,P024,3,2799,8397,70,5877.9,2519.1,251.91,1231,2023,4,December,Thursday,10.0,Rohit Sen,Ahmedabad    , Gujarat       ,380001,37Rohit@gmail.com,839898719,Puma Backpack,Bags,2799,Clearance Sale,In-App,CLEARANCE23,70% off
2023-12-18,37,PR005,P017,1,10499,10499,70,7349.3,3149.7,314.97,1995,2023,4,December,Monday,10.000000000000002,Rohit Sen,Ahmedabad    , Gujarat       ,380001,37Rohit@gmail.com,839898719,IFB Microwave Oven,Home Appliances,10499,Clearance Sale,In-App,CLEARANCE23,70% off
2022-09-23,38,0,P028,1,349,349,0,0.0,349.0,34.9,2398,2022,3,September,Friday,10.0,Saanvi Pillai,Lucknow      , Uttar Pradesh ,226001,38Saanvi@gmail.com,837024031,Dove Soap Pack,Personal Care,349,,,,
2023-09-01,38,0,P008,3,5499,16497,0,0.0,16497.0,1649.7,3268,2023,3,September,Friday,10.0,Saanvi Pillai,Lucknow      , Uttar Pradesh ,226001,38Saanvi@gmail.com,837024031,Puma Sports Shoes,Footwear,5499,,,,
2022-02-15,38,0,P002,3,69999,209997,0,0.0,209997.0,20999.7,465,2022,1,February,Tuesday,10.0,Saanvi Pillai,Lucknow      , Uttar Pradesh ,226001,38Saanvi@gmail.com,837024031,Samsung Galaxy S21,Electronics,69999,,,,
2020-02-15,38,0,P015,3,8499,25497,0,0.0,25497.0,2549.7,678,2020,1,February,Saturday,10.0,Saanvi Pillai,Lucknow      , Uttar Pradesh ,226001,38Saanvi@gmail.com,837024031,Philips Air Fryer,Home Appliances,8499,,,,
2023-10-06,38,0,P016,3,24999,74997,0,0.0,74997.0,7499.7,1037,2023,4,October,Friday,10.0,Saanvi Pillai,Lucknow      , Uttar Pradesh ,226001,38Saanvi@gmail.com,837024031,LG Washing Machine,Home Appliances,24999,,,,
2023-09-23,38,0,P007,3,6999,20997,0,0.0,20997.0,2099.7,1046,2023,3,September,Saturday,10.0,Saanvi Pillai,Lucknow      , Uttar Pradesh ,226001,38Saanvi@gmail.com,837024031,Adidas Sneakers,Footwear,6999,,,,
2020-07-21,38,0,P015,3,8499,25497,0,0.0,25497.0,2549.7,1086,2020,3,July,Tuesday,10.0,Saanvi Pillai,Lucknow      , Uttar Pradesh ,226001,38Saanvi@gmail.com,837024031,Philips Air Fryer,Home Appliances,8499,,,,
2021-07-14,38,0,P013,3,15999,47997,0,0.0,47997.0,4799.7,1261,2021,3,July,Wednesday,10.0,Saanvi Pillai,Lucknow      , Uttar Pradesh ,226001,38Saanvi@gmail.com,837024031,Raymond Suit,Clothing,15999,,,,
2022-08-04,38,0,P016,3,24999,74997,0,0.0,74997.0,7499.7,1271,2022,3,August,Thursday,10.0,Saanvi Pillai,Lucknow      , Uttar Pradesh ,226001,38Saanvi@gmail.com,837024031,LG Washing Machine,Home Appliances,24999,,,,
2020-12-10,38,0,P014,3,4999,14997,0,0.0,14997.0,1499.7,1403,2020,4,December,Thursday,10.0,Saanvi Pillai,Lucknow      , Uttar Pradesh ,226001,38Saanvi@gmail.com,837024031,Bajaj Mixer Grinder,Home Appliances,4999,,,,
2020-02-02,38,0,P009,3,3499,10497,0,0.0,10497.0,1049.7,1503,2020,1,February,Sunday,10.0,Saanvi Pillai,Lucknow      , Uttar Pradesh ,226001,38Saanvi@gmail.com,837024031,Levi's Denim Jeans,Clothing,3499,,,,
2021-10-27,38,0,P013,3,15999,47997,0,0.0,47997.0,4799.7,1652,2021,4,October,Wednesday,10.0,Saanvi Pillai,Lucknow      , Uttar Pradesh ,226001,38Saanvi@gmail.com,837024031,Raymond Suit,Clothing,15999,,,,
2020-10-30,38,0,P021,3,1299,3897,0,0.0,3897.0,389.7,1843,2020,4,October,Friday,10.0,Saanvi Pillai,Lucknow      , Uttar Pradesh ,226001,38Saanvi@gmail.com,837024031,Tupperware Lunch Box,Kitchenware,1299,,,,
2020-02-17,38,0,P002,3,69999,209997,0,0.0,209997.0,20999.7,1911,2020,1,February,Monday,10.0,Saanvi Pillai,Lucknow      , Uttar Pradesh ,226001,38Saanvi@gmail.com,837024031,Samsung Galaxy S21,Electronics,69999,,,,
2021-02-21,38,0,P013,3,15999,47997,0,0.0,47997.0,4799.7,2174,2021,1,February,Sunday,10.0,Saanvi Pillai,Lucknow      , Uttar Pradesh ,226001,38Saanvi@gmail.com,837024031,Raymond Suit,Clothing,15999,,,,
2022-10-07,38,0,P024,3,2799,8397,0,0.0,8397.0,839.7,2302,2022,4,October,Friday,10.0,Saanvi Pillai,Lucknow      , Uttar Pradesh ,226001,38Saanvi@gmail.com,837024031,Puma Backpack,Bags,2799,,,,
2020-12-27,38,0,P025,3,8999,26997,0,0.0,26997.0,2699.7,2467,2020,4,December,Sunday,10.0,Saanvi Pillai,Lucknow      , Uttar Pradesh ,226001,38Saanvi@gmail.com,837024031,American Tourister Suitcase,Bags,8999,,,,
2021-06-09,38,0,P009,3,3499,10497,0,0.0,10497.0,1049.7,2602,2021,2,June,Wednesday,10.0,Saanvi Pillai,Lucknow      , Uttar Pradesh ,226001,38Saanvi@gmail.com,837024031,Levi's Denim Jeans,Clothing,3499,,,,
2020-06-08,38,0,P015,3,8499,25497,0,0.0,25497.0,2549.7,2802,2020,2,June,Monday,10.0,Saanvi Pillai,Lucknow      , Uttar Pradesh ,226001,38Saanvi@gmail.com,837024031,Philips Air Fryer,Home Appliances,8499,,,,
2023-01-20,38,0,P002,3,69999,209997,0,0.0,209997.0,20999.7,3210,2023,1,January,Friday,10.0,Saanvi Pillai,Lucknow      , Uttar Pradesh ,226001,38Saanvi@gmail.com,837024031,Samsung Galaxy S21,Electronics,69999,,,,
2022-01-02,38,0,P001,3,79999,239997,0,0.0,239997.0,23999.7,3225,2022,1,January,Sunday,10.0,Saanvi Pillai,Lucknow      , Uttar Pradesh ,226001,38Saanvi@gmail.com,837024031,Apple iPhone 14,Electronics,79999,,,,
2021-08-24,38,0,P022,3,1999,5997,0,0.0,5997.0,599.7,3260,2021,3,August,Tuesday,10.0,Saanvi Pillai,Lucknow      , Uttar Pradesh ,226001,38Saanvi@gmail.com,837024031,Borosil Glass Set,Kitchenware,1999,,,,
2021-12-22,38,0,P007,2,6999,13998,0,0.0,13998.0,1399.8,85,2021,4,December,Wednesday,10.0,Saanvi Pillai,Lucknow      , Uttar Pradesh ,226001,38Saanvi@gmail.com,837024031,Adidas Sneakers,Footwear,6999,,,,
2021-12-16,38,0,P019,2,5999,11998,0,0.0,11998.0,1199.8,101,2021,4,December,Thursday,10.0,Saanvi Pillai,Lucknow      , Uttar Pradesh ,226001,38Saanvi@gmail.com,837024031,Titan Wrist Watch,Accessories,5999,,,,
2021-01-17,38,0,P017,2,10499,20998,0,0.0,20998.0,2099.8,397,2021,1,January,Sunday,10.0,Saanvi Pillai,Lucknow      , Uttar Pradesh ,226001,38Saanvi@gmail.com,837024031,IFB Microwave Oven,Home Appliances,10499,,,,
2021-01-12,38,0,P028,2,349,698,0,0.0,698.0,69.8,407,2021,1,January,Tuesday,10.0,Saanvi Pillai,Lucknow      , Uttar Pradesh ,226001,38Saanvi@gmail.com,837024031,Dove Soap Pack,Personal Care,349,,,,
2020-06-19,38,0,P014,2,4999,9998,0,0.0,9998.0,999.8,489,2020,2,June,Friday,10.0,Saanvi Pillai,Lucknow      , Uttar Pradesh ,226001,38Saanvi@gmail.com,837024031,Bajaj Mixer Grinder,Home Appliances,4999,,,,
2022-09-04,38,0,P027,2,699,1398,0,0.0,1398.0,139.8,814,2022,3,September,Sunday,10.0,Saanvi Pillai,Lucknow      , Uttar Pradesh ,226001,38Saanvi@gmail.com,837024031,L'Oreal Shampoo,Personal Care,699,,,,
2020-02-05,38,0,P014,2,4999,9998,0,0.0,9998.0,999.8,890,2020,1,February,Wednesday,10.0,Saanvi Pillai,Lucknow      , Uttar Pradesh ,226001,38Saanvi@gmail.com,837024031,Bajaj Mixer Grinder,Home Appliances,4999,,,,
2021-01-15,38,0,P021,2,1299,2598,0,0.0,2598.0,259.8,907,2021,1,January,Friday,10.0,Saanvi Pillai,Lucknow      , Uttar Pradesh ,226001,38Saanvi@gmail.com,837024031,Tupperware Lunch Box,Kitchenware,1299,,,,
2021-08-27,38,0,P004,2,64999,129998,0,0.0,129998.0,12999.8,1082,2021,3,August,Friday,10.0,Saanvi Pillai,Lucknow      , Uttar Pradesh ,226001,38Saanvi@gmail.com,837024031,HP Pavilion Laptop,Electronics,64999,,,,
2022-10-18,38,0,P003,2,89999,179998,0,0.0,179998.0,17999.8,1104,2022,4,October,Tuesday,10.0,Saanvi Pillai,Lucknow      , Uttar Pradesh ,226001,38Saanvi@gmail.com,837024031,"Sony Bravia 55"" TV",Electronics,89999,,,,
2023-03-05,38,0,P015,2,8499,16998,0,0.0,16998.0,1699.8,1109,2023,1,March,Sunday,10.0,Saanvi Pillai,Lucknow      , Uttar Pradesh ,226001,38Saanvi@gmail.com,837024031,Philips Air Fryer,Home Appliances,8499,,,,
2023-01-13,38,0,P002,2,69999,139998,0,0.0,139998.0,13999.8,1284,2023,1,January,Friday,10.0,Saanvi Pillai,Lucknow      , Uttar Pradesh ,226001,38Saanvi@gmail.com,837024031,Samsung Galaxy S21,Electronics,69999,,,,
2022-11-21,38,0,P025,2,8999,17998,0,0.0,17998.0,1799.8,1482,2022,4,November,Monday,10.0,Saanvi Pillai,Lucknow      , Uttar Pradesh ,226001,38Saanvi@gmail.com,837024031,American Tourister Suitcase,Bags,8999,,,,
2021-11-14,38,0,P019,2,5999,11998,0,0.0,11998.0,1199.8,1605,2021,4,November,Sunday,10.0,Saanvi Pillai,Lucknow      , Uttar Pradesh ,226001,38Saanvi@gmail.com,837024031,Titan Wrist Watch,Accessories,5999,,,,
2021-02-12,38,0,P030,2,399,798,0,0.0,798.0,79.8,1642,2021,1,February,Friday,10.0,Saanvi Pillai,Lucknow      , Uttar Pradesh ,226001,38Saanvi@gmail.com,837024031,Nivea Body Lotion,Personal Care,399,,,,
2021-06-13,38,0,P028,2,349,698,0,0.0,698.0,69.8,1649,2021,2,June,Sunday,10.0,Saanvi Pillai,Lucknow      , Uttar Pradesh ,226001,38Saanvi@gmail.com,837024031,Dove Soap Pack,Personal Care,349,,,,
2023-02-15,38,0,P012,2,2999,5998,0,0.0,5998.0,599.8,2133,2023,1,February,Wednesday,10.0,Saanvi Pillai,Lucknow      , Uttar Pradesh ,226001,38Saanvi@gmail.com,837024031,FabIndia Kurta,Clothing,2999,,,,
2022-02-22,38,0,P017,2,10499,20998,0,0.0,20998.0,2099.8,2367,2022,1,February,Tuesday,10.0,Saanvi Pillai,Lucknow      , Uttar Pradesh ,226001,38Saanvi@gmail.com,837024031,IFB Microwave Oven,Home Appliances,10499,,,,
2020-10-19,38,0,P028,2,349,698,0,0.0,698.0,69.8,2419,2020,4,October,Monday,10.0,Saanvi Pillai,Lucknow      , Uttar Pradesh ,226001,38Saanvi@gmail.com,837024031,Dove Soap Pack,Personal Care,349,,,,
2021-06-20,38,0,P027,2,699,1398,0,0.0,1398.0,139.8,2453,2021,2,June,Sunday,10.0,Saanvi Pillai,Lucknow      , Uttar Pradesh ,226001,38Saanvi@gmail.com,837024031,L'Oreal Shampoo,Personal Care,699,,,,
2022-01-21,38,0,P027,2,699,1398,0,0.0,1398.0,139.8,2478,2022,1,January,Friday,10.0,Saanvi Pillai,Lucknow      , Uttar Pradesh ,226001,38Saanvi@gmail.com,837024031,L'Oreal Shampoo,Personal Care,699,,,,
2023-07-07,38,0,P011,2,1499,2998,0,0.0,2998.0,299.8,2531,2023,3,July,Friday,10.0,Saanvi Pillai,Lucknow      , Uttar Pradesh ,226001,38Saanvi@gmail.com,837024031,H&M T-Shirt,Clothing,1499,,,,
2020-03-08,38,0,P019,2,5999,11998,0,0.0,11998.0,1199.8,3090,2020,1,March,Sunday,10.0,Saanvi Pillai,Lucknow      , Uttar Pradesh ,226001,38Saanvi@gmail.com,837024031,Titan Wrist Watch,Accessories,5999,,,,
2020-08-15,38,0,P006,2,7499,14998,0,0.0,14998.0,1499.8,3243,2020,3,August,Saturday,10.0,Saanvi Pillai,Lucknow      , Uttar Pradesh ,226001,38Saanvi@gmail.com,837024031,Nike Running Shoes,Footwear,7499,,,,
2023-07-26,38,0,P006,2,7499,14998,0,0.0,14998.0,1499.8,3287,2023,3,July,Wednesday,10.0,Saanvi Pillai,Lucknow      , Uttar Pradesh ,226001,38Saanvi@gmail.com,837024031,Nike Running Shoes,Footwear,7499,,,,
2023-08-28,38,0,P002,2,69999,139998,0,0.0,139998.0,13999.8,3412,2023,3,August,Monday,10.0,Saanvi Pillai,Lucknow      , Uttar Pradesh ,226001,38Saanvi@gmail.com,837024031,Samsung Galaxy S21,Electronics,69999,,,,
2020-07-24,38,0,P004,2,64999,129998,0,0.0,129998.0,12999.8,3484,2020,3,July,Friday,10.0,Saanvi Pillai,Lucknow      , Uttar Pradesh ,226001,38Saanvi@gmail.com,837024031,HP Pavilion Laptop,Electronics,64999,,,,
2021-08-22,38,0,P026,2,5499,10998,0,0.0,10998.0,1099.8,2670,2021,3,August,Sunday,10.0,Saanvi Pillai,Lucknow      , Uttar Pradesh ,226001,38Saanvi@gmail.com,837024031,Wildcraft Hiking Bag,Bags,5499,,,,
2023-09-13,38,0,P008,1,5499,5499,0,0.0,5499.0,549.9,128,2023,3,September,Wednesday,10.0,Saanvi Pillai,Lucknow      , Uttar Pradesh ,226001,38Saanvi@gmail.com,837024031,Puma Sports Shoes,Footwear,5499,,,,
2020-12-02,38,0,P008,1,5499,5499,0,0.0,5499.0,549.9,162,2020,4,December,Wednesday,10.0,Saanvi Pillai,Lucknow      , Uttar Pradesh ,226001,38Saanvi@gmail.com,837024031,Puma Sports Shoes,Footwear,5499,,,,
2020-02-26,38,0,P017,1,10499,10499,0,0.0,10499.0,1049.9,264,2020,1,February,Wednesday,10.0,Saanvi Pillai,Lucknow      , Uttar Pradesh ,226001,38Saanvi@gmail.com,837024031,IFB Microwave Oven,Home Appliances,10499,,,,
2022-02-16,38,0,P022,1,1999,1999,0,0.0,1999.0,199.9,299,2022,1,February,Wednesday,10.0,Saanvi Pillai,Lucknow      , Uttar Pradesh ,226001,38Saanvi@gmail.com,837024031,Borosil Glass Set,Kitchenware,1999,,,,
2022-06-23,38,0,P005,1,92499,92499,0,0.0,92499.0,9249.9,306,2022,2,June,Thursday,10.0,Saanvi Pillai,Lucknow      , Uttar Pradesh ,226001,38Saanvi@gmail.com,837024031,Apple MacBook Air,Electronics,92499,,,,
2022-08-29,38,0,P015,1,8499,8499,0,0.0,8499.0,849.9,389,2022,3,August,Monday,10.0,Saanvi Pillai,Lucknow      , Uttar Pradesh ,226001,38Saanvi@gmail.com,837024031,Philips Air Fryer,Home Appliances,8499,,,,
2022-01-12,38,0,P016,1,24999,24999,0,0.0,24999.0,2499.9,1165,2022,1,January,Wednesday,10.0,Saanvi Pillai,Lucknow      , Uttar Pradesh ,226001,38Saanvi@gmail.com,837024031,LG Washing Machine,Home Appliances,24999,,,,
2020-12-23,38,0,P020,1,12999,12999,0,0.0,12999.0,1299.9,1567,2020,4,December,Wednesday,10.0,Saanvi Pillai,Lucknow      , Uttar Pradesh ,226001,38Saanvi@gmail.com,837024031,Fossil Smartwatch,Accessories,12999,,,,
2022-11-25,38,0,P012,1,2999,2999,0,0.0,2999.0,299.9,1900,2022,4,November,Friday,10.0,Saanvi Pillai,Lucknow      , Uttar Pradesh ,226001,38Saanvi@gmail.com,837024031,FabIndia Kurta,Clothing,2999,,,,
2022-01-26,38,0,P018,1,2299,2299,0,0.0,2299.0,229.9,2054,2022,1,January,Wednesday,10.0,Saanvi Pillai,Lucknow      , Uttar Pradesh ,226001,38Saanvi@gmail.com,837024031,Prestige Pressure Cooker,Home Appliances,2299,,,,
2021-03-04,38,0,P021,1,1299,1299,0,0.0,1299.0,129.9,2323,2021,1,March,Thursday,10.0,Saanvi Pillai,Lucknow      , Uttar Pradesh ,226001,38Saanvi@gmail.com,837024031,Tupperware Lunch Box,Kitchenware,1299,,,,
2023-10-20,38,0,P012,1,2999,2999,0,0.0,2999.0,299.9,3008,2023,4,October,Friday,10.0,Saanvi Pillai,Lucknow      , Uttar Pradesh ,226001,38Saanvi@gmail.com,837024031,FabIndia Kurta,Clothing,2999,,,,
2020-12-23,38,0,P015,1,8499,8499,0,0.0,8499.0,849.9,3063,2020,4,December,Wednesday,10.0,Saanvi Pillai,Lucknow      , Uttar Pradesh ,226001,38Saanvi@gmail.com,837024031,Philips Air Fryer,Home Appliances,8499,,,,
2023-12-08,38,0,P026,1,5499,5499,0,0.0,5499.0,549.9,3105,2023,4,December,Friday,10.0,Saanvi Pillai,Lucknow      , Uttar Pradesh ,226001,38Saanvi@gmail.com,837024031,Wildcraft Hiking Bag,Bags,5499,,,,
2021-06-06,38,0,P016,1,24999,24999,0,0.0,24999.0,2499.9,3109,2021,2,June,Sunday,10.0,Saanvi Pillai,Lucknow      , Uttar Pradesh ,226001,38Saanvi@gmail.com,837024031,LG Washing Machine,Home Appliances,24999,,,,
2020-11-04,38,0,P014,1,4999,4999,0,0.0,4999.0,499.9,3124,2020,4,November,Wednesday,10.0,Saanvi Pillai,Lucknow      , Uttar Pradesh ,226001,38Saanvi@gmail.com,837024031,Bajaj Mixer Grinder,Home Appliances,4999,,,,
2022-09-26,38,0,P017,1,10499,10499,0,0.0,10499.0,1049.9,3429,2022,3,September,Monday,10.0,Saanvi Pillai,Lucknow      , Uttar Pradesh ,226001,38Saanvi@gmail.com,837024031,IFB Microwave Oven,Home Appliances,10499,,,,
2023-04-10,38,PR001,P026,2,5499,10998,20,2199.6,8798.4,879.84,969,2023,2,April,Monday,10.0,Saanvi Pillai,Lucknow      , Uttar Pradesh ,226001,38Saanvi@gmail.com,837024031,Wildcraft Hiking Bag,Bags,5499,Summer Sale,Email,SUMMER21,20% off
2022-04-23,38,PR001,P003,2,89999,179998,20,35999.6,143998.4,14399.84,3413,2022,2,April,Saturday,10.0,Saanvi Pillai,Lucknow      , Uttar Pradesh ,226001,38Saanvi@gmail.com,837024031,"Sony Bravia 55"" TV",Electronics,89999,Summer Sale,Email,SUMMER21,20% off
2020-04-27,38,PR001,P017,3,10499,31497,20,6299.4,25197.6,2519.76,125,2020,2,April,Monday,10.000000000000002,Saanvi Pillai,Lucknow      , Uttar Pradesh ,226001,38Saanvi@gmail.com,837024031,IFB Microwave Oven,Home Appliances,10499,Summer Sale,Email,SUMMER21,20% off
2022-04-30,38,PR001,P002,3,69999,209997,20,41999.4,167997.6,16799.76,164,2022,2,April,Saturday,10.0,Saanvi Pillai,Lucknow      , Uttar Pradesh ,226001,38Saanvi@gmail.com,837024031,Samsung Galaxy S21,Electronics,69999,Summer Sale,Email,SUMMER21,20% off
2021-04-11,38,PR001,P006,3,7499,22497,20,4499.4,17997.6,1799.76,1820,2021,2,April,Sunday,10.0,Saanvi Pillai,Lucknow      , Uttar Pradesh ,226001,38Saanvi@gmail.com,837024031,Nike Running Shoes,Footwear,7499,Summer Sale,Email,SUMMER21,20% off
2023-05-26,38,PR001,P012,1,2999,2999,20,599.8,2399.2,239.92,186,2023,2,May,Friday,10.0,Saanvi Pillai,Lucknow      , Uttar Pradesh ,226001,38Saanvi@gmail.com,837024031,FabIndia Kurta,Clothing,2999,Summer Sale,Email,SUMMER21,20% off
2021-05-05,38,PR001,P011,1,1499,1499,20,299.8,1199.2,119.92,458,2021,2,May,Wednesday,10.0,Saanvi Pillai,Lucknow      , Uttar Pradesh ,226001,38Saanvi@gmail.com,837024031,H&M T-Shirt,Clothing,1499,Summer Sale,Email,SUMMER21,20% off
2020-05-30,38,PR001,P022,1,1999,1999,20,399.8,1599.2,159.92,1357,2020,2,May,Saturday,10.0,Saanvi Pillai,Lucknow      , Uttar Pradesh ,226001,38Saanvi@gmail.com,837024031,Borosil Glass Set,Kitchenware,1999,Summer Sale,Email,SUMMER21,20% off
2023-04-05,38,PR001,P021,1,1299,1299,20,259.8,1039.2,103.92,2160,2023,2,April,Wednesday,10.0,Saanvi Pillai,Lucknow      , Uttar Pradesh ,226001,38Saanvi@gmail.com,837024031,Tupperware Lunch Box,Kitchenware,1299,Summer Sale,Email,SUMMER21,20% off
2023-05-22,38,PR001,P017,1,10499,10499,20,2099.8,8399.2,839.92,3330,2023,2,May,Monday,10.0,Saanvi Pillai,Lucknow      , Uttar Pradesh ,226001,38Saanvi@gmail.com,837024031,IFB Microwave Oven,Home Appliances,10499,Summer Sale,Email,SUMMER21,20% off
2020-07-26,38,PR004,P006,3,7499,22497,50,11248.5,11248.5,1124.85,704,2020,3,July,Sunday,10.0,Saanvi Pillai,Lucknow      , Uttar Pradesh ,226001,38Saanvi@gmail.com,837024031,Nike Running Shoes,Footwear,7499,Weekend Flash Sale,Mobile Push,FLASH50,50% off
2023-07-02,38,PR004,P009,1,3499,3499,50,1749.5,1749.5,174.95,1508,2023,3,July,Sunday,10.0,Saanvi Pillai,Lucknow      , Uttar Pradesh ,226001,38Saanvi@gmail.com,837024031,Levi's Denim Jeans,Clothing,3499,Weekend Flash Sale,Mobile Push,FLASH50,50% off
2023-12-30,38,PR005,P023,1,1499,1499,70,1049.3,449.7,44.97,112,2023,4,December,Saturday,10.0,Saanvi Pillai,Lucknow      , Uttar Pradesh ,226001,38Saanvi@gmail.com,837024031,Milton Thermos Flask,Kitchenware,1499,Clearance Sale,In-App,CLEARANCE23,70% off
2022-02-18,39,0,P026,2,5499,10998,0,0.0,10998.0,1099.8,1132,2022,1,February,Friday,10.0,Sakshi Kaur,Bhopal       , Madhya Pradesh,462001,39Sakshi@gmail.com,943055559,Wildcraft Hiking Bag,Bags,5499,,,,
2021-10-02,39,0,P008,3,5499,16497,0,0.0,16497.0,1649.7,233,2021,4,October,Saturday,10.0,Sakshi Kaur,Bhopal       , Madhya Pradesh,462001,39Sakshi@gmail.com,943055559,Puma Sports Shoes,Footwear,5499,,,,
2020-01-14,39,0,P026,3,5499,16497,0,0.0,16497.0,1649.7,2142,2020,1,January,Tuesday,10.0,Sakshi Kaur,Bhopal       , Madhya Pradesh,462001,39Sakshi@gmail.com,943055559,Wildcraft Hiking Bag,Bags,5499,,,,
2022-12-02,39,0,P022,3,1999,5997,0,0.0,5997.0,599.7,441,2022,4,December,Friday,10.0,Sakshi Kaur,Bhopal       , Madhya Pradesh,462001,39Sakshi@gmail.com,943055559,Borosil Glass Set,Kitchenware,1999,,,,
2020-01-23,39,0,P002,3,69999,209997,0,0.0,209997.0,20999.7,519,2020,1,January,Thursday,10.0,Sakshi Kaur,Bhopal       , Madhya Pradesh,462001,39Sakshi@gmail.com,943055559,Samsung Galaxy S21,Electronics,69999,,,,
2021-11-09,39,0,P001,3,79999,239997,0,0.0,239997.0,23999.7,636,2021,4,November,Tuesday,10.0,Sakshi Kaur,Bhopal       , Madhya Pradesh,462001,39Sakshi@gmail.com,943055559,Apple iPhone 14,Electronics,79999,,,,
2020-11-26,39,0,P014,3,4999,14997,0,0.0,14997.0,1499.7,852,2020,4,November,Thursday,10.0,Sakshi Kaur,Bhopal       , Madhya Pradesh,462001,39Sakshi@gmail.com,943055559,Bajaj Mixer Grinder,Home Appliances,4999,,,,
2020-07-23,39,0,P018,3,2299,6897,0,0.0,6897.0,689.7,1057,2020,3,July,Thursday,10.0,Sakshi Kaur,Bhopal       , Madhya Pradesh,462001,39Sakshi@gmail.com,943055559,Prestige Pressure Cooker,Home Appliances,2299,,,,
2023-11-24,39,0,P025,3,8999,26997,0,0.0,26997.0,2699.7,1186,2023,4,November,Friday,10.0,Sakshi Kaur,Bhopal       , Madhya Pradesh,462001,39Sakshi@gmail.com,943055559,American Tourister Suitcase,Bags,8999,,,,
2022-01-27,39,0,P015,3,8499,25497,0,0.0,25497.0,2549.7,1227,2022,1,January,Thursday,10.0,Sakshi Kaur,Bhopal       , Madhya Pradesh,462001,39Sakshi@gmail.com,943055559,Philips Air Fryer,Home Appliances,8499,,,,
2021-01-13,39,0,P027,3,699,2097,0,0.0,2097.0,209.7,1389,2021,1,January,Wednesday,10.0,Sakshi Kaur,Bhopal       , Madhya Pradesh,462001,39Sakshi@gmail.com,943055559,L'Oreal Shampoo,Personal Care,699,,,,
2023-11-30,39,0,P014,3,4999,14997,0,0.0,14997.0,1499.7,1571,2023,4,November,Thursday,10.0,Sakshi Kaur,Bhopal       , Madhya Pradesh,462001,39Sakshi@gmail.com,943055559,Bajaj Mixer Grinder,Home Appliances,4999,,,,
2023-01-09,39,0,P012,3,2999,8997,0,0.0,8997.0,899.7,1800,2023,1,January,Monday,10.0,Sakshi Kaur,Bhopal       , Madhya Pradesh,462001,39Sakshi@gmail.com,943055559,FabIndia Kurta,Clothing,2999,,,,
2023-09-19,39,0,P012,3,2999,8997,0,0.0,8997.0,899.7,2119,2023,3,September,Tuesday,10.0,Sakshi Kaur,Bhopal       , Madhya Pradesh,462001,39Sakshi@gmail.com,943055559,FabIndia Kurta,Clothing,2999,,,,
2020-12-07,39,0,P001,3,79999,239997,0,0.0,239997.0,23999.7,2322,2020,4,December,Monday,10.0,Sakshi Kaur,Bhopal       , Madhya Pradesh,462001,39Sakshi@gmail.com,943055559,Apple iPhone 14,Electronics,79999,,,,
2023-06-01,39,0,P014,3,4999,14997,0,0.0,14997.0,1499.7,2449,2023,2,June,Thursday,10.0,Sakshi Kaur,Bhopal       , Madhya Pradesh,462001,39Sakshi@gmail.com,943055559,Bajaj Mixer Grinder,Home Appliances,4999,,,,
2022-03-09,39,0,P012,3,2999,8997,0,0.0,8997.0,899.7,2519,2022,1,March,Wednesday,10.0,Sakshi Kaur,Bhopal       , Madhya Pradesh,462001,39Sakshi@gmail.com,943055559,FabIndia Kurta,Clothing,2999,,,,
2023-09-15,39,0,P016,3,24999,74997,0,0.0,74997.0,7499.7,2684,2023,3,September,Friday,10.0,Sakshi Kaur,Bhopal       , Madhya Pradesh,462001,39Sakshi@gmail.com,943055559,LG Washing Machine,Home Appliances,24999,,,,
2022-08-08,39,0,P004,3,64999,194997,0,0.0,194997.0,19499.7,2721,2022,3,August,Monday,10.0,Sakshi Kaur,Bhopal       , Madhya Pradesh,462001,39Sakshi@gmail.com,943055559,HP Pavilion Laptop,Electronics,64999,,,,
2021-08-16,39,0,P006,3,7499,22497,0,0.0,22497.0,2249.7,2808,2021,3,August,Monday,10.0,Sakshi Kaur,Bhopal       , Madhya Pradesh,462001,39Sakshi@gmail.com,943055559,Nike Running Shoes,Footwear,7499,,,,
2021-09-09,39,0,P020,3,12999,38997,0,0.0,38997.0,3899.7,2932,2021,3,September,Thursday,10.0,Sakshi Kaur,Bhopal       , Madhya Pradesh,462001,39Sakshi@gmail.com,943055559,Fossil Smartwatch,Accessories,12999,,,,
2021-09-27,39,0,P001,3,79999,239997,0,0.0,239997.0,23999.7,3212,2021,3,September,Monday,10.0,Sakshi Kaur,Bhopal       , Madhya Pradesh,462001,39Sakshi@gmail.com,943055559,Apple iPhone 14,Electronics,79999,,,,
2022-11-11,39,0,P009,3,3499,10497,0,0.0,10497.0,1049.7,3396,2022,4,November,Friday,10.0,Sakshi Kaur,Bhopal       , Madhya Pradesh,462001,39Sakshi@gmail.com,943055559,Levi's Denim Jeans,Clothing,3499,,,,
2020-11-04,39,0,P004,2,64999,129998,0,0.0,129998.0,12999.8,248,2020,4,November,Wednesday,10.0,Sakshi Kaur,Bhopal       , Madhya Pradesh,462001,39Sakshi@gmail.com,943055559,HP Pavilion Laptop,Electronics,64999,,,,
2022-06-11,39,0,P021,2,1299,2598,0,0.0,2598.0,259.8,363,2022,2,June,Saturday,10.0,Sakshi Kaur,Bhopal       , Madhya Pradesh,462001,39Sakshi@gmail.com,943055559,Tupperware Lunch Box,Kitchenware,1299,,,,
2021-11-05,39,0,P014,2,4999,9998,0,0.0,9998.0,999.8,908,2021,4,November,Friday,10.0,Sakshi Kaur,Bhopal       , Madhya Pradesh,462001,39Sakshi@gmail.com,943055559,Bajaj Mixer Grinder,Home Appliances,4999,,,,
2020-07-15,39,0,P022,2,1999,3998,0,0.0,3998.0,399.8,1160,2020,3,July,Wednesday,10.0,Sakshi Kaur,Bhopal       , Madhya Pradesh,462001,39Sakshi@gmail.com,943055559,Borosil Glass Set,Kitchenware,1999,,,,
2023-02-25,39,0,P014,2,4999,9998,0,0.0,9998.0,999.8,2178,2023,1,February,Saturday,10.0,Sakshi Kaur,Bhopal       , Madhya Pradesh,462001,39Sakshi@gmail.com,943055559,Bajaj Mixer Grinder,Home Appliances,4999,,,,
2023-11-09,39,0,P019,2,5999,11998,0,0.0,11998.0,1199.8,2313,2023,4,November,Thursday,10.0,Sakshi Kaur,Bhopal       , Madhya Pradesh,462001,39Sakshi@gmail.com,943055559,Titan Wrist Watch,Accessories,5999,,,,
2022-09-28,39,0,P011,2,1499,2998,0,0.0,2998.0,299.8,2625,2022,3,September,Wednesday,10.0,Sakshi Kaur,Bhopal       , Madhya Pradesh,462001,39Sakshi@gmail.com,943055559,H&M T-Shirt,Clothing,1499,,,,
2020-02-04,39,0,P030,2,399,798,0,0.0,798.0,79.8,2803,2020,1,February,Tuesday,10.0,Sakshi Kaur,Bhopal       , Madhya Pradesh,462001,39Sakshi@gmail.com,943055559,Nivea Body Lotion,Personal Care,399,,,,
2023-10-07,39,0,P023,3,1499,4497,0,0.0,4497.0,449.7,2774,2023,4,October,Saturday,10.0,Sakshi Kaur,Bhopal       , Madhya Pradesh,462001,39Sakshi@gmail.com,943055559,Milton Thermos Flask,Kitchenware,1499,,,,
2022-08-23,39,0,P010,2,2199,4398,0,0.0,4398.0,439.8,3011,2022,3,August,Tuesday,10.0,Sakshi Kaur,Bhopal       , Madhya Pradesh,462001,39Sakshi@gmail.com,943055559,Zara Casual Shirt,Clothing,2199,,,,
2021-08-06,39,0,P005,2,92499,184998,0,0.0,184998.0,18499.8,3201,2021,3,August,Friday,10.0,Sakshi Kaur,Bhopal       , Madhya Pradesh,462001,39Sakshi@gmail.com,943055559,Apple MacBook Air,Electronics,92499,,,,
2022-07-05,39,0,P002,2,69999,139998,0,0.0,139998.0,13999.8,3215,2022,3,July,Tuesday,10.0,Sakshi Kaur,Bhopal       , Madhya Pradesh,462001,39Sakshi@gmail.com,943055559,Samsung Galaxy S21,Electronics,69999,,,,
2020-08-09,39,0,P026,2,5499,10998,0,0.0,10998.0,1099.8,156,2020,3,August,Sunday,10.0,Sakshi Kaur,Bhopal       , Madhya Pradesh,462001,39Sakshi@gmail.com,943055559,Wildcraft Hiking Bag,Bags,5499,,,,
2022-03-17,39,0,P023,3,1499,4497,0,0.0,4497.0,449.7,2871,2022,1,March,Thursday,10.0,Sakshi Kaur,Bhopal       , Madhya Pradesh,462001,39Sakshi@gmail.com,943055559,Milton Thermos Flask,Kitchenware,1499,,,,
2023-10-23,39,0,P026,2,5499,10998,0,0.0,10998.0,1099.8,1856,2023,4,October,Monday,10.0,Sakshi Kaur,Bhopal       , Madhya Pradesh,462001,39Sakshi@gmail.com,943055559,Wildcraft Hiking Bag,Bags,5499,,,,
2023-07-26,39,0,P013,1,15999,15999,0,0.0,15999.0,1599.9,253,2023,3,July,Wednesday,10.0,Sakshi Kaur,Bhopal       , Madhya Pradesh,462001,39Sakshi@gmail.com,943055559,Raymond Suit,Clothing,15999,,,,
2023-02-13,39,0,P017,1,10499,10499,0,0.0,10499.0,1049.9,565,2023,1,February,Monday,10.0,Sakshi Kaur,Bhopal       , Madhya Pradesh,462001,39Sakshi@gmail.com,943055559,IFB Microwave Oven,Home Appliances,10499,,,,
2023-11-26,39,0,P001,1,79999,79999,0,0.0,79999.0,7999.9,1181,2023,4,November,Sunday,10.0,Sakshi Kaur,Bhopal       , Madhya Pradesh,462001,39Sakshi@gmail.com,943055559,Apple iPhone 14,Electronics,79999,,,,
2022-06-17,39,0,P028,1,349,349,0,0.0,349.0,34.9,1273,2022,2,June,Friday,10.0,Sakshi Kaur,Bhopal       , Madhya Pradesh,462001,39Sakshi@gmail.com,943055559,Dove Soap Pack,Personal Care,349,,,,
2023-02-14,39,0,P022,1,1999,1999,0,0.0,1999.0,199.9,1376,2023,1,February,Tuesday,10.0,Sakshi Kaur,Bhopal       , Madhya Pradesh,462001,39Sakshi@gmail.com,943055559,Borosil Glass Set,Kitchenware,1999,,,,
2023-09-16,39,0,P011,1,1499,1499,0,0.0,1499.0,149.9,1415,2023,3,September,Saturday,10.0,Sakshi Kaur,Bhopal       , Madhya Pradesh,462001,39Sakshi@gmail.com,943055559,H&M T-Shirt,Clothing,1499,,,,
2023-02-28,39,0,P023,1,1499,1499,0,0.0,1499.0,149.9,1432,2023,1,February,Tuesday,10.0,Sakshi Kaur,Bhopal       , Madhya Pradesh,462001,39Sakshi@gmail.com,943055559,Milton Thermos Flask,Kitchenware,1499,,,,
2023-09-14,39,0,P001,1,79999,79999,0,0.0,79999.0,7999.9,1635,2023,3,September,Thursday,10.0,Sakshi Kaur,Bhopal       , Madhya Pradesh,462001,39Sakshi@gmail.com,943055559,Apple iPhone 14,Electronics,79999,,,,
2021-10-07,39,0,P012,1,2999,2999,0,0.0,2999.0,299.9,1645,2021,4,October,Thursday,10.0,Sakshi Kaur,Bhopal       , Madhya Pradesh,462001,39Sakshi@gmail.com,943055559,FabIndia Kurta,Clothing,2999,,,,
2022-07-13,39,0,P026,1,5499,5499,0,0.0,5499.0,549.9,1758,2022,3,July,Wednesday,10.0,Sakshi Kaur,Bhopal       , Madhya Pradesh,462001,39Sakshi@gmail.com,943055559,Wildcraft Hiking Bag,Bags,5499,,,,
2022-07-19,39,0,P013,1,15999,15999,0,0.0,15999.0,1599.9,1859,2022,3,July,Tuesday,10.0,Sakshi Kaur,Bhopal       , Madhya Pradesh,462001,39Sakshi@gmail.com,943055559,Raymond Suit,Clothing,15999,,,,
2023-06-05,39,0,P016,1,24999,24999,0,0.0,24999.0,2499.9,1884,2023,2,June,Monday,10.0,Sakshi Kaur,Bhopal       , Madhya Pradesh,462001,39Sakshi@gmail.com,943055559,LG Washing Machine,Home Appliances,24999,,,,
2023-10-22,39,0,P027,1,699,699,0,0.0,699.0,69.9,1942,2023,4,October,Sunday,10.0,Sakshi Kaur,Bhopal       , Madhya Pradesh,462001,39Sakshi@gmail.com,943055559,L'Oreal Shampoo,Personal Care,699,,,,
2021-02-21,39,0,P012,1,2999,2999,0,0.0,2999.0,299.9,2038,2021,1,February,Sunday,10.0,Sakshi Kaur,Bhopal       , Madhya Pradesh,462001,39Sakshi@gmail.com,943055559,FabIndia Kurta,Clothing,2999,,,,
2023-10-01,39,0,P006,1,7499,7499,0,0.0,7499.0,749.9,2256,2023,4,October,Sunday,10.0,Sakshi Kaur,Bhopal       , Madhya Pradesh,462001,39Sakshi@gmail.com,943055559,Nike Running Shoes,Footwear,7499,,,,
2023-06-22,39,0,P019,1,5999,5999,0,0.0,5999.0,599.9,2282,2023,2,June,Thursday,10.0,Sakshi Kaur,Bhopal       , Madhya Pradesh,462001,39Sakshi@gmail.com,943055559,Titan Wrist Watch,Accessories,5999,,,,
2020-11-10,39,0,P005,1,92499,92499,0,0.0,92499.0,9249.9,2287,2020,4,November,Tuesday,10.0,Sakshi Kaur,Bhopal       , Madhya Pradesh,462001,39Sakshi@gmail.com,943055559,Apple MacBook Air,Electronics,92499,,,,
2021-12-18,39,0,P030,1,399,399,0,0.0,399.0,39.9,2460,2021,4,December,Saturday,10.0,Sakshi Kaur,Bhopal       , Madhya Pradesh,462001,39Sakshi@gmail.com,943055559,Nivea Body Lotion,Personal Care,399,,,,
2022-09-19,39,0,P004,1,64999,64999,0,0.0,64999.0,6499.9,2749,2022,3,September,Monday,10.0,Sakshi Kaur,Bhopal       , Madhya Pradesh,462001,39Sakshi@gmail.com,943055559,HP Pavilion Laptop,Electronics,64999,,,,
2021-12-05,39,0,P016,1,24999,24999,0,0.0,24999.0,2499.9,2846,2021,4,December,Sunday,10.0,Sakshi Kaur,Bhopal       , Madhya Pradesh,462001,39Sakshi@gmail.com,943055559,LG Washing Machine,Home Appliances,24999,,,,
2021-09-20,39,0,P009,1,3499,3499,0,0.0,3499.0,349.9,3045,2021,3,September,Monday,10.0,Sakshi Kaur,Bhopal       , Madhya Pradesh,462001,39Sakshi@gmail.com,943055559,Levi's Denim Jeans,Clothing,3499,,,,
2021-09-03,39,0,P023,1,1499,1499,0,0.0,1499.0,149.9,3053,2021,3,September,Friday,10.0,Sakshi Kaur,Bhopal       , Madhya Pradesh,462001,39Sakshi@gmail.com,943055559,Milton Thermos Flask,Kitchenware,1499,,,,
2023-06-24,39,0,P011,1,1499,1499,0,0.0,1499.0,149.9,3459,2023,2,June,Saturday,10.0,Sakshi Kaur,Bhopal       , Madhya Pradesh,462001,39Sakshi@gmail.com,943055559,H&M T-Shirt,Clothing,1499,,,,
2021-05-24,39,PR001,P013,2,15999,31998,20,6399.6,25598.4,2559.84,691,2021,2,May,Monday,10.0,Sakshi Kaur,Bhopal       , Madhya Pradesh,462001,39Sakshi@gmail.com,943055559,Raymond Suit,Clothing,15999,Summer Sale,Email,SUMMER21,20% off
2021-04-21,39,PR001,P012,2,2999,5998,20,1199.6,4798.4,479.84,991,2021,2,April,Wednesday,10.0,Sakshi Kaur,Bhopal       , Madhya Pradesh,462001,39Sakshi@gmail.com,943055559,FabIndia Kurta,Clothing,2999,Summer Sale,Email,SUMMER21,20% off
2022-05-21,39,PR001,P020,2,12999,25998,20,5199.6,20798.4,2079.84,2440,2022,2,May,Saturday,10.0,Sakshi Kaur,Bhopal       , Madhya Pradesh,462001,39Sakshi@gmail.com,943055559,Fossil Smartwatch,Accessories,12999,Summer Sale,Email,SUMMER21,20% off
2020-05-06,39,PR001,P004,3,64999,194997,20,38999.4,155997.6,15599.76,152,2020,2,May,Wednesday,10.0,Sakshi Kaur,Bhopal       , Madhya Pradesh,462001,39Sakshi@gmail.com,943055559,HP Pavilion Laptop,Electronics,64999,Summer Sale,Email,SUMMER21,20% off
2021-05-26,39,PR001,P023,3,1499,4497,20,899.4,3597.6,359.76,1447,2021,2,May,Wednesday,10.0,Sakshi Kaur,Bhopal       , Madhya Pradesh,462001,39Sakshi@gmail.com,943055559,Milton Thermos Flask,Kitchenware,1499,Summer Sale,Email,SUMMER21,20% off
2022-05-29,39,PR001,P010,3,2199,6597,20,1319.4,5277.6,527.76,1624,2022,2,May,Sunday,10.0,Sakshi Kaur,Bhopal       , Madhya Pradesh,462001,39Sakshi@gmail.com,943055559,Zara Casual Shirt,Clothing,2199,Summer Sale,Email,SUMMER21,20% off
2022-05-02,39,PR001,P030,3,399,1197,20,239.4,957.6,95.76,2199,2022,2,May,Monday,10.0,Sakshi Kaur,Bhopal       , Madhya Pradesh,462001,39Sakshi@gmail.com,943055559,Nivea Body Lotion,Personal Care,399,Summer Sale,Email,SUMMER21,20% off
2023-05-28,39,PR001,P019,3,5999,17997,20,3599.4,14397.6,1439.76,3140,2023,2,May,Sunday,10.0,Sakshi Kaur,Bhopal       , Madhya Pradesh,462001,39Sakshi@gmail.com,943055559,Titan Wrist Watch,Accessories,5999,Summer Sale,Email,SUMMER21,20% off
2023-05-03,39,PR001,P012,1,2999,2999,20,599.8,2399.2,239.92,567,2023,2,May,Wednesday,10.0,Sakshi Kaur,Bhopal       , Madhya Pradesh,462001,39Sakshi@gmail.com,943055559,FabIndia Kurta,Clothing,2999,Summer Sale,Email,SUMMER21,20% off
2020-04-17,39,PR001,P016,1,24999,24999,20,4999.8,19999.2,1999.92,1952,2020,2,April,Friday,10.0,Sakshi Kaur,Bhopal       , Madhya Pradesh,462001,39Sakshi@gmail.com,943055559,LG Washing Machine,Home Appliances,24999,Summer Sale,Email,SUMMER21,20% off
2023-12-29,39,PR005,P020,1,12999,12999,70,9099.3,3899.7,389.97,217,2023,4,December,Friday,10.0,Sakshi Kaur,Bhopal       , Madhya Pradesh,462001,39Sakshi@gmail.com,943055559,Fossil Smartwatch,Accessories,12999,Clearance Sale,In-App,CLEARANCE23,70% off
2020-02-16,4,0,P007,2,6999,13998,0,0.0,13998.0,1399.8,2383,2020,1,February,Sunday,10.0,Ananya Mehta,Bhopal       , Madhya Pradesh,462001,4Ananya@gmail.com,804038105,Adidas Sneakers,Footwear,6999,,,,
2023-10-24,4,0,P008,3,5499,16497,0,0.0,16497.0,1649.7,1042,2023,4,October,Tuesday,10.0,Ananya Mehta,Bhopal       , Madhya Pradesh,462001,4Ananya@gmail.com,804038105,Puma Sports Shoes,Footwear,5499,,,,
2021-09-30,4,0,P026,3,5499,16497,0,0.0,16497.0,1649.7,2528,2021,3,September,Thursday,10.0,Ananya Mehta,Bhopal       , Madhya Pradesh,462001,4Ananya@gmail.com,804038105,Wildcraft Hiking Bag,Bags,5499,,,,
2021-01-03,4,0,P022,3,1999,5997,0,0.0,5997.0,599.7,376,2021,1,January,Sunday,10.0,Ananya Mehta,Bhopal       , Madhya Pradesh,462001,4Ananya@gmail.com,804038105,Borosil Glass Set,Kitchenware,1999,,,,
2021-03-18,4,0,P002,3,69999,209997,0,0.0,209997.0,20999.7,429,2021,1,March,Thursday,10.0,Ananya Mehta,Bhopal       , Madhya Pradesh,462001,4Ananya@gmail.com,804038105,Samsung Galaxy S21,Electronics,69999,,,,
2023-11-13,4,0,P022,3,1999,5997,0,0.0,5997.0,599.7,430,2023,4,November,Monday,10.0,Ananya Mehta,Bhopal       , Madhya Pradesh,462001,4Ananya@gmail.com,804038105,Borosil Glass Set,Kitchenware,1999,,,,
2021-12-08,4,0,P025,3,8999,26997,0,0.0,26997.0,2699.7,1112,2021,4,December,Wednesday,10.0,Ananya Mehta,Bhopal       , Madhya Pradesh,462001,4Ananya@gmail.com,804038105,American Tourister Suitcase,Bags,8999,,,,
2020-12-05,4,0,P021,3,1299,3897,0,0.0,3897.0,389.7,1521,2020,4,December,Saturday,10.0,Ananya Mehta,Bhopal       , Madhya Pradesh,462001,4Ananya@gmail.com,804038105,Tupperware Lunch Box,Kitchenware,1299,,,,
2022-03-02,4,0,P018,3,2299,6897,0,0.0,6897.0,689.7,1660,2022,1,March,Wednesday,10.0,Ananya Mehta,Bhopal       , Madhya Pradesh,462001,4Ananya@gmail.com,804038105,Prestige Pressure Cooker,Home Appliances,2299,,,,
2023-08-15,4,0,P003,3,89999,269997,0,0.0,269997.0,26999.7,1888,2023,3,August,Tuesday,10.0,Ananya Mehta,Bhopal       , Madhya Pradesh,462001,4Ananya@gmail.com,804038105,"Sony Bravia 55"" TV",Electronics,89999,,,,
2021-03-01,4,0,P013,3,15999,47997,0,0.0,47997.0,4799.7,2103,2021,1,March,Monday,10.0,Ananya Mehta,Bhopal       , Madhya Pradesh,462001,4Ananya@gmail.com,804038105,Raymond Suit,Clothing,15999,,,,
2023-06-24,4,0,P020,3,12999,38997,0,0.0,38997.0,3899.7,2139,2023,2,June,Saturday,10.0,Ananya Mehta,Bhopal       , Madhya Pradesh,462001,4Ananya@gmail.com,804038105,Fossil Smartwatch,Accessories,12999,,,,
2020-03-22,4,0,P003,3,89999,269997,0,0.0,269997.0,26999.7,2434,2020,1,March,Sunday,10.0,Ananya Mehta,Bhopal       , Madhya Pradesh,462001,4Ananya@gmail.com,804038105,"Sony Bravia 55"" TV",Electronics,89999,,,,
2020-02-12,4,0,P014,3,4999,14997,0,0.0,14997.0,1499.7,2569,2020,1,February,Wednesday,10.0,Ananya Mehta,Bhopal       , Madhya Pradesh,462001,4Ananya@gmail.com,804038105,Bajaj Mixer Grinder,Home Appliances,4999,,,,
2021-03-30,4,0,P006,3,7499,22497,0,0.0,22497.0,2249.7,2660,2021,1,March,Tuesday,10.0,Ananya Mehta,Bhopal       , Madhya Pradesh,462001,4Ananya@gmail.com,804038105,Nike Running Shoes,Footwear,7499,,,,
2020-02-16,4,0,P006,3,7499,22497,0,0.0,22497.0,2249.7,2729,2020,1,February,Sunday,10.0,Ananya Mehta,Bhopal       , Madhya Pradesh,462001,4Ananya@gmail.com,804038105,Nike Running Shoes,Footwear,7499,,,,
2020-02-05,4,0,P009,3,3499,10497,0,0.0,10497.0,1049.7,2795,2020,1,February,Wednesday,10.0,Ananya Mehta,Bhopal       , Madhya Pradesh,462001,4Ananya@gmail.com,804038105,Levi's Denim Jeans,Clothing,3499,,,,
2023-03-21,4,0,P018,3,2299,6897,0,0.0,6897.0,689.7,2798,2023,1,March,Tuesday,10.0,Ananya Mehta,Bhopal       , Madhya Pradesh,462001,4Ananya@gmail.com,804038105,Prestige Pressure Cooker,Home Appliances,2299,,,,
2023-03-29,4,0,P015,3,8499,25497,0,0.0,25497.0,2549.7,2973,2023,1,March,Wednesday,10.0,Ananya Mehta,Bhopal       , Madhya Pradesh,462001,4Ananya@gmail.com,804038105,Philips Air Fryer,Home Appliances,8499,,,,
2023-02-06,4,0,P001,3,79999,239997,0,0.0,239997.0,23999.7,3040,2023,1,February,Monday,10.0,Ananya Mehta,Bhopal       , Madhya Pradesh,462001,4Ananya@gmail.com,804038105,Apple iPhone 14,Electronics,79999,,,,
2023-06-29,4,0,P001,3,79999,239997,0,0.0,239997.0,23999.7,3237,2023,2,June,Thursday,10.0,Ananya Mehta,Bhopal       , Madhya Pradesh,462001,4Ananya@gmail.com,804038105,Apple iPhone 14,Electronics,79999,,,,
2020-02-07,4,0,P005,3,92499,277497,0,0.0,277497.0,27749.7,3238,2020,1,February,Friday,10.0,Ananya Mehta,Bhopal       , Madhya Pradesh,462001,4Ananya@gmail.com,804038105,Apple MacBook Air,Electronics,92499,,,,
2022-02-09,4,0,P019,3,5999,17997,0,0.0,17997.0,1799.7,3254,2022,1,February,Wednesday,10.0,Ananya Mehta,Bhopal       , Madhya Pradesh,462001,4Ananya@gmail.com,804038105,Titan Wrist Watch,Accessories,5999,,,,
2021-06-16,4,0,P022,3,1999,5997,0,0.0,5997.0,599.7,3274,2021,2,June,Wednesday,10.0,Ananya Mehta,Bhopal       , Madhya Pradesh,462001,4Ananya@gmail.com,804038105,Borosil Glass Set,Kitchenware,1999,,,,
2023-09-05,4,0,P027,3,699,2097,0,0.0,2097.0,209.7,3280,2023,3,September,Tuesday,10.0,Ananya Mehta,Bhopal       , Madhya Pradesh,462001,4Ananya@gmail.com,804038105,L'Oreal Shampoo,Personal Care,699,,,,
2022-09-20,4,0,P002,3,69999,209997,0,0.0,209997.0,20999.7,3481,2022,3,September,Tuesday,10.0,Ananya Mehta,Bhopal       , Madhya Pradesh,462001,4Ananya@gmail.com,804038105,Samsung Galaxy S21,Electronics,69999,,,,
2022-03-23,4,0,P028,2,349,698,0,0.0,698.0,69.8,141,2022,1,March,Wednesday,10.0,Ananya Mehta,Bhopal       , Madhya Pradesh,462001,4Ananya@gmail.com,804038105,Dove Soap Pack,Personal Care,349,,,,
2021-09-18,4,0,P002,2,69999,139998,0,0.0,139998.0,13999.8,398,2021,3,September,Saturday,10.0,Ananya Mehta,Bhopal       , Madhya Pradesh,462001,4Ananya@gmail.com,804038105,Samsung Galaxy S21,Electronics,69999,,,,
2022-01-10,4,0,P012,2,2999,5998,0,0.0,5998.0,599.8,1194,2022,1,January,Monday,10.0,Ananya Mehta,Bhopal       , Madhya Pradesh,462001,4Ananya@gmail.com,804038105,FabIndia Kurta,Clothing,2999,,,,
2022-06-18,4,0,P003,2,89999,179998,0,0.0,179998.0,17999.8,1875,2022,2,June,Saturday,10.0,Ananya Mehta,Bhopal       , Madhya Pradesh,462001,4Ananya@gmail.com,804038105,"Sony Bravia 55"" TV",Electronics,89999,,,,
2022-06-02,4,0,P004,2,64999,129998,0,0.0,129998.0,12999.8,1975,2022,2,June,Thursday,10.0,Ananya Mehta,Bhopal       , Madhya Pradesh,462001,4Ananya@gmail.com,804038105,HP Pavilion Laptop,Electronics,64999,,,,
2020-12-14,4,0,P019,2,5999,11998,0,0.0,11998.0,1199.8,2007,2020,4,December,Monday,10.0,Ananya Mehta,Bhopal       , Madhya Pradesh,462001,4Ananya@gmail.com,804038105,Titan Wrist Watch,Accessories,5999,,,,
2022-12-02,4,0,P001,2,79999,159998,0,0.0,159998.0,15999.8,2532,2022,4,December,Friday,10.0,Ananya Mehta,Bhopal       , Madhya Pradesh,462001,4Ananya@gmail.com,804038105,Apple iPhone 14,Electronics,79999,,,,
2021-06-22,4,0,P019,2,5999,11998,0,0.0,11998.0,1199.8,2701,2021,2,June,Tuesday,10.0,Ananya Mehta,Bhopal       , Madhya Pradesh,462001,4Ananya@gmail.com,804038105,Titan Wrist Watch,Accessories,5999,,,,
2022-06-17,4,0,P027,2,699,1398,0,0.0,1398.0,139.8,2726,2022,2,June,Friday,10.0,Ananya Mehta,Bhopal       , Madhya Pradesh,462001,4Ananya@gmail.com,804038105,L'Oreal Shampoo,Personal Care,699,,,,
2023-12-10,4,0,P029,2,99,198,0,0.0,198.0,19.8,2988,2023,4,December,Sunday,10.0,Ananya Mehta,Bhopal       , Madhya Pradesh,462001,4Ananya@gmail.com,804038105,Colgate Toothpaste,Personal Care,99,,,,
2020-07-22,4,0,P015,2,8499,16998,0,0.0,16998.0,1699.8,3355,2020,3,July,Wednesday,10.0,Ananya Mehta,Bhopal       , Madhya Pradesh,462001,4Ananya@gmail.com,804038105,Philips Air Fryer,Home Appliances,8499,,,,
2023-10-17,4,0,P014,2,4999,9998,0,0.0,9998.0,999.8,3424,2023,4,October,Tuesday,10.0,Ananya Mehta,Bhopal       , Madhya Pradesh,462001,4Ananya@gmail.com,804038105,Bajaj Mixer Grinder,Home Appliances,4999,,,,
2022-09-04,4,0,P023,1,1499,1499,0,0.0,1499.0,149.9,273,2022,3,September,Sunday,10.0,Ananya Mehta,Bhopal       , Madhya Pradesh,462001,4Ananya@gmail.com,804038105,Milton Thermos Flask,Kitchenware,1499,,,,
2020-08-25,4,0,P027,1,699,699,0,0.0,699.0,69.9,521,2020,3,August,Tuesday,10.0,Ananya Mehta,Bhopal       , Madhya Pradesh,462001,4Ananya@gmail.com,804038105,L'Oreal Shampoo,Personal Care,699,,,,
2022-07-04,4,0,P008,1,5499,5499,0,0.0,5499.0,549.9,538,2022,3,July,Monday,10.0,Ananya Mehta,Bhopal       , Madhya Pradesh,462001,4Ananya@gmail.com,804038105,Puma Sports Shoes,Footwear,5499,,,,
2023-06-10,4,0,P010,1,2199,2199,0,0.0,2199.0,219.9,772,2023,2,June,Saturday,10.0,Ananya Mehta,Bhopal       , Madhya Pradesh,462001,4Ananya@gmail.com,804038105,Zara Casual Shirt,Clothing,2199,,,,
2023-06-28,4,0,P015,1,8499,8499,0,0.0,8499.0,849.9,802,2023,2,June,Wednesday,10.0,Ananya Mehta,Bhopal       , Madhya Pradesh,462001,4Ananya@gmail.com,804038105,Philips Air Fryer,Home Appliances,8499,,,,
2022-03-06,4,0,P018,1,2299,2299,0,0.0,2299.0,229.9,807,2022,1,March,Sunday,10.0,Ananya Mehta,Bhopal       , Madhya Pradesh,462001,4Ananya@gmail.com,804038105,Prestige Pressure Cooker,Home Appliances,2299,,,,
2023-09-28,4,0,P024,1,2799,2799,0,0.0,2799.0,279.9,944,2023,3,September,Thursday,10.0,Ananya Mehta,Bhopal       , Madhya Pradesh,462001,4Ananya@gmail.com,804038105,Puma Backpack,Bags,2799,,,,
2021-08-27,4,0,P024,1,2799,2799,0,0.0,2799.0,279.9,968,2021,3,August,Friday,10.0,Ananya Mehta,Bhopal       , Madhya Pradesh,462001,4Ananya@gmail.com,804038105,Puma Backpack,Bags,2799,,,,
2022-12-17,4,0,P011,1,1499,1499,0,0.0,1499.0,149.9,985,2022,4,December,Saturday,10.0,Ananya Mehta,Bhopal       , Madhya Pradesh,462001,4Ananya@gmail.com,804038105,H&M T-Shirt,Clothing,1499,,,,
2023-08-02,4,0,P002,1,69999,69999,0,0.0,69999.0,6999.9,1450,2023,3,August,Wednesday,10.0,Ananya Mehta,Bhopal       , Madhya Pradesh,462001,4Ananya@gmail.com,804038105,Samsung Galaxy S21,Electronics,69999,,,,
2020-08-02,4,0,P003,1,89999,89999,0,0.0,89999.0,8999.9,1834,2020,3,August,Sunday,10.0,Ananya Mehta,Bhopal       , Madhya Pradesh,462001,4Ananya@gmail.com,804038105,"Sony Bravia 55"" TV",Electronics,89999,,,,
2022-03-05,4,0,P010,1,2199,2199,0,0.0,2199.0,219.9,1999,2022,1,March,Saturday,10.0,Ananya Mehta,Bhopal       , Madhya Pradesh,462001,4Ananya@gmail.com,804038105,Zara Casual Shirt,Clothing,2199,,,,
2021-09-12,4,0,P009,1,3499,3499,0,0.0,3499.0,349.9,3107,2021,3,September,Sunday,10.0,Ananya Mehta,Bhopal       , Madhya Pradesh,462001,4Ananya@gmail.com,804038105,Levi's Denim Jeans,Clothing,3499,,,,
2021-12-21,4,0,P005,1,92499,92499,0,0.0,92499.0,9249.9,3300,2021,4,December,Tuesday,10.0,Ananya Mehta,Bhopal       , Madhya Pradesh,462001,4Ananya@gmail.com,804038105,Apple MacBook Air,Electronics,92499,,,,
2023-04-26,4,PR001,P029,2,99,198,20,39.6,158.4,15.84,769,2023,2,April,Wednesday,10.0,Ananya Mehta,Bhopal       , Madhya Pradesh,462001,4Ananya@gmail.com,804038105,Colgate Toothpaste,Personal Care,99,Summer Sale,Email,SUMMER21,20% off
2022-05-28,4,PR001,P021,2,1299,2598,20,519.6,2078.4,207.84,868,2022,2,May,Saturday,10.0,Ananya Mehta,Bhopal       , Madhya Pradesh,462001,4Ananya@gmail.com,804038105,Tupperware Lunch Box,Kitchenware,1299,Summer Sale,Email,SUMMER21,20% off
2020-04-23,4,PR001,P008,2,5499,10998,20,2199.6,8798.4,879.84,1226,2020,2,April,Thursday,10.0,Ananya Mehta,Bhopal       , Madhya Pradesh,462001,4Ananya@gmail.com,804038105,Puma Sports Shoes,Footwear,5499,Summer Sale,Email,SUMMER21,20% off
2022-05-07,4,PR001,P027,2,699,1398,20,279.6,1118.4,111.84,1316,2022,2,May,Saturday,10.0,Ananya Mehta,Bhopal       , Madhya Pradesh,462001,4Ananya@gmail.com,804038105,L'Oreal Shampoo,Personal Care,699,Summer Sale,Email,SUMMER21,20% off
2022-04-01,4,PR001,P020,2,12999,25998,20,5199.6,20798.4,2079.84,2689,2022,2,April,Friday,10.0,Ananya Mehta,Bhopal       , Madhya Pradesh,462001,4Ananya@gmail.com,804038105,Fossil Smartwatch,Accessories,12999,Summer Sale,Email,SUMMER21,20% off
2020-04-24,4,PR001,P010,2,2199,4398,20,879.6,3518.4,351.84,2916,2020,2,April,Friday,10.0,Ananya Mehta,Bhopal       , Madhya Pradesh,462001,4Ananya@gmail.com,804038105,Zara Casual Shirt,Clothing,2199,Summer Sale,Email,SUMMER21,20% off
2023-04-10,4,PR001,P010,2,2199,4398,20,879.6,3518.4,351.84,3167,2023,2,April,Monday,10.0,Ananya Mehta,Bhopal       , Madhya Pradesh,462001,4Ananya@gmail.com,804038105,Zara Casual Shirt,Clothing,2199,Summer Sale,Email,SUMMER21,20% off
2022-05-29,4,PR001,P018,3,2299,6897,20,1379.4,5517.6,551.76,60,2022,2,May,Sunday,10.0,Ananya Mehta,Bhopal       , Madhya Pradesh,462001,4Ananya@gmail.com,804038105,Prestige Pressure Cooker,Home Appliances,2299,Summer Sale,Email,SUMMER21,20% off
2020-05-10,4,PR001,P029,3,99,297,20,59.4,237.6,23.76,1470,2020,2,May,Sunday,10.0,Ananya Mehta,Bhopal       , Madhya Pradesh,462001,4Ananya@gmail.com,804038105,Colgate Toothpaste,Personal Care,99,Summer Sale,Email,SUMMER21,20% off
2020-05-28,4,PR001,P026,3,5499,16497,20,3299.4,13197.6,1319.76,2128,2020,2,May,Thursday,10.0,Ananya Mehta,Bhopal       , Madhya Pradesh,462001,4Ananya@gmail.com,804038105,Wildcraft Hiking Bag,Bags,5499,Summer Sale,Email,SUMMER21,20% off
2021-05-04,4,PR001,P001,3,79999,239997,20,47999.4,191997.6,19199.76,2264,2021,2,May,Tuesday,10.0,Ananya Mehta,Bhopal       , Madhya Pradesh,462001,4Ananya@gmail.com,804038105,Apple iPhone 14,Electronics,79999,Summer Sale,Email,SUMMER21,20% off
2021-04-13,4,PR001,P005,3,92499,277497,20,55499.4,221997.6,22199.76,2819,2021,2,April,Tuesday,10.0,Ananya Mehta,Bhopal       , Madhya Pradesh,462001,4Ananya@gmail.com,804038105,Apple MacBook Air,Electronics,92499,Summer Sale,Email,SUMMER21,20% off
2022-04-01,4,PR001,P014,1,4999,4999,20,999.8,3999.2,399.92,104,2022,2,April,Friday,10.0,Ananya Mehta,Bhopal       , Madhya Pradesh,462001,4Ananya@gmail.com,804038105,Bajaj Mixer Grinder,Home Appliances,4999,Summer Sale,Email,SUMMER21,20% off
2023-05-03,4,PR001,P029,1,99,99,20,19.8,79.2,7.92,588,2023,2,May,Wednesday,10.0,Ananya Mehta,Bhopal       , Madhya Pradesh,462001,4Ananya@gmail.com,804038105,Colgate Toothpaste,Personal Care,99,Summer Sale,Email,SUMMER21,20% off
2022-04-11,4,PR001,P013,1,15999,15999,20,3199.8,12799.2,1279.92,602,2022,2,April,Monday,10.0,Ananya Mehta,Bhopal       , Madhya Pradesh,462001,4Ananya@gmail.com,804038105,Raymond Suit,Clothing,15999,Summer Sale,Email,SUMMER21,20% off
2022-04-03,4,PR001,P006,1,7499,7499,20,1499.8,5999.2,599.92,675,2022,2,April,Sunday,10.0,Ananya Mehta,Bhopal       , Madhya Pradesh,462001,4Ananya@gmail.com,804038105,Nike Running Shoes,Footwear,7499,Summer Sale,Email,SUMMER21,20% off
2020-04-10,4,PR001,P001,1,79999,79999,20,15999.8,63999.2,6399.92,3197,2020,2,April,Friday,10.0,Ananya Mehta,Bhopal       , Madhya Pradesh,462001,4Ananya@gmail.com,804038105,Apple iPhone 14,Electronics,79999,Summer Sale,Email,SUMMER21,20% off
2023-07-23,4,PR004,P004,2,64999,129998,50,64999.0,64999.0,6499.9,986,2023,3,July,Sunday,10.0,Ananya Mehta,Bhopal       , Madhya Pradesh,462001,4Ananya@gmail.com,804038105,HP Pavilion Laptop,Electronics,64999,Weekend Flash Sale,Mobile Push,FLASH50,50% off
2023-09-05,40,0,P010,2,2199,4398,0,0.0,4398.0,439.8,3052,2023,3,September,Tuesday,10.0,Samir Ghosh,Jaipur       , Rajasthan     ,302001,40Samir@gmail.com,871488907,Zara Casual Shirt,Clothing,2199,,,,
2020-01-14,40,0,P026,3,5499,16497,0,0.0,16497.0,1649.7,745,2020,1,January,Tuesday,10.0,Samir Ghosh,Jaipur       , Rajasthan     ,302001,40Samir@gmail.com,871488907,Wildcraft Hiking Bag,Bags,5499,,,,
2021-12-29,40,0,P030,3,399,1197,0,0.0,1197.0,119.7,130,2021,4,December,Wednesday,10.0,Samir Ghosh,Jaipur       , Rajasthan     ,302001,40Samir@gmail.com,871488907,Nivea Body Lotion,Personal Care,399,,,,
2023-03-19,40,0,P016,3,24999,74997,0,0.0,74997.0,7499.7,419,2023,1,March,Sunday,10.0,Samir Ghosh,Jaipur       , Rajasthan     ,302001,40Samir@gmail.com,871488907,LG Washing Machine,Home Appliances,24999,,,,
2023-02-25,40,0,P012,3,2999,8997,0,0.0,8997.0,899.7,705,2023,1,February,Saturday,10.0,Samir Ghosh,Jaipur       , Rajasthan     ,302001,40Samir@gmail.com,871488907,FabIndia Kurta,Clothing,2999,,,,
2020-01-22,40,0,P004,3,64999,194997,0,0.0,194997.0,19499.7,981,2020,1,January,Wednesday,10.0,Samir Ghosh,Jaipur       , Rajasthan     ,302001,40Samir@gmail.com,871488907,HP Pavilion Laptop,Electronics,64999,,,,
2023-06-26,40,0,P019,3,5999,17997,0,0.0,17997.0,1799.7,1418,2023,2,June,Monday,10.0,Samir Ghosh,Jaipur       , Rajasthan     ,302001,40Samir@gmail.com,871488907,Titan Wrist Watch,Accessories,5999,,,,
2023-02-07,40,0,P020,3,12999,38997,0,0.0,38997.0,3899.7,1646,2023,1,February,Tuesday,10.0,Samir Ghosh,Jaipur       , Rajasthan     ,302001,40Samir@gmail.com,871488907,Fossil Smartwatch,Accessories,12999,,,,
2021-03-01,40,0,P015,3,8499,25497,0,0.0,25497.0,2549.7,2143,2021,1,March,Monday,10.0,Samir Ghosh,Jaipur       , Rajasthan     ,302001,40Samir@gmail.com,871488907,Philips Air Fryer,Home Appliances,8499,,,,
2021-10-13,40,0,P001,3,79999,239997,0,0.0,239997.0,23999.7,2151,2021,4,October,Wednesday,10.0,Samir Ghosh,Jaipur       , Rajasthan     ,302001,40Samir@gmail.com,871488907,Apple iPhone 14,Electronics,79999,,,,
2022-11-26,40,0,P029,3,99,297,0,0.0,297.0,29.7,2245,2022,4,November,Saturday,10.0,Samir Ghosh,Jaipur       , Rajasthan     ,302001,40Samir@gmail.com,871488907,Colgate Toothpaste,Personal Care,99,,,,
2023-03-15,40,0,P016,3,24999,74997,0,0.0,74997.0,7499.7,2761,2023,1,March,Wednesday,10.0,Samir Ghosh,Jaipur       , Rajasthan     ,302001,40Samir@gmail.com,871488907,LG Washing Machine,Home Appliances,24999,,,,
2022-10-05,40,0,P022,3,1999,5997,0,0.0,5997.0,599.7,2836,2022,4,October,Wednesday,10.0,Samir Ghosh,Jaipur       , Rajasthan     ,302001,40Samir@gmail.com,871488907,Borosil Glass Set,Kitchenware,1999,,,,
2023-11-28,40,0,P003,3,89999,269997,0,0.0,269997.0,26999.7,3042,2023,4,November,Tuesday,10.0,Samir Ghosh,Jaipur       , Rajasthan     ,302001,40Samir@gmail.com,871488907,"Sony Bravia 55"" TV",Electronics,89999,,,,
2020-03-31,40,0,P025,3,8999,26997,0,0.0,26997.0,2699.7,3184,2020,1,March,Tuesday,10.0,Samir Ghosh,Jaipur       , Rajasthan     ,302001,40Samir@gmail.com,871488907,American Tourister Suitcase,Bags,8999,,,,
2020-02-09,40,0,P012,2,2999,5998,0,0.0,5998.0,599.8,151,2020,1,February,Sunday,10.0,Samir Ghosh,Jaipur       , Rajasthan     ,302001,40Samir@gmail.com,871488907,FabIndia Kurta,Clothing,2999,,,,
2023-10-30,40,0,P019,2,5999,11998,0,0.0,11998.0,1199.8,206,2023,4,October,Monday,10.0,Samir Ghosh,Jaipur       , Rajasthan     ,302001,40Samir@gmail.com,871488907,Titan Wrist Watch,Accessories,5999,,,,
2021-01-19,40,0,P019,2,5999,11998,0,0.0,11998.0,1199.8,227,2021,1,January,Tuesday,10.0,Samir Ghosh,Jaipur       , Rajasthan     ,302001,40Samir@gmail.com,871488907,Titan Wrist Watch,Accessories,5999,,,,
2023-01-06,40,0,P025,2,8999,17998,0,0.0,17998.0,1799.8,467,2023,1,January,Friday,10.0,Samir Ghosh,Jaipur       , Rajasthan     ,302001,40Samir@gmail.com,871488907,American Tourister Suitcase,Bags,8999,,,,
2021-06-20,40,0,P014,2,4999,9998,0,0.0,9998.0,999.8,550,2021,2,June,Sunday,10.0,Samir Ghosh,Jaipur       , Rajasthan     ,302001,40Samir@gmail.com,871488907,Bajaj Mixer Grinder,Home Appliances,4999,,,,
2022-10-26,40,0,P011,2,1499,2998,0,0.0,2998.0,299.8,638,2022,4,October,Wednesday,10.0,Samir Ghosh,Jaipur       , Rajasthan     ,302001,40Samir@gmail.com,871488907,H&M T-Shirt,Clothing,1499,,,,
2020-06-24,40,0,P017,2,10499,20998,0,0.0,20998.0,2099.8,715,2020,2,June,Wednesday,10.0,Samir Ghosh,Jaipur       , Rajasthan     ,302001,40Samir@gmail.com,871488907,IFB Microwave Oven,Home Appliances,10499,,,,
2023-06-06,40,0,P002,2,69999,139998,0,0.0,139998.0,13999.8,860,2023,2,June,Tuesday,10.0,Samir Ghosh,Jaipur       , Rajasthan     ,302001,40Samir@gmail.com,871488907,Samsung Galaxy S21,Electronics,69999,,,,
2023-03-18,40,0,P024,2,2799,5598,0,0.0,5598.0,559.8,1049,2023,1,March,Saturday,10.0,Samir Ghosh,Jaipur       , Rajasthan     ,302001,40Samir@gmail.com,871488907,Puma Backpack,Bags,2799,,,,
2021-06-14,40,0,P011,2,1499,2998,0,0.0,2998.0,299.8,1059,2021,2,June,Monday,10.0,Samir Ghosh,Jaipur       , Rajasthan     ,302001,40Samir@gmail.com,871488907,H&M T-Shirt,Clothing,1499,,,,
2020-12-30,40,0,P012,2,2999,5998,0,0.0,5998.0,599.8,1127,2020,4,December,Wednesday,10.0,Samir Ghosh,Jaipur       , Rajasthan     ,302001,40Samir@gmail.com,871488907,FabIndia Kurta,Clothing,2999,,,,
2020-12-15,40,0,P013,2,15999,31998,0,0.0,31998.0,3199.8,1361,2020,4,December,Tuesday,10.0,Samir Ghosh,Jaipur       , Rajasthan     ,302001,40Samir@gmail.com,871488907,Raymond Suit,Clothing,15999,,,,
2020-06-19,40,0,P004,2,64999,129998,0,0.0,129998.0,12999.8,2116,2020,2,June,Friday,10.0,Samir Ghosh,Jaipur       , Rajasthan     ,302001,40Samir@gmail.com,871488907,HP Pavilion Laptop,Electronics,64999,,,,
2023-09-18,40,0,P025,2,8999,17998,0,0.0,17998.0,1799.8,2502,2023,3,September,Monday,10.0,Samir Ghosh,Jaipur       , Rajasthan     ,302001,40Samir@gmail.com,871488907,American Tourister Suitcase,Bags,8999,,,,
2021-09-15,40,0,P018,2,2299,4598,0,0.0,4598.0,459.8,2581,2021,3,September,Wednesday,10.0,Samir Ghosh,Jaipur       , Rajasthan     ,302001,40Samir@gmail.com,871488907,Prestige Pressure Cooker,Home Appliances,2299,,,,
2021-09-22,40,0,P016,2,24999,49998,0,0.0,49998.0,4999.8,2960,2021,3,September,Wednesday,10.0,Samir Ghosh,Jaipur       , Rajasthan     ,302001,40Samir@gmail.com,871488907,LG Washing Machine,Home Appliances,24999,,,,
2020-06-12,40,0,P027,2,699,1398,0,0.0,1398.0,139.8,2974,2020,2,June,Friday,10.0,Samir Ghosh,Jaipur       , Rajasthan     ,302001,40Samir@gmail.com,871488907,L'Oreal Shampoo,Personal Care,699,,,,
2022-12-12,40,0,P023,3,1499,4497,0,0.0,4497.0,449.7,2507,2022,4,December,Monday,10.0,Samir Ghosh,Jaipur       , Rajasthan     ,302001,40Samir@gmail.com,871488907,Milton Thermos Flask,Kitchenware,1499,,,,
2021-03-21,40,0,P013,2,15999,31998,0,0.0,31998.0,3199.8,3422,2021,1,March,Sunday,10.0,Samir Ghosh,Jaipur       , Rajasthan     ,302001,40Samir@gmail.com,871488907,Raymond Suit,Clothing,15999,,,,
2022-02-13,40,0,P026,2,5499,10998,0,0.0,10998.0,1099.8,619,2022,1,February,Sunday,10.0,Samir Ghosh,Jaipur       , Rajasthan     ,302001,40Samir@gmail.com,871488907,Wildcraft Hiking Bag,Bags,5499,,,,
2022-01-11,40,0,P008,2,5499,10998,0,0.0,10998.0,1099.8,1459,2022,1,January,Tuesday,10.0,Samir Ghosh,Jaipur       , Rajasthan     ,302001,40Samir@gmail.com,871488907,Puma Sports Shoes,Footwear,5499,,,,
2020-01-02,40,0,P026,2,5499,10998,0,0.0,10998.0,1099.8,3066,2020,1,January,Thursday,10.0,Samir Ghosh,Jaipur       , Rajasthan     ,302001,40Samir@gmail.com,871488907,Wildcraft Hiking Bag,Bags,5499,,,,
2021-11-08,40,0,P012,1,2999,2999,0,0.0,2999.0,299.9,21,2021,4,November,Monday,10.0,Samir Ghosh,Jaipur       , Rajasthan     ,302001,40Samir@gmail.com,871488907,FabIndia Kurta,Clothing,2999,,,,
2021-02-20,40,0,P013,1,15999,15999,0,0.0,15999.0,1599.9,22,2021,1,February,Saturday,10.0,Samir Ghosh,Jaipur       , Rajasthan     ,302001,40Samir@gmail.com,871488907,Raymond Suit,Clothing,15999,,,,
2022-03-01,40,0,P010,1,2199,2199,0,0.0,2199.0,219.9,714,2022,1,March,Tuesday,10.0,Samir Ghosh,Jaipur       , Rajasthan     ,302001,40Samir@gmail.com,871488907,Zara Casual Shirt,Clothing,2199,,,,
2020-02-27,40,0,P020,1,12999,12999,0,0.0,12999.0,1299.9,716,2020,1,February,Thursday,10.0,Samir Ghosh,Jaipur       , Rajasthan     ,302001,40Samir@gmail.com,871488907,Fossil Smartwatch,Accessories,12999,,,,
2021-02-17,40,0,P017,1,10499,10499,0,0.0,10499.0,1049.9,928,2021,1,February,Wednesday,10.0,Samir Ghosh,Jaipur       , Rajasthan     ,302001,40Samir@gmail.com,871488907,IFB Microwave Oven,Home Appliances,10499,,,,
2022-08-19,40,0,P021,1,1299,1299,0,0.0,1299.0,129.9,1075,2022,3,August,Friday,10.0,Samir Ghosh,Jaipur       , Rajasthan     ,302001,40Samir@gmail.com,871488907,Tupperware Lunch Box,Kitchenware,1299,,,,
2023-10-22,40,0,P027,1,699,699,0,0.0,699.0,69.9,1210,2023,4,October,Sunday,10.0,Samir Ghosh,Jaipur       , Rajasthan     ,302001,40Samir@gmail.com,871488907,L'Oreal Shampoo,Personal Care,699,,,,
2022-09-27,40,0,P013,1,15999,15999,0,0.0,15999.0,1599.9,1445,2022,3,September,Tuesday,10.0,Samir Ghosh,Jaipur       , Rajasthan     ,302001,40Samir@gmail.com,871488907,Raymond Suit,Clothing,15999,,,,
2022-10-09,40,0,P017,1,10499,10499,0,0.0,10499.0,1049.9,2006,2022,4,October,Sunday,10.0,Samir Ghosh,Jaipur       , Rajasthan     ,302001,40Samir@gmail.com,871488907,IFB Microwave Oven,Home Appliances,10499,,,,
2021-01-19,40,0,P004,1,64999,64999,0,0.0,64999.0,6499.9,2237,2021,1,January,Tuesday,10.0,Samir Ghosh,Jaipur       , Rajasthan     ,302001,40Samir@gmail.com,871488907,HP Pavilion Laptop,Electronics,64999,,,,
2023-07-21,40,0,P012,1,2999,2999,0,0.0,2999.0,299.9,2275,2023,3,July,Friday,10.0,Samir Ghosh,Jaipur       , Rajasthan     ,302001,40Samir@gmail.com,871488907,FabIndia Kurta,Clothing,2999,,,,
2020-06-06,40,0,P006,1,7499,7499,0,0.0,7499.0,749.9,2539,2020,2,June,Saturday,10.0,Samir Ghosh,Jaipur       , Rajasthan     ,302001,40Samir@gmail.com,871488907,Nike Running Shoes,Footwear,7499,,,,
2022-11-20,40,0,P010,1,2199,2199,0,0.0,2199.0,219.9,2826,2022,4,November,Sunday,10.0,Samir Ghosh,Jaipur       , Rajasthan     ,302001,40Samir@gmail.com,871488907,Zara Casual Shirt,Clothing,2199,,,,
2021-03-16,40,0,P024,1,2799,2799,0,0.0,2799.0,279.9,2959,2021,1,March,Tuesday,10.0,Samir Ghosh,Jaipur       , Rajasthan     ,302001,40Samir@gmail.com,871488907,Puma Backpack,Bags,2799,,,,
2020-09-11,40,0,P013,1,15999,15999,0,0.0,15999.0,1599.9,3096,2020,3,September,Friday,10.0,Samir Ghosh,Jaipur       , Rajasthan     ,302001,40Samir@gmail.com,871488907,Raymond Suit,Clothing,15999,,,,
2021-04-02,40,PR001,P026,2,5499,10998,20,2199.6,8798.4,879.84,922,2021,2,April,Friday,10.0,Samir Ghosh,Jaipur       , Rajasthan     ,302001,40Samir@gmail.com,871488907,Wildcraft Hiking Bag,Bags,5499,Summer Sale,Email,SUMMER21,20% off
2020-04-07,40,PR001,P009,2,3499,6998,20,1399.6,5598.4,559.84,949,2020,2,April,Tuesday,10.0,Samir Ghosh,Jaipur       , Rajasthan     ,302001,40Samir@gmail.com,871488907,Levi's Denim Jeans,Clothing,3499,Summer Sale,Email,SUMMER21,20% off
2023-04-07,40,PR001,P006,2,7499,14998,20,2999.6,11998.4,1199.84,1498,2023,2,April,Friday,10.0,Samir Ghosh,Jaipur       , Rajasthan     ,302001,40Samir@gmail.com,871488907,Nike Running Shoes,Footwear,7499,Summer Sale,Email,SUMMER21,20% off
2020-04-27,40,PR001,P024,2,2799,5598,20,1119.6,4478.4,447.84,1735,2020,2,April,Monday,10.0,Samir Ghosh,Jaipur       , Rajasthan     ,302001,40Samir@gmail.com,871488907,Puma Backpack,Bags,2799,Summer Sale,Email,SUMMER21,20% off
2022-05-23,40,PR001,P003,2,89999,179998,20,35999.6,143998.4,14399.84,2915,2022,2,May,Monday,10.0,Samir Ghosh,Jaipur       , Rajasthan     ,302001,40Samir@gmail.com,871488907,"Sony Bravia 55"" TV",Electronics,89999,Summer Sale,Email,SUMMER21,20% off
2021-05-21,40,PR001,P008,3,5499,16497,20,3299.4,13197.6,1319.76,2659,2021,2,May,Friday,10.0,Samir Ghosh,Jaipur       , Rajasthan     ,302001,40Samir@gmail.com,871488907,Puma Sports Shoes,Footwear,5499,Summer Sale,Email,SUMMER21,20% off
2020-05-23,40,PR001,P001,3,79999,239997,20,47999.4,191997.6,19199.76,2672,2020,2,May,Saturday,10.0,Samir Ghosh,Jaipur       , Rajasthan     ,302001,40Samir@gmail.com,871488907,Apple iPhone 14,Electronics,79999,Summer Sale,Email,SUMMER21,20% off
2021-04-04,40,PR001,P006,1,7499,7499,20,1499.8,5999.2,599.92,504,2021,2,April,Sunday,10.0,Samir Ghosh,Jaipur       , Rajasthan     ,302001,40Samir@gmail.com,871488907,Nike Running Shoes,Footwear,7499,Summer Sale,Email,SUMMER21,20% off
2022-04-21,40,PR001,P026,1,5499,5499,20,1099.8,4399.2,439.92,850,2022,2,April,Thursday,10.0,Samir Ghosh,Jaipur       , Rajasthan     ,302001,40Samir@gmail.com,871488907,Wildcraft Hiking Bag,Bags,5499,Summer Sale,Email,SUMMER21,20% off
2023-04-22,40,PR001,P013,1,15999,15999,20,3199.8,12799.2,1279.92,875,2023,2,April,Saturday,10.0,Samir Ghosh,Jaipur       , Rajasthan     ,302001,40Samir@gmail.com,871488907,Raymond Suit,Clothing,15999,Summer Sale,Email,SUMMER21,20% off
2023-05-15,40,PR001,P030,1,399,399,20,79.8,319.2,31.92,1259,2023,2,May,Monday,10.0,Samir Ghosh,Jaipur       , Rajasthan     ,302001,40Samir@gmail.com,871488907,Nivea Body Lotion,Personal Care,399,Summer Sale,Email,SUMMER21,20% off
2023-07-02,40,PR004,P004,1,64999,64999,50,32499.5,32499.5,3249.95,2008,2023,3,July,Sunday,10.0,Samir Ghosh,Jaipur       , Rajasthan     ,302001,40Samir@gmail.com,871488907,HP Pavilion Laptop,Electronics,64999,Weekend Flash Sale,Mobile Push,FLASH50,50% off
2023-12-20,40,PR005,P023,1,1499,1499,70,1049.3,449.7,44.97,1429,2023,4,December,Wednesday,10.0,Samir Ghosh,Jaipur       , Rajasthan     ,302001,40Samir@gmail.com,871488907,Milton Thermos Flask,Kitchenware,1499,Clearance Sale,In-App,CLEARANCE23,70% off
2022-06-26,41,0,P022,1,1999,1999,0,0.0,1999.0,199.9,2954,2022,2,June,Sunday,10.0,Sanjay Mathew,Nagpur       , Maharashtra   ,440001,41Sanjay@gmail.com,966504199,Borosil Glass Set,Kitchenware,1999,,,,
2022-01-29,41,0,P011,3,1499,4497,0,0.0,4497.0,449.7,2805,2022,1,January,Saturday,10.0,Sanjay Mathew,Nagpur       , Maharashtra   ,440001,41Sanjay@gmail.com,966504199,H&M T-Shirt,Clothing,1499,,,,
2022-10-05,41,0,P011,3,1499,4497,0,0.0,4497.0,449.7,2879,2022,4,October,Wednesday,10.0,Sanjay Mathew,Nagpur       , Maharashtra   ,440001,41Sanjay@gmail.com,966504199,H&M T-Shirt,Clothing,1499,,,,
2020-07-30,41,0,P008,3,5499,16497,0,0.0,16497.0,1649.7,2598,2020,3,July,Thursday,10.0,Sanjay Mathew,Nagpur       , Maharashtra   ,440001,41Sanjay@gmail.com,966504199,Puma Sports Shoes,Footwear,5499,,,,
2022-12-15,41,0,P022,3,1999,5997,0,0.0,5997.0,599.7,27,2022,4,December,Thursday,10.0,Sanjay Mathew,Nagpur       , Maharashtra   ,440001,41Sanjay@gmail.com,966504199,Borosil Glass Set,Kitchenware,1999,,,,
2020-06-22,41,0,P027,3,699,2097,0,0.0,2097.0,209.7,522,2020,2,June,Monday,10.0,Sanjay Mathew,Nagpur       , Maharashtra   ,440001,41Sanjay@gmail.com,966504199,L'Oreal Shampoo,Personal Care,699,,,,
2023-09-04,41,0,P025,3,8999,26997,0,0.0,26997.0,2699.7,1473,2023,3,September,Monday,10.0,Sanjay Mathew,Nagpur       , Maharashtra   ,440001,41Sanjay@gmail.com,966504199,American Tourister Suitcase,Bags,8999,,,,
2021-11-22,41,0,P004,3,64999,194997,0,0.0,194997.0,19499.7,1622,2021,4,November,Monday,10.0,Sanjay Mathew,Nagpur       , Maharashtra   ,440001,41Sanjay@gmail.com,966504199,HP Pavilion Laptop,Electronics,64999,,,,
2022-11-21,41,0,P029,3,99,297,0,0.0,297.0,29.7,1705,2022,4,November,Monday,10.0,Sanjay Mathew,Nagpur       , Maharashtra   ,440001,41Sanjay@gmail.com,966504199,Colgate Toothpaste,Personal Care,99,,,,
2022-08-27,41,0,P017,3,10499,31497,0,0.0,31497.0,3149.7,1776,2022,3,August,Saturday,10.0,Sanjay Mathew,Nagpur       , Maharashtra   ,440001,41Sanjay@gmail.com,966504199,IFB Microwave Oven,Home Appliances,10499,,,,
2020-07-23,41,0,P003,3,89999,269997,0,0.0,269997.0,26999.7,1872,2020,3,July,Thursday,10.0,Sanjay Mathew,Nagpur       , Maharashtra   ,440001,41Sanjay@gmail.com,966504199,"Sony Bravia 55"" TV",Electronics,89999,,,,
2020-09-09,41,0,P025,3,8999,26997,0,0.0,26997.0,2699.7,2046,2020,3,September,Wednesday,10.0,Sanjay Mathew,Nagpur       , Maharashtra   ,440001,41Sanjay@gmail.com,966504199,American Tourister Suitcase,Bags,8999,,,,
2022-10-08,41,0,P028,3,349,1047,0,0.0,1047.0,104.7,2124,2022,4,October,Saturday,10.0,Sanjay Mathew,Nagpur       , Maharashtra   ,440001,41Sanjay@gmail.com,966504199,Dove Soap Pack,Personal Care,349,,,,
2023-01-09,41,0,P022,3,1999,5997,0,0.0,5997.0,599.7,2687,2023,1,January,Monday,10.0,Sanjay Mathew,Nagpur       , Maharashtra   ,440001,41Sanjay@gmail.com,966504199,Borosil Glass Set,Kitchenware,1999,,,,
2022-09-01,41,0,P014,3,4999,14997,0,0.0,14997.0,1499.7,2839,2022,3,September,Thursday,10.0,Sanjay Mathew,Nagpur       , Maharashtra   ,440001,41Sanjay@gmail.com,966504199,Bajaj Mixer Grinder,Home Appliances,4999,,,,
2023-12-09,41,0,P014,3,4999,14997,0,0.0,14997.0,1499.7,3060,2023,4,December,Saturday,10.0,Sanjay Mathew,Nagpur       , Maharashtra   ,440001,41Sanjay@gmail.com,966504199,Bajaj Mixer Grinder,Home Appliances,4999,,,,
2021-02-28,41,0,P024,3,2799,8397,0,0.0,8397.0,839.7,3375,2021,1,February,Sunday,10.0,Sanjay Mathew,Nagpur       , Maharashtra   ,440001,41Sanjay@gmail.com,966504199,Puma Backpack,Bags,2799,,,,
2023-10-19,41,0,P005,3,92499,277497,0,0.0,277497.0,27749.7,3420,2023,4,October,Thursday,10.0,Sanjay Mathew,Nagpur       , Maharashtra   ,440001,41Sanjay@gmail.com,966504199,Apple MacBook Air,Electronics,92499,,,,
2023-06-20,41,0,P021,2,1299,2598,0,0.0,2598.0,259.8,845,2023,2,June,Tuesday,10.0,Sanjay Mathew,Nagpur       , Maharashtra   ,440001,41Sanjay@gmail.com,966504199,Tupperware Lunch Box,Kitchenware,1299,,,,
2020-12-28,41,0,P030,2,399,798,0,0.0,798.0,79.8,1392,2020,4,December,Monday,10.0,Sanjay Mathew,Nagpur       , Maharashtra   ,440001,41Sanjay@gmail.com,966504199,Nivea Body Lotion,Personal Care,399,,,,
2022-07-21,41,0,P024,2,2799,5598,0,0.0,5598.0,559.8,1582,2022,3,July,Thursday,10.0,Sanjay Mathew,Nagpur       , Maharashtra   ,440001,41Sanjay@gmail.com,966504199,Puma Backpack,Bags,2799,,,,
2021-12-27,41,0,P018,2,2299,4598,0,0.0,4598.0,459.8,1609,2021,4,December,Monday,10.0,Sanjay Mathew,Nagpur       , Maharashtra   ,440001,41Sanjay@gmail.com,966504199,Prestige Pressure Cooker,Home Appliances,2299,,,,
2022-08-29,41,0,P015,2,8499,16998,0,0.0,16998.0,1699.8,1896,2022,3,August,Monday,10.0,Sanjay Mathew,Nagpur       , Maharashtra   ,440001,41Sanjay@gmail.com,966504199,Philips Air Fryer,Home Appliances,8499,,,,
2020-01-24,41,0,P001,2,79999,159998,0,0.0,159998.0,15999.8,1961,2020,1,January,Friday,10.0,Sanjay Mathew,Nagpur       , Maharashtra   ,440001,41Sanjay@gmail.com,966504199,Apple iPhone 14,Electronics,79999,,,,
2023-08-11,41,0,P014,2,4999,9998,0,0.0,9998.0,999.8,2040,2023,3,August,Friday,10.0,Sanjay Mathew,Nagpur       , Maharashtra   ,440001,41Sanjay@gmail.com,966504199,Bajaj Mixer Grinder,Home Appliances,4999,,,,
2022-01-08,41,0,P018,2,2299,4598,0,0.0,4598.0,459.8,2384,2022,1,January,Saturday,10.0,Sanjay Mathew,Nagpur       , Maharashtra   ,440001,41Sanjay@gmail.com,966504199,Prestige Pressure Cooker,Home Appliances,2299,,,,
2023-10-11,41,0,P010,2,2199,4398,0,0.0,4398.0,439.8,2484,2023,4,October,Wednesday,10.0,Sanjay Mathew,Nagpur       , Maharashtra   ,440001,41Sanjay@gmail.com,966504199,Zara Casual Shirt,Clothing,2199,,,,
2020-11-02,41,0,P009,2,3499,6998,0,0.0,6998.0,699.8,2505,2020,4,November,Monday,10.0,Sanjay Mathew,Nagpur       , Maharashtra   ,440001,41Sanjay@gmail.com,966504199,Levi's Denim Jeans,Clothing,3499,,,,
2021-08-09,41,0,P015,2,8499,16998,0,0.0,16998.0,1699.8,2739,2021,3,August,Monday,10.0,Sanjay Mathew,Nagpur       , Maharashtra   ,440001,41Sanjay@gmail.com,966504199,Philips Air Fryer,Home Appliances,8499,,,,
2022-10-04,41,0,P011,2,1499,2998,0,0.0,2998.0,299.8,2906,2022,4,October,Tuesday,10.0,Sanjay Mathew,Nagpur       , Maharashtra   ,440001,41Sanjay@gmail.com,966504199,H&M T-Shirt,Clothing,1499,,,,
2020-06-13,41,0,P030,2,399,798,0,0.0,798.0,79.8,3061,2020,2,June,Saturday,10.0,Sanjay Mathew,Nagpur       , Maharashtra   ,440001,41Sanjay@gmail.com,966504199,Nivea Body Lotion,Personal Care,399,,,,
2021-11-17,41,0,P004,2,64999,129998,0,0.0,129998.0,12999.8,3171,2021,4,November,Wednesday,10.0,Sanjay Mathew,Nagpur       , Maharashtra   ,440001,41Sanjay@gmail.com,966504199,HP Pavilion Laptop,Electronics,64999,,,,
2023-12-03,41,0,P005,2,92499,184998,0,0.0,184998.0,18499.8,3389,2023,4,December,Sunday,10.0,Sanjay Mathew,Nagpur       , Maharashtra   ,440001,41Sanjay@gmail.com,966504199,Apple MacBook Air,Electronics,92499,,,,
2021-12-14,41,0,P006,1,7499,7499,0,0.0,7499.0,749.9,176,2021,4,December,Tuesday,10.0,Sanjay Mathew,Nagpur       , Maharashtra   ,440001,41Sanjay@gmail.com,966504199,Nike Running Shoes,Footwear,7499,,,,
2023-06-28,41,0,P025,1,8999,8999,0,0.0,8999.0,899.9,320,2023,2,June,Wednesday,10.0,Sanjay Mathew,Nagpur       , Maharashtra   ,440001,41Sanjay@gmail.com,966504199,American Tourister Suitcase,Bags,8999,,,,
2022-01-19,41,0,P003,1,89999,89999,0,0.0,89999.0,8999.9,413,2022,1,January,Wednesday,10.0,Sanjay Mathew,Nagpur       , Maharashtra   ,440001,41Sanjay@gmail.com,966504199,"Sony Bravia 55"" TV",Electronics,89999,,,,
2021-10-29,41,0,P023,1,1499,1499,0,0.0,1499.0,149.9,436,2021,4,October,Friday,10.0,Sanjay Mathew,Nagpur       , Maharashtra   ,440001,41Sanjay@gmail.com,966504199,Milton Thermos Flask,Kitchenware,1499,,,,
2020-12-25,41,0,P017,1,10499,10499,0,0.0,10499.0,1049.9,674,2020,4,December,Friday,10.0,Sanjay Mathew,Nagpur       , Maharashtra   ,440001,41Sanjay@gmail.com,966504199,IFB Microwave Oven,Home Appliances,10499,,,,
2020-11-05,41,0,P030,1,399,399,0,0.0,399.0,39.9,962,2020,4,November,Thursday,10.0,Sanjay Mathew,Nagpur       , Maharashtra   ,440001,41Sanjay@gmail.com,966504199,Nivea Body Lotion,Personal Care,399,,,,
2023-02-07,41,0,P006,1,7499,7499,0,0.0,7499.0,749.9,999,2023,1,February,Tuesday,10.0,Sanjay Mathew,Nagpur       , Maharashtra   ,440001,41Sanjay@gmail.com,966504199,Nike Running Shoes,Footwear,7499,,,,
2021-10-13,41,0,P003,1,89999,89999,0,0.0,89999.0,8999.9,1293,2021,4,October,Wednesday,10.0,Sanjay Mathew,Nagpur       , Maharashtra   ,440001,41Sanjay@gmail.com,966504199,"Sony Bravia 55"" TV",Electronics,89999,,,,
2023-09-02,41,0,P015,1,8499,8499,0,0.0,8499.0,849.9,1599,2023,3,September,Saturday,10.0,Sanjay Mathew,Nagpur       , Maharashtra   ,440001,41Sanjay@gmail.com,966504199,Philips Air Fryer,Home Appliances,8499,,,,
2023-06-21,41,0,P010,1,2199,2199,0,0.0,2199.0,219.9,1662,2023,2,June,Wednesday,10.0,Sanjay Mathew,Nagpur       , Maharashtra   ,440001,41Sanjay@gmail.com,966504199,Zara Casual Shirt,Clothing,2199,,,,
2020-10-07,41,0,P017,1,10499,10499,0,0.0,10499.0,1049.9,1672,2020,4,October,Wednesday,10.0,Sanjay Mathew,Nagpur       , Maharashtra   ,440001,41Sanjay@gmail.com,966504199,IFB Microwave Oven,Home Appliances,10499,,,,
2021-01-24,41,0,P019,1,5999,5999,0,0.0,5999.0,599.9,1708,2021,1,January,Sunday,10.0,Sanjay Mathew,Nagpur       , Maharashtra   ,440001,41Sanjay@gmail.com,966504199,Titan Wrist Watch,Accessories,5999,,,,
2021-11-03,41,0,P014,1,4999,4999,0,0.0,4999.0,499.9,2089,2021,4,November,Wednesday,10.0,Sanjay Mathew,Nagpur       , Maharashtra   ,440001,41Sanjay@gmail.com,966504199,Bajaj Mixer Grinder,Home Appliances,4999,,,,
2022-01-07,41,0,P015,1,8499,8499,0,0.0,8499.0,849.9,2342,2022,1,January,Friday,10.0,Sanjay Mathew,Nagpur       , Maharashtra   ,440001,41Sanjay@gmail.com,966504199,Philips Air Fryer,Home Appliances,8499,,,,
2023-11-09,41,0,P001,1,79999,79999,0,0.0,79999.0,7999.9,2572,2023,4,November,Thursday,10.0,Sanjay Mathew,Nagpur       , Maharashtra   ,440001,41Sanjay@gmail.com,966504199,Apple iPhone 14,Electronics,79999,,,,
2023-09-03,41,0,P003,1,89999,89999,0,0.0,89999.0,8999.9,3179,2023,3,September,Sunday,10.0,Sanjay Mathew,Nagpur       , Maharashtra   ,440001,41Sanjay@gmail.com,966504199,"Sony Bravia 55"" TV",Electronics,89999,,,,
2022-01-11,41,0,P017,1,10499,10499,0,0.0,10499.0,1049.9,3455,2022,1,January,Tuesday,10.0,Sanjay Mathew,Nagpur       , Maharashtra   ,440001,41Sanjay@gmail.com,966504199,IFB Microwave Oven,Home Appliances,10499,,,,
2023-04-17,41,PR001,P016,2,24999,49998,20,9999.6,39998.4,3999.84,316,2023,2,April,Monday,10.0,Sanjay Mathew,Nagpur       , Maharashtra   ,440001,41Sanjay@gmail.com,966504199,LG Washing Machine,Home Appliances,24999,Summer Sale,Email,SUMMER21,20% off
2023-04-16,41,PR001,P025,2,8999,17998,20,3599.6,14398.4,1439.84,1193,2023,2,April,Sunday,10.0,Sanjay Mathew,Nagpur       , Maharashtra   ,440001,41Sanjay@gmail.com,966504199,American Tourister Suitcase,Bags,8999,Summer Sale,Email,SUMMER21,20% off
2020-04-11,41,PR001,P003,2,89999,179998,20,35999.6,143998.4,14399.84,1829,2020,2,April,Saturday,10.0,Sanjay Mathew,Nagpur       , Maharashtra   ,440001,41Sanjay@gmail.com,966504199,"Sony Bravia 55"" TV",Electronics,89999,Summer Sale,Email,SUMMER21,20% off
2023-05-06,41,PR001,P024,2,2799,5598,20,1119.6,4478.4,447.84,3094,2023,2,May,Saturday,10.0,Sanjay Mathew,Nagpur       , Maharashtra   ,440001,41Sanjay@gmail.com,966504199,Puma Backpack,Bags,2799,Summer Sale,Email,SUMMER21,20% off
2021-04-03,41,PR001,P001,3,79999,239997,20,47999.4,191997.6,19199.76,2757,2021,2,April,Saturday,10.0,Sanjay Mathew,Nagpur       , Maharashtra   ,440001,41Sanjay@gmail.com,966504199,Apple iPhone 14,Electronics,79999,Summer Sale,Email,SUMMER21,20% off
2022-05-20,41,PR001,P001,3,79999,239997,20,47999.4,191997.6,19199.76,2955,2022,2,May,Friday,10.0,Sanjay Mathew,Nagpur       , Maharashtra   ,440001,41Sanjay@gmail.com,966504199,Apple iPhone 14,Electronics,79999,Summer Sale,Email,SUMMER21,20% off
2021-05-24,41,PR001,P020,1,12999,12999,20,2599.8,10399.2,1039.92,571,2021,2,May,Monday,10.0,Sanjay Mathew,Nagpur       , Maharashtra   ,440001,41Sanjay@gmail.com,966504199,Fossil Smartwatch,Accessories,12999,Summer Sale,Email,SUMMER21,20% off
2021-05-25,41,PR001,P018,1,2299,2299,20,459.8,1839.2,183.92,2754,2021,2,May,Tuesday,10.0,Sanjay Mathew,Nagpur       , Maharashtra   ,440001,41Sanjay@gmail.com,966504199,Prestige Pressure Cooker,Home Appliances,2299,Summer Sale,Email,SUMMER21,20% off
2020-07-19,41,PR004,P024,2,2799,5598,50,2799.0,2799.0,279.9,948,2020,3,July,Sunday,10.0,Sanjay Mathew,Nagpur       , Maharashtra   ,440001,41Sanjay@gmail.com,966504199,Puma Backpack,Bags,2799,Weekend Flash Sale,Mobile Push,FLASH50,50% off
2023-07-01,41,PR004,P005,2,92499,184998,50,92499.0,92499.0,9249.9,3240,2023,3,July,Saturday,10.0,Sanjay Mathew,Nagpur       , Maharashtra   ,440001,41Sanjay@gmail.com,966504199,Apple MacBook Air,Electronics,92499,Weekend Flash Sale,Mobile Push,FLASH50,50% off
2022-07-10,41,PR004,P020,1,12999,12999,50,6499.5,6499.5,649.95,3509,2022,3,July,Sunday,10.0,Sanjay Mathew,Nagpur       , Maharashtra   ,440001,41Sanjay@gmail.com,966504199,Fossil Smartwatch,Accessories,12999,Weekend Flash Sale,Mobile Push,FLASH50,50% off
2023-12-21,41,PR005,P021,1,1299,1299,70,909.3,389.7,38.97,1405,2023,4,December,Thursday,10.0,Sanjay Mathew,Nagpur       , Maharashtra   ,440001,41Sanjay@gmail.com,966504199,Tupperware Lunch Box,Kitchenware,1299,Clearance Sale,In-App,CLEARANCE23,70% off
2023-12-18,41,PR005,P007,1,6999,6999,70,4899.3,2099.7,209.97,1835,2023,4,December,Monday,10.0,Sanjay Mathew,Nagpur       , Maharashtra   ,440001,41Sanjay@gmail.com,966504199,Adidas Sneakers,Footwear,6999,Clearance Sale,In-App,CLEARANCE23,70% off
2022-07-11,42,0,P019,1,5999,5999,0,0.0,5999.0,599.9,322,2022,3,July,Monday,10.0,Shikha Pandey,Lucknow      , Uttar Pradesh ,226001,42Shikha@gmail.com,876646764,Titan Wrist Watch,Accessories,5999,,,,
2020-01-08,42,0,P024,3,2799,8397,0,0.0,8397.0,839.7,992,2020,1,January,Wednesday,10.0,Shikha Pandey,Lucknow      , Uttar Pradesh ,226001,42Shikha@gmail.com,876646764,Puma Backpack,Bags,2799,,,,
2022-07-08,42,0,P004,3,64999,194997,0,0.0,194997.0,19499.7,1044,2022,3,July,Friday,10.0,Shikha Pandey,Lucknow      , Uttar Pradesh ,226001,42Shikha@gmail.com,876646764,HP Pavilion Laptop,Electronics,64999,,,,
2021-11-08,42,0,P022,3,1999,5997,0,0.0,5997.0,599.7,1073,2021,4,November,Monday,10.0,Shikha Pandey,Lucknow      , Uttar Pradesh ,226001,42Shikha@gmail.com,876646764,Borosil Glass Set,Kitchenware,1999,,,,
2021-08-18,42,0,P018,3,2299,6897,0,0.0,6897.0,689.7,1584,2021,3,August,Wednesday,10.0,Shikha Pandey,Lucknow      , Uttar Pradesh ,226001,42Shikha@gmail.com,876646764,Prestige Pressure Cooker,Home Appliances,2299,,,,
2021-07-27,42,0,P007,3,6999,20997,0,0.0,20997.0,2099.7,1686,2021,3,July,Tuesday,10.0,Shikha Pandey,Lucknow      , Uttar Pradesh ,226001,42Shikha@gmail.com,876646764,Adidas Sneakers,Footwear,6999,,,,
2021-11-18,42,0,P016,3,24999,74997,0,0.0,74997.0,7499.7,1781,2021,4,November,Thursday,10.0,Shikha Pandey,Lucknow      , Uttar Pradesh ,226001,42Shikha@gmail.com,876646764,LG Washing Machine,Home Appliances,24999,,,,
2021-11-24,42,0,P020,3,12999,38997,0,0.0,38997.0,3899.7,1816,2021,4,November,Wednesday,10.0,Shikha Pandey,Lucknow      , Uttar Pradesh ,226001,42Shikha@gmail.com,876646764,Fossil Smartwatch,Accessories,12999,,,,
2021-10-10,42,0,P012,3,2999,8997,0,0.0,8997.0,899.7,2655,2021,4,October,Sunday,10.0,Shikha Pandey,Lucknow      , Uttar Pradesh ,226001,42Shikha@gmail.com,876646764,FabIndia Kurta,Clothing,2999,,,,
2021-09-11,42,0,P007,3,6999,20997,0,0.0,20997.0,2099.7,2825,2021,3,September,Saturday,10.0,Shikha Pandey,Lucknow      , Uttar Pradesh ,226001,42Shikha@gmail.com,876646764,Adidas Sneakers,Footwear,6999,,,,
2020-08-07,42,0,P025,3,8999,26997,0,0.0,26997.0,2699.7,2921,2020,3,August,Friday,10.0,Shikha Pandey,Lucknow      , Uttar Pradesh ,226001,42Shikha@gmail.com,876646764,American Tourister Suitcase,Bags,8999,,,,
2021-03-24,42,0,P003,3,89999,269997,0,0.0,269997.0,26999.7,2995,2021,1,March,Wednesday,10.0,Shikha Pandey,Lucknow      , Uttar Pradesh ,226001,42Shikha@gmail.com,876646764,"Sony Bravia 55"" TV",Electronics,89999,,,,
2022-12-15,42,0,P023,3,1499,4497,0,0.0,4497.0,449.7,874,2022,4,December,Thursday,10.0,Shikha Pandey,Lucknow      , Uttar Pradesh ,226001,42Shikha@gmail.com,876646764,Milton Thermos Flask,Kitchenware,1499,,,,
2021-02-01,42,0,P019,3,5999,17997,0,0.0,17997.0,1799.7,3241,2021,1,February,Monday,10.0,Shikha Pandey,Lucknow      , Uttar Pradesh ,226001,42Shikha@gmail.com,876646764,Titan Wrist Watch,Accessories,5999,,,,
2023-12-04,42,0,P024,3,2799,8397,0,0.0,8397.0,839.7,3366,2023,4,December,Monday,10.0,Shikha Pandey,Lucknow      , Uttar Pradesh ,226001,42Shikha@gmail.com,876646764,Puma Backpack,Bags,2799,,,,
2020-07-16,42,0,P001,3,79999,239997,0,0.0,239997.0,23999.7,3421,2020,3,July,Thursday,10.0,Shikha Pandey,Lucknow      , Uttar Pradesh ,226001,42Shikha@gmail.com,876646764,Apple iPhone 14,Electronics,79999,,,,
2020-02-15,42,0,P010,2,2199,4398,0,0.0,4398.0,439.8,257,2020,1,February,Saturday,10.0,Shikha Pandey,Lucknow      , Uttar Pradesh ,226001,42Shikha@gmail.com,876646764,Zara Casual Shirt,Clothing,2199,,,,
2023-01-08,42,0,P016,2,24999,49998,0,0.0,49998.0,4999.8,364,2023,1,January,Sunday,10.0,Shikha Pandey,Lucknow      , Uttar Pradesh ,226001,42Shikha@gmail.com,876646764,LG Washing Machine,Home Appliances,24999,,,,
2021-03-24,42,0,P010,2,2199,4398,0,0.0,4398.0,439.8,608,2021,1,March,Wednesday,10.0,Shikha Pandey,Lucknow      , Uttar Pradesh ,226001,42Shikha@gmail.com,876646764,Zara Casual Shirt,Clothing,2199,,,,
2022-08-15,42,0,P010,2,2199,4398,0,0.0,4398.0,439.8,843,2022,3,August,Monday,10.0,Shikha Pandey,Lucknow      , Uttar Pradesh ,226001,42Shikha@gmail.com,876646764,Zara Casual Shirt,Clothing,2199,,,,
2020-11-16,42,0,P003,2,89999,179998,0,0.0,179998.0,17999.8,1369,2020,4,November,Monday,10.0,Shikha Pandey,Lucknow      , Uttar Pradesh ,226001,42Shikha@gmail.com,876646764,"Sony Bravia 55"" TV",Electronics,89999,,,,
2022-12-18,42,0,P013,2,15999,31998,0,0.0,31998.0,3199.8,1406,2022,4,December,Sunday,10.0,Shikha Pandey,Lucknow      , Uttar Pradesh ,226001,42Shikha@gmail.com,876646764,Raymond Suit,Clothing,15999,,,,
2021-11-16,42,0,P010,2,2199,4398,0,0.0,4398.0,439.8,1408,2021,4,November,Tuesday,10.0,Shikha Pandey,Lucknow      , Uttar Pradesh ,226001,42Shikha@gmail.com,876646764,Zara Casual Shirt,Clothing,2199,,,,
2021-11-27,42,0,P014,2,4999,9998,0,0.0,9998.0,999.8,1598,2021,4,November,Saturday,10.0,Shikha Pandey,Lucknow      , Uttar Pradesh ,226001,42Shikha@gmail.com,876646764,Bajaj Mixer Grinder,Home Appliances,4999,,,,
2021-11-20,42,0,P004,2,64999,129998,0,0.0,129998.0,12999.8,1980,2021,4,November,Saturday,10.0,Shikha Pandey,Lucknow      , Uttar Pradesh ,226001,42Shikha@gmail.com,876646764,HP Pavilion Laptop,Electronics,64999,,,,
2022-06-28,42,0,P016,2,24999,49998,0,0.0,49998.0,4999.8,2122,2022,2,June,Tuesday,10.0,Shikha Pandey,Lucknow      , Uttar Pradesh ,226001,42Shikha@gmail.com,876646764,LG Washing Machine,Home Appliances,24999,,,,
2022-09-15,42,0,P024,2,2799,5598,0,0.0,5598.0,559.8,2129,2022,3,September,Thursday,10.0,Shikha Pandey,Lucknow      , Uttar Pradesh ,226001,42Shikha@gmail.com,876646764,Puma Backpack,Bags,2799,,,,
2023-12-14,42,0,P009,2,3499,6998,0,0.0,6998.0,699.8,2320,2023,4,December,Thursday,10.0,Shikha Pandey,Lucknow      , Uttar Pradesh ,226001,42Shikha@gmail.com,876646764,Levi's Denim Jeans,Clothing,3499,,,,
2022-03-07,42,0,P018,2,2299,4598,0,0.0,4598.0,459.8,2441,2022,1,March,Monday,10.0,Shikha Pandey,Lucknow      , Uttar Pradesh ,226001,42Shikha@gmail.com,876646764,Prestige Pressure Cooker,Home Appliances,2299,,,,
2022-03-10,42,0,P001,2,79999,159998,0,0.0,159998.0,15999.8,3506,2022,1,March,Thursday,10.0,Shikha Pandey,Lucknow      , Uttar Pradesh ,226001,42Shikha@gmail.com,876646764,Apple iPhone 14,Electronics,79999,,,,
2022-11-09,42,0,P008,2,5499,10998,0,0.0,10998.0,1099.8,1920,2022,4,November,Wednesday,10.0,Shikha Pandey,Lucknow      , Uttar Pradesh ,226001,42Shikha@gmail.com,876646764,Puma Sports Shoes,Footwear,5499,,,,
2022-10-30,42,0,P017,1,10499,10499,0,0.0,10499.0,1049.9,46,2022,4,October,Sunday,10.0,Shikha Pandey,Lucknow      , Uttar Pradesh ,226001,42Shikha@gmail.com,876646764,IFB Microwave Oven,Home Appliances,10499,,,,
2023-09-03,42,0,P007,1,6999,6999,0,0.0,6999.0,699.9,56,2023,3,September,Sunday,10.0,Shikha Pandey,Lucknow      , Uttar Pradesh ,226001,42Shikha@gmail.com,876646764,Adidas Sneakers,Footwear,6999,,,,
2020-08-17,42,0,P019,1,5999,5999,0,0.0,5999.0,599.9,100,2020,3,August,Monday,10.0,Shikha Pandey,Lucknow      , Uttar Pradesh ,226001,42Shikha@gmail.com,876646764,Titan Wrist Watch,Accessories,5999,,,,
2020-03-30,42,0,P008,1,5499,5499,0,0.0,5499.0,549.9,139,2020,1,March,Monday,10.0,Shikha Pandey,Lucknow      , Uttar Pradesh ,226001,42Shikha@gmail.com,876646764,Puma Sports Shoes,Footwear,5499,,,,
2020-08-03,42,0,P002,1,69999,69999,0,0.0,69999.0,6999.9,254,2020,3,August,Monday,10.0,Shikha Pandey,Lucknow      , Uttar Pradesh ,226001,42Shikha@gmail.com,876646764,Samsung Galaxy S21,Electronics,69999,,,,
2022-11-14,42,0,P003,3,89999,269997,0,0.0,269997.0,26999.7,933,2022,4,November,Monday,10.0,Shikha Pandey,Lucknow      , Uttar Pradesh ,226001,42Shikha@gmail.com,876646764,"Sony Bravia 55"" TV",Electronics,89999,,,,
2021-09-23,42,0,P011,1,1499,1499,0,0.0,1499.0,149.9,347,2021,3,September,Thursday,10.0,Shikha Pandey,Lucknow      , Uttar Pradesh ,226001,42Shikha@gmail.com,876646764,H&M T-Shirt,Clothing,1499,,,,
2022-11-09,42,0,P016,1,24999,24999,0,0.0,24999.0,2499.9,537,2022,4,November,Wednesday,10.0,Shikha Pandey,Lucknow      , Uttar Pradesh ,226001,42Shikha@gmail.com,876646764,LG Washing Machine,Home Appliances,24999,,,,
2021-01-29,42,0,P015,3,8499,25497,0,0.0,25497.0,2549.7,228,2021,1,January,Friday,10.0,Shikha Pandey,Lucknow      , Uttar Pradesh ,226001,42Shikha@gmail.com,876646764,Philips Air Fryer,Home Appliances,8499,,,,
2023-01-29,42,0,P020,1,12999,12999,0,0.0,12999.0,1299.9,681,2023,1,January,Sunday,10.0,Shikha Pandey,Lucknow      , Uttar Pradesh ,226001,42Shikha@gmail.com,876646764,Fossil Smartwatch,Accessories,12999,,,,
2020-09-22,42,0,P025,1,8999,8999,0,0.0,8999.0,899.9,759,2020,3,September,Tuesday,10.0,Shikha Pandey,Lucknow      , Uttar Pradesh ,226001,42Shikha@gmail.com,876646764,American Tourister Suitcase,Bags,8999,,,,
2022-11-24,42,0,P007,1,6999,6999,0,0.0,6999.0,699.9,1224,2022,4,November,Thursday,10.0,Shikha Pandey,Lucknow      , Uttar Pradesh ,226001,42Shikha@gmail.com,876646764,Adidas Sneakers,Footwear,6999,,,,
2023-11-16,42,0,P006,1,7499,7499,0,0.0,7499.0,749.9,1270,2023,4,November,Thursday,10.0,Shikha Pandey,Lucknow      , Uttar Pradesh ,226001,42Shikha@gmail.com,876646764,Nike Running Shoes,Footwear,7499,,,,
2020-10-20,42,0,P003,1,89999,89999,0,0.0,89999.0,8999.9,1409,2020,4,October,Tuesday,10.0,Shikha Pandey,Lucknow      , Uttar Pradesh ,226001,42Shikha@gmail.com,876646764,"Sony Bravia 55"" TV",Electronics,89999,,,,
2022-03-25,42,0,P005,1,92499,92499,0,0.0,92499.0,9249.9,1438,2022,1,March,Friday,10.0,Shikha Pandey,Lucknow      , Uttar Pradesh ,226001,42Shikha@gmail.com,876646764,Apple MacBook Air,Electronics,92499,,,,
2022-10-13,42,0,P029,1,99,99,0,0.0,99.0,9.9,1737,2022,4,October,Thursday,10.0,Shikha Pandey,Lucknow      , Uttar Pradesh ,226001,42Shikha@gmail.com,876646764,Colgate Toothpaste,Personal Care,99,,,,
2022-08-16,42,0,P022,1,1999,1999,0,0.0,1999.0,199.9,1932,2022,3,August,Tuesday,10.0,Shikha Pandey,Lucknow      , Uttar Pradesh ,226001,42Shikha@gmail.com,876646764,Borosil Glass Set,Kitchenware,1999,,,,
2023-08-10,42,0,P017,1,10499,10499,0,0.0,10499.0,1049.9,2298,2023,3,August,Thursday,10.0,Shikha Pandey,Lucknow      , Uttar Pradesh ,226001,42Shikha@gmail.com,876646764,IFB Microwave Oven,Home Appliances,10499,,,,
2020-12-23,42,0,P014,1,4999,4999,0,0.0,4999.0,499.9,2489,2020,4,December,Wednesday,10.0,Shikha Pandey,Lucknow      , Uttar Pradesh ,226001,42Shikha@gmail.com,876646764,Bajaj Mixer Grinder,Home Appliances,4999,,,,
2022-01-18,42,0,P025,1,8999,8999,0,0.0,8999.0,899.9,2852,2022,1,January,Tuesday,10.0,Shikha Pandey,Lucknow      , Uttar Pradesh ,226001,42Shikha@gmail.com,876646764,American Tourister Suitcase,Bags,8999,,,,
2022-12-23,42,0,P027,1,699,699,0,0.0,699.0,69.9,2940,2022,4,December,Friday,10.0,Shikha Pandey,Lucknow      , Uttar Pradesh ,226001,42Shikha@gmail.com,876646764,L'Oreal Shampoo,Personal Care,699,,,,
2022-03-07,42,0,P019,1,5999,5999,0,0.0,5999.0,599.9,3365,2022,1,March,Monday,10.0,Shikha Pandey,Lucknow      , Uttar Pradesh ,226001,42Shikha@gmail.com,876646764,Titan Wrist Watch,Accessories,5999,,,,
2020-05-17,42,PR001,P021,2,1299,2598,20,519.6,2078.4,207.84,2586,2020,2,May,Sunday,10.0,Shikha Pandey,Lucknow      , Uttar Pradesh ,226001,42Shikha@gmail.com,876646764,Tupperware Lunch Box,Kitchenware,1299,Summer Sale,Email,SUMMER21,20% off
2022-05-17,42,PR001,P015,2,8499,16998,20,3399.6,13598.4,1359.84,2801,2022,2,May,Tuesday,10.0,Shikha Pandey,Lucknow      , Uttar Pradesh ,226001,42Shikha@gmail.com,876646764,Philips Air Fryer,Home Appliances,8499,Summer Sale,Email,SUMMER21,20% off
2021-05-22,42,PR001,P029,3,99,297,20,59.4,237.6,23.76,270,2021,2,May,Saturday,10.0,Shikha Pandey,Lucknow      , Uttar Pradesh ,226001,42Shikha@gmail.com,876646764,Colgate Toothpaste,Personal Care,99,Summer Sale,Email,SUMMER21,20% off
2020-05-22,42,PR001,P019,3,5999,17997,20,3599.4,14397.6,1439.76,895,2020,2,May,Friday,10.0,Shikha Pandey,Lucknow      , Uttar Pradesh ,226001,42Shikha@gmail.com,876646764,Titan Wrist Watch,Accessories,5999,Summer Sale,Email,SUMMER21,20% off
2020-04-11,42,PR001,P019,3,5999,17997,20,3599.4,14397.6,1439.76,1398,2020,2,April,Saturday,10.0,Shikha Pandey,Lucknow      , Uttar Pradesh ,226001,42Shikha@gmail.com,876646764,Titan Wrist Watch,Accessories,5999,Summer Sale,Email,SUMMER21,20% off
2021-05-08,42,PR001,P003,3,89999,269997,20,53999.4,215997.6,21599.76,1465,2021,2,May,Saturday,10.0,Shikha Pandey,Lucknow      , Uttar Pradesh ,226001,42Shikha@gmail.com,876646764,"Sony Bravia 55"" TV",Electronics,89999,Summer Sale,Email,SUMMER21,20% off
2022-04-08,42,PR001,P019,3,5999,17997,20,3599.4,14397.6,1439.76,2445,2022,2,April,Friday,10.0,Shikha Pandey,Lucknow      , Uttar Pradesh ,226001,42Shikha@gmail.com,876646764,Titan Wrist Watch,Accessories,5999,Summer Sale,Email,SUMMER21,20% off
2022-05-16,42,PR001,P001,3,79999,239997,20,47999.4,191997.6,19199.76,2728,2022,2,May,Monday,10.0,Shikha Pandey,Lucknow      , Uttar Pradesh ,226001,42Shikha@gmail.com,876646764,Apple iPhone 14,Electronics,79999,Summer Sale,Email,SUMMER21,20% off
2020-05-10,42,PR001,P028,3,349,1047,20,209.4,837.6,83.76,3239,2020,2,May,Sunday,10.0,Shikha Pandey,Lucknow      , Uttar Pradesh ,226001,42Shikha@gmail.com,876646764,Dove Soap Pack,Personal Care,349,Summer Sale,Email,SUMMER21,20% off
2022-04-28,42,PR001,P029,1,99,99,20,19.8,79.2,7.92,1028,2022,2,April,Thursday,10.0,Shikha Pandey,Lucknow      , Uttar Pradesh ,226001,42Shikha@gmail.com,876646764,Colgate Toothpaste,Personal Care,99,Summer Sale,Email,SUMMER21,20% off
2020-05-04,42,PR001,P030,1,399,399,20,79.8,319.2,31.92,1118,2020,2,May,Monday,10.0,Shikha Pandey,Lucknow      , Uttar Pradesh ,226001,42Shikha@gmail.com,876646764,Nivea Body Lotion,Personal Care,399,Summer Sale,Email,SUMMER21,20% off
2021-04-15,42,PR001,P001,1,79999,79999,20,15999.8,63999.2,6399.92,1773,2021,2,April,Thursday,10.0,Shikha Pandey,Lucknow      , Uttar Pradesh ,226001,42Shikha@gmail.com,876646764,Apple iPhone 14,Electronics,79999,Summer Sale,Email,SUMMER21,20% off
2020-05-02,42,PR001,P023,1,1499,1499,20,299.8,1199.2,119.92,3016,2020,2,May,Saturday,10.0,Shikha Pandey,Lucknow      , Uttar Pradesh ,226001,42Shikha@gmail.com,876646764,Milton Thermos Flask,Kitchenware,1499,Summer Sale,Email,SUMMER21,20% off
2022-04-12,42,PR001,P020,1,12999,12999,20,2599.8,10399.2,1039.92,3232,2022,2,April,Tuesday,10.0,Shikha Pandey,Lucknow      , Uttar Pradesh ,226001,42Shikha@gmail.com,876646764,Fossil Smartwatch,Accessories,12999,Summer Sale,Email,SUMMER21,20% off
2023-07-15,42,PR004,P014,2,4999,9998,50,4999.0,4999.0,499.9,15,2023,3,July,Saturday,10.0,Shikha Pandey,Lucknow      , Uttar Pradesh ,226001,42Shikha@gmail.com,876646764,Bajaj Mixer Grinder,Home Appliances,4999,Weekend Flash Sale,Mobile Push,FLASH50,50% off
2023-07-16,42,PR004,P003,3,89999,269997,50,134998.5,134998.5,13499.85,3054,2023,3,July,Sunday,10.0,Shikha Pandey,Lucknow      , Uttar Pradesh ,226001,42Shikha@gmail.com,876646764,"Sony Bravia 55"" TV",Electronics,89999,Weekend Flash Sale,Mobile Push,FLASH50,50% off
2023-12-20,42,PR005,P001,1,79999,79999,70,55999.3,23999.7,2399.97,1425,2023,4,December,Wednesday,10.0,Shikha Pandey,Lucknow      , Uttar Pradesh ,226001,42Shikha@gmail.com,876646764,Apple iPhone 14,Electronics,79999,Clearance Sale,In-App,CLEARANCE23,70% off
2021-03-10,42,0,P010,3,2199,6597,0,0.0,6597.0,659.7,286,2021,1,March,Wednesday,10.0,Shikha Pandey,Lucknow      , Uttar Pradesh ,226001,42Shikha@gmail.com,876646764,Zara Casual Shirt,Clothing,2199,,,,
2023-11-17,42,0,P005,3,92499,277497,0,0.0,277497.0,27749.7,409,2023,4,November,Friday,10.0,Shikha Pandey,Lucknow      , Uttar Pradesh ,226001,42Shikha@gmail.com,876646764,Apple MacBook Air,Electronics,92499,,,,
2023-07-02,43,PR004,P020,1,12999,12999,50,6499.5,6499.5,649.95,2293,2023,3,July,Sunday,10.0,Siddharth Reddy,Pune         , Maharashtra   ,411001,43Siddharth@gmail.com,978533189,Fossil Smartwatch,Accessories,12999,Weekend Flash Sale,Mobile Push,FLASH50,50% off
2023-07-08,43,PR004,P004,1,64999,64999,50,32499.5,32499.5,3249.95,2364,2023,3,July,Saturday,10.0,Siddharth Reddy,Pune         , Maharashtra   ,411001,43Siddharth@gmail.com,978533189,HP Pavilion Laptop,Electronics,64999,Weekend Flash Sale,Mobile Push,FLASH50,50% off
2020-03-01,43,0,P005,1,92499,92499,0,0.0,92499.0,9249.9,929,2020,1,March,Sunday,10.0,Siddharth Reddy,Pune         , Maharashtra   ,411001,43Siddharth@gmail.com,978533189,Apple MacBook Air,Electronics,92499,,,,
2022-07-26,43,0,P008,3,5499,16497,0,0.0,16497.0,1649.7,2496,2022,3,July,Tuesday,10.0,Siddharth Reddy,Pune         , Maharashtra   ,411001,43Siddharth@gmail.com,978533189,Puma Sports Shoes,Footwear,5499,,,,
2021-06-21,43,0,P020,3,12999,38997,0,0.0,38997.0,3899.7,40,2021,2,June,Monday,10.0,Siddharth Reddy,Pune         , Maharashtra   ,411001,43Siddharth@gmail.com,978533189,Fossil Smartwatch,Accessories,12999,,,,
2020-01-29,43,0,P025,3,8999,26997,0,0.0,26997.0,2699.7,134,2020,1,January,Wednesday,10.0,Siddharth Reddy,Pune         , Maharashtra   ,411001,43Siddharth@gmail.com,978533189,American Tourister Suitcase,Bags,8999,,,,
2020-02-11,43,0,P003,3,89999,269997,0,0.0,269997.0,26999.7,265,2020,1,February,Tuesday,10.0,Siddharth Reddy,Pune         , Maharashtra   ,411001,43Siddharth@gmail.com,978533189,"Sony Bravia 55"" TV",Electronics,89999,,,,
2023-08-04,43,0,P007,3,6999,20997,0,0.0,20997.0,2099.7,285,2023,3,August,Friday,10.0,Siddharth Reddy,Pune         , Maharashtra   ,411001,43Siddharth@gmail.com,978533189,Adidas Sneakers,Footwear,6999,,,,
2022-09-29,43,0,P003,3,89999,269997,0,0.0,269997.0,26999.7,531,2022,3,September,Thursday,10.0,Siddharth Reddy,Pune         , Maharashtra   ,411001,43Siddharth@gmail.com,978533189,"Sony Bravia 55"" TV",Electronics,89999,,,,
2020-03-08,43,0,P020,3,12999,38997,0,0.0,38997.0,3899.7,651,2020,1,March,Sunday,10.0,Siddharth Reddy,Pune         , Maharashtra   ,411001,43Siddharth@gmail.com,978533189,Fossil Smartwatch,Accessories,12999,,,,
2020-03-30,43,0,P007,3,6999,20997,0,0.0,20997.0,2099.7,1324,2020,1,March,Monday,10.0,Siddharth Reddy,Pune         , Maharashtra   ,411001,43Siddharth@gmail.com,978533189,Adidas Sneakers,Footwear,6999,,,,
2021-01-17,43,0,P012,3,2999,8997,0,0.0,8997.0,899.7,1512,2021,1,January,Sunday,10.0,Siddharth Reddy,Pune         , Maharashtra   ,411001,43Siddharth@gmail.com,978533189,FabIndia Kurta,Clothing,2999,,,,
2022-10-10,43,0,P005,3,92499,277497,0,0.0,277497.0,27749.7,1846,2022,4,October,Monday,10.0,Siddharth Reddy,Pune         , Maharashtra   ,411001,43Siddharth@gmail.com,978533189,Apple MacBook Air,Electronics,92499,,,,
2020-07-24,43,0,P027,3,699,2097,0,0.0,2097.0,209.7,1848,2020,3,July,Friday,10.0,Siddharth Reddy,Pune         , Maharashtra   ,411001,43Siddharth@gmail.com,978533189,L'Oreal Shampoo,Personal Care,699,,,,
2021-06-21,43,0,P010,3,2199,6597,0,0.0,6597.0,659.7,2177,2021,2,June,Monday,10.0,Siddharth Reddy,Pune         , Maharashtra   ,411001,43Siddharth@gmail.com,978533189,Zara Casual Shirt,Clothing,2199,,,,
2022-02-12,43,0,P028,3,349,1047,0,0.0,1047.0,104.7,2267,2022,1,February,Saturday,10.0,Siddharth Reddy,Pune         , Maharashtra   ,411001,43Siddharth@gmail.com,978533189,Dove Soap Pack,Personal Care,349,,,,
2021-01-17,43,0,P029,3,99,297,0,0.0,297.0,29.7,2710,2021,1,January,Sunday,10.0,Siddharth Reddy,Pune         , Maharashtra   ,411001,43Siddharth@gmail.com,978533189,Colgate Toothpaste,Personal Care,99,,,,
2021-09-27,43,0,P030,3,399,1197,0,0.0,1197.0,119.7,2727,2021,3,September,Monday,10.0,Siddharth Reddy,Pune         , Maharashtra   ,411001,43Siddharth@gmail.com,978533189,Nivea Body Lotion,Personal Care,399,,,,
2023-12-10,43,0,P009,3,3499,10497,0,0.0,10497.0,1049.7,2927,2023,4,December,Sunday,10.0,Siddharth Reddy,Pune         , Maharashtra   ,411001,43Siddharth@gmail.com,978533189,Levi's Denim Jeans,Clothing,3499,,,,
2023-11-04,43,0,P017,3,10499,31497,0,0.0,31497.0,3149.7,3277,2023,4,November,Saturday,10.0,Siddharth Reddy,Pune         , Maharashtra   ,411001,43Siddharth@gmail.com,978533189,IFB Microwave Oven,Home Appliances,10499,,,,
2022-02-01,43,0,P019,3,5999,17997,0,0.0,17997.0,1799.7,3357,2022,1,February,Tuesday,10.0,Siddharth Reddy,Pune         , Maharashtra   ,411001,43Siddharth@gmail.com,978533189,Titan Wrist Watch,Accessories,5999,,,,
2020-11-11,43,0,P001,3,79999,239997,0,0.0,239997.0,23999.7,3373,2020,4,November,Wednesday,10.0,Siddharth Reddy,Pune         , Maharashtra   ,411001,43Siddharth@gmail.com,978533189,Apple iPhone 14,Electronics,79999,,,,
2021-01-05,43,0,P009,3,3499,10497,0,0.0,10497.0,1049.7,3445,2021,1,January,Tuesday,10.0,Siddharth Reddy,Pune         , Maharashtra   ,411001,43Siddharth@gmail.com,978533189,Levi's Denim Jeans,Clothing,3499,,,,
2020-10-01,43,0,P017,2,10499,20998,0,0.0,20998.0,2099.8,179,2020,4,October,Thursday,10.0,Siddharth Reddy,Pune         , Maharashtra   ,411001,43Siddharth@gmail.com,978533189,IFB Microwave Oven,Home Appliances,10499,,,,
2022-10-29,43,0,P024,2,2799,5598,0,0.0,5598.0,559.8,211,2022,4,October,Saturday,10.0,Siddharth Reddy,Pune         , Maharashtra   ,411001,43Siddharth@gmail.com,978533189,Puma Backpack,Bags,2799,,,,
2023-03-03,43,0,P027,2,699,1398,0,0.0,1398.0,139.8,247,2023,1,March,Friday,10.0,Siddharth Reddy,Pune         , Maharashtra   ,411001,43Siddharth@gmail.com,978533189,L'Oreal Shampoo,Personal Care,699,,,,
2023-07-11,43,0,P019,2,5999,11998,0,0.0,11998.0,1199.8,378,2023,3,July,Tuesday,10.0,Siddharth Reddy,Pune         , Maharashtra   ,411001,43Siddharth@gmail.com,978533189,Titan Wrist Watch,Accessories,5999,,,,
2021-10-07,43,0,P029,2,99,198,0,0.0,198.0,19.8,554,2021,4,October,Thursday,10.0,Siddharth Reddy,Pune         , Maharashtra   ,411001,43Siddharth@gmail.com,978533189,Colgate Toothpaste,Personal Care,99,,,,
2023-10-20,43,0,P012,2,2999,5998,0,0.0,5998.0,599.8,558,2023,4,October,Friday,10.0,Siddharth Reddy,Pune         , Maharashtra   ,411001,43Siddharth@gmail.com,978533189,FabIndia Kurta,Clothing,2999,,,,
2021-09-24,43,0,P021,2,1299,2598,0,0.0,2598.0,259.8,1255,2021,3,September,Friday,10.0,Siddharth Reddy,Pune         , Maharashtra   ,411001,43Siddharth@gmail.com,978533189,Tupperware Lunch Box,Kitchenware,1299,,,,
2022-12-01,43,0,P016,2,24999,49998,0,0.0,49998.0,4999.8,1586,2022,4,December,Thursday,10.0,Siddharth Reddy,Pune         , Maharashtra   ,411001,43Siddharth@gmail.com,978533189,LG Washing Machine,Home Appliances,24999,,,,
2023-02-01,43,0,P012,2,2999,5998,0,0.0,5998.0,599.8,1923,2023,1,February,Wednesday,10.0,Siddharth Reddy,Pune         , Maharashtra   ,411001,43Siddharth@gmail.com,978533189,FabIndia Kurta,Clothing,2999,,,,
2021-06-22,43,0,P027,2,699,1398,0,0.0,1398.0,139.8,2136,2021,2,June,Tuesday,10.0,Siddharth Reddy,Pune         , Maharashtra   ,411001,43Siddharth@gmail.com,978533189,L'Oreal Shampoo,Personal Care,699,,,,
2022-02-02,43,0,P030,2,399,798,0,0.0,798.0,79.8,2512,2022,1,February,Wednesday,10.0,Siddharth Reddy,Pune         , Maharashtra   ,411001,43Siddharth@gmail.com,978533189,Nivea Body Lotion,Personal Care,399,,,,
2023-10-05,43,0,P017,2,10499,20998,0,0.0,20998.0,2099.8,2938,2023,4,October,Thursday,10.0,Siddharth Reddy,Pune         , Maharashtra   ,411001,43Siddharth@gmail.com,978533189,IFB Microwave Oven,Home Appliances,10499,,,,
2023-12-07,43,0,P006,2,7499,14998,0,0.0,14998.0,1499.8,3161,2023,4,December,Thursday,10.0,Siddharth Reddy,Pune         , Maharashtra   ,411001,43Siddharth@gmail.com,978533189,Nike Running Shoes,Footwear,7499,,,,
2022-02-24,43,0,P027,2,699,1398,0,0.0,1398.0,139.8,3230,2022,1,February,Thursday,10.0,Siddharth Reddy,Pune         , Maharashtra   ,411001,43Siddharth@gmail.com,978533189,L'Oreal Shampoo,Personal Care,699,,,,
2020-11-15,43,0,P026,2,5499,10998,0,0.0,10998.0,1099.8,1808,2020,4,November,Sunday,10.0,Siddharth Reddy,Pune         , Maharashtra   ,411001,43Siddharth@gmail.com,978533189,Wildcraft Hiking Bag,Bags,5499,,,,
2021-02-11,43,0,P023,1,1499,1499,0,0.0,1499.0,149.9,170,2021,1,February,Thursday,10.0,Siddharth Reddy,Pune         , Maharashtra   ,411001,43Siddharth@gmail.com,978533189,Milton Thermos Flask,Kitchenware,1499,,,,
2020-12-07,43,0,P022,1,1999,1999,0,0.0,1999.0,199.9,238,2020,4,December,Monday,10.0,Siddharth Reddy,Pune         , Maharashtra   ,411001,43Siddharth@gmail.com,978533189,Borosil Glass Set,Kitchenware,1999,,,,
2023-09-03,43,0,P010,1,2199,2199,0,0.0,2199.0,219.9,616,2023,3,September,Sunday,10.0,Siddharth Reddy,Pune         , Maharashtra   ,411001,43Siddharth@gmail.com,978533189,Zara Casual Shirt,Clothing,2199,,,,
2023-09-08,43,0,P025,1,8999,8999,0,0.0,8999.0,899.9,710,2023,3,September,Friday,10.0,Siddharth Reddy,Pune         , Maharashtra   ,411001,43Siddharth@gmail.com,978533189,American Tourister Suitcase,Bags,8999,,,,
2022-07-06,43,0,P020,1,12999,12999,0,0.0,12999.0,1299.9,864,2022,3,July,Wednesday,10.0,Siddharth Reddy,Pune         , Maharashtra   ,411001,43Siddharth@gmail.com,978533189,Fossil Smartwatch,Accessories,12999,,,,
2020-02-02,43,0,P020,1,12999,12999,0,0.0,12999.0,1299.9,902,2020,1,February,Sunday,10.0,Siddharth Reddy,Pune         , Maharashtra   ,411001,43Siddharth@gmail.com,978533189,Fossil Smartwatch,Accessories,12999,,,,
2021-02-17,43,0,P026,1,5499,5499,0,0.0,5499.0,549.9,1003,2021,1,February,Wednesday,10.0,Siddharth Reddy,Pune         , Maharashtra   ,411001,43Siddharth@gmail.com,978533189,Wildcraft Hiking Bag,Bags,5499,,,,
2020-06-24,43,0,P010,1,2199,2199,0,0.0,2199.0,219.9,1083,2020,2,June,Wednesday,10.0,Siddharth Reddy,Pune         , Maharashtra   ,411001,43Siddharth@gmail.com,978533189,Zara Casual Shirt,Clothing,2199,,,,
2021-03-02,43,0,P005,1,92499,92499,0,0.0,92499.0,9249.9,1157,2021,1,March,Tuesday,10.0,Siddharth Reddy,Pune         , Maharashtra   ,411001,43Siddharth@gmail.com,978533189,Apple MacBook Air,Electronics,92499,,,,
2020-12-09,43,0,P010,1,2199,2199,0,0.0,2199.0,219.9,1246,2020,4,December,Wednesday,10.0,Siddharth Reddy,Pune         , Maharashtra   ,411001,43Siddharth@gmail.com,978533189,Zara Casual Shirt,Clothing,2199,,,,
2023-08-01,43,0,P008,1,5499,5499,0,0.0,5499.0,549.9,1480,2023,3,August,Tuesday,10.0,Siddharth Reddy,Pune         , Maharashtra   ,411001,43Siddharth@gmail.com,978533189,Puma Sports Shoes,Footwear,5499,,,,
2022-10-12,43,0,P029,1,99,99,0,0.0,99.0,9.9,1769,2022,4,October,Wednesday,10.0,Siddharth Reddy,Pune         , Maharashtra   ,411001,43Siddharth@gmail.com,978533189,Colgate Toothpaste,Personal Care,99,,,,
2023-03-14,43,0,P009,1,3499,3499,0,0.0,3499.0,349.9,1918,2023,1,March,Tuesday,10.0,Siddharth Reddy,Pune         , Maharashtra   ,411001,43Siddharth@gmail.com,978533189,Levi's Denim Jeans,Clothing,3499,,,,
2021-09-27,43,0,P015,1,8499,8499,0,0.0,8499.0,849.9,2051,2021,3,September,Monday,10.0,Siddharth Reddy,Pune         , Maharashtra   ,411001,43Siddharth@gmail.com,978533189,Philips Air Fryer,Home Appliances,8499,,,,
2023-01-27,43,0,P008,1,5499,5499,0,0.0,5499.0,549.9,2494,2023,1,January,Friday,10.0,Siddharth Reddy,Pune         , Maharashtra   ,411001,43Siddharth@gmail.com,978533189,Puma Sports Shoes,Footwear,5499,,,,
2022-01-05,43,0,P013,1,15999,15999,0,0.0,15999.0,1599.9,2746,2022,1,January,Wednesday,10.0,Siddharth Reddy,Pune         , Maharashtra   ,411001,43Siddharth@gmail.com,978533189,Raymond Suit,Clothing,15999,,,,
2022-01-24,43,0,P026,1,5499,5499,0,0.0,5499.0,549.9,2755,2022,1,January,Monday,10.0,Siddharth Reddy,Pune         , Maharashtra   ,411001,43Siddharth@gmail.com,978533189,Wildcraft Hiking Bag,Bags,5499,,,,
2022-08-28,43,0,P029,1,99,99,0,0.0,99.0,9.9,2782,2022,3,August,Sunday,10.0,Siddharth Reddy,Pune         , Maharashtra   ,411001,43Siddharth@gmail.com,978533189,Colgate Toothpaste,Personal Care,99,,,,
2022-08-07,43,0,P012,1,2999,2999,0,0.0,2999.0,299.9,3081,2022,3,August,Sunday,10.0,Siddharth Reddy,Pune         , Maharashtra   ,411001,43Siddharth@gmail.com,978533189,FabIndia Kurta,Clothing,2999,,,,
2022-06-04,43,0,P008,1,5499,5499,0,0.0,5499.0,549.9,3158,2022,2,June,Saturday,10.0,Siddharth Reddy,Pune         , Maharashtra   ,411001,43Siddharth@gmail.com,978533189,Puma Sports Shoes,Footwear,5499,,,,
2023-02-18,43,0,P029,1,99,99,0,0.0,99.0,9.9,3466,2023,1,February,Saturday,10.0,Siddharth Reddy,Pune         , Maharashtra   ,411001,43Siddharth@gmail.com,978533189,Colgate Toothpaste,Personal Care,99,,,,
2021-05-05,43,PR001,P014,2,4999,9998,20,1999.6,7998.4,799.84,515,2021,2,May,Wednesday,10.0,Siddharth Reddy,Pune         , Maharashtra   ,411001,43Siddharth@gmail.com,978533189,Bajaj Mixer Grinder,Home Appliances,4999,Summer Sale,Email,SUMMER21,20% off
2021-04-21,43,PR001,P001,2,79999,159998,20,31999.6,127998.4,12799.84,1147,2021,2,April,Wednesday,10.0,Siddharth Reddy,Pune         , Maharashtra   ,411001,43Siddharth@gmail.com,978533189,Apple iPhone 14,Electronics,79999,Summer Sale,Email,SUMMER21,20% off
2021-05-22,43,PR001,P018,2,2299,4598,20,919.6,3678.4,367.84,1183,2021,2,May,Saturday,10.0,Siddharth Reddy,Pune         , Maharashtra   ,411001,43Siddharth@gmail.com,978533189,Prestige Pressure Cooker,Home Appliances,2299,Summer Sale,Email,SUMMER21,20% off
2021-04-06,43,PR001,P011,2,1499,2998,20,599.6,2398.4,239.84,3157,2021,2,April,Tuesday,10.0,Siddharth Reddy,Pune         , Maharashtra   ,411001,43Siddharth@gmail.com,978533189,H&M T-Shirt,Clothing,1499,Summer Sale,Email,SUMMER21,20% off
2023-04-26,43,PR001,P003,2,89999,179998,20,35999.6,143998.4,14399.84,3503,2023,2,April,Wednesday,10.0,Siddharth Reddy,Pune         , Maharashtra   ,411001,43Siddharth@gmail.com,978533189,"Sony Bravia 55"" TV",Electronics,89999,Summer Sale,Email,SUMMER21,20% off
2021-05-16,43,PR001,P001,3,79999,239997,20,47999.4,191997.6,19199.76,32,2021,2,May,Sunday,10.0,Siddharth Reddy,Pune         , Maharashtra   ,411001,43Siddharth@gmail.com,978533189,Apple iPhone 14,Electronics,79999,Summer Sale,Email,SUMMER21,20% off
2022-04-03,43,PR001,P007,3,6999,20997,20,4199.4,16797.6,1679.76,921,2022,2,April,Sunday,10.0,Siddharth Reddy,Pune         , Maharashtra   ,411001,43Siddharth@gmail.com,978533189,Adidas Sneakers,Footwear,6999,Summer Sale,Email,SUMMER21,20% off
2022-04-10,43,PR001,P007,3,6999,20997,20,4199.4,16797.6,1679.76,1537,2022,2,April,Sunday,10.0,Siddharth Reddy,Pune         , Maharashtra   ,411001,43Siddharth@gmail.com,978533189,Adidas Sneakers,Footwear,6999,Summer Sale,Email,SUMMER21,20% off
2021-05-21,43,PR001,P013,3,15999,47997,20,9599.4,38397.6,3839.76,1696,2021,2,May,Friday,10.0,Siddharth Reddy,Pune         , Maharashtra   ,411001,43Siddharth@gmail.com,978533189,Raymond Suit,Clothing,15999,Summer Sale,Email,SUMMER21,20% off
2021-04-06,43,PR001,P020,3,12999,38997,20,7799.4,31197.6,3119.76,2487,2021,2,April,Tuesday,10.0,Siddharth Reddy,Pune         , Maharashtra   ,411001,43Siddharth@gmail.com,978533189,Fossil Smartwatch,Accessories,12999,Summer Sale,Email,SUMMER21,20% off
2022-04-27,43,PR001,P009,3,3499,10497,20,2099.4,8397.6,839.76,2875,2022,2,April,Wednesday,10.0,Siddharth Reddy,Pune         , Maharashtra   ,411001,43Siddharth@gmail.com,978533189,Levi's Denim Jeans,Clothing,3499,Summer Sale,Email,SUMMER21,20% off
2023-05-02,43,PR001,P001,1,79999,79999,20,15999.8,63999.2,6399.92,1813,2023,2,May,Tuesday,10.0,Siddharth Reddy,Pune         , Maharashtra   ,411001,43Siddharth@gmail.com,978533189,Apple iPhone 14,Electronics,79999,Summer Sale,Email,SUMMER21,20% off
2023-05-16,43,PR001,P009,1,3499,3499,20,699.8,2799.2,279.92,1993,2023,2,May,Tuesday,10.0,Siddharth Reddy,Pune         , Maharashtra   ,411001,43Siddharth@gmail.com,978533189,Levi's Denim Jeans,Clothing,3499,Summer Sale,Email,SUMMER21,20% off
2021-04-07,43,PR001,P026,1,5499,5499,20,1099.8,4399.2,439.92,3266,2021,2,April,Wednesday,10.0,Siddharth Reddy,Pune         , Maharashtra   ,411001,43Siddharth@gmail.com,978533189,Wildcraft Hiking Bag,Bags,5499,Summer Sale,Email,SUMMER21,20% off
2020-07-25,43,PR004,P017,3,10499,31497,50,15748.5,15748.5,1574.85,2292,2020,3,July,Saturday,10.0,Siddharth Reddy,Pune         , Maharashtra   ,411001,43Siddharth@gmail.com,978533189,IFB Microwave Oven,Home Appliances,10499,Weekend Flash Sale,Mobile Push,FLASH50,50% off
2021-02-16,44,0,P015,2,8499,16998,0,0.0,16998.0,1699.8,3126,2021,1,February,Tuesday,10.0,Simran Kaur,Mumbai       , Maharashtra   ,400001,44Simran@gmail.com,819370766,Philips Air Fryer,Home Appliances,8499,,,,
2021-01-03,44,0,P017,3,10499,31497,0,0.0,31497.0,3149.7,501,2021,1,January,Sunday,10.0,Simran Kaur,Mumbai       , Maharashtra   ,400001,44Simran@gmail.com,819370766,IFB Microwave Oven,Home Appliances,10499,,,,
2021-02-13,44,0,P020,3,12999,38997,0,0.0,38997.0,3899.7,876,2021,1,February,Saturday,10.0,Simran Kaur,Mumbai       , Maharashtra   ,400001,44Simran@gmail.com,819370766,Fossil Smartwatch,Accessories,12999,,,,
2023-08-14,44,0,P020,3,12999,38997,0,0.0,38997.0,3899.7,1069,2023,3,August,Monday,10.0,Simran Kaur,Mumbai       , Maharashtra   ,400001,44Simran@gmail.com,819370766,Fossil Smartwatch,Accessories,12999,,,,
2023-10-25,44,0,P020,3,12999,38997,0,0.0,38997.0,3899.7,1344,2023,4,October,Wednesday,10.0,Simran Kaur,Mumbai       , Maharashtra   ,400001,44Simran@gmail.com,819370766,Fossil Smartwatch,Accessories,12999,,,,
2020-01-31,44,0,P006,3,7499,22497,0,0.0,22497.0,2249.7,1411,2020,1,January,Friday,10.0,Simran Kaur,Mumbai       , Maharashtra   ,400001,44Simran@gmail.com,819370766,Nike Running Shoes,Footwear,7499,,,,
2022-03-08,44,0,P021,3,1299,3897,0,0.0,3897.0,389.7,1500,2022,1,March,Tuesday,10.0,Simran Kaur,Mumbai       , Maharashtra   ,400001,44Simran@gmail.com,819370766,Tupperware Lunch Box,Kitchenware,1299,,,,
2023-10-14,44,0,P027,3,699,2097,0,0.0,2097.0,209.7,1587,2023,4,October,Saturday,10.0,Simran Kaur,Mumbai       , Maharashtra   ,400001,44Simran@gmail.com,819370766,L'Oreal Shampoo,Personal Care,699,,,,
2023-10-28,44,0,P022,3,1999,5997,0,0.0,5997.0,599.7,1626,2023,4,October,Saturday,10.0,Simran Kaur,Mumbai       , Maharashtra   ,400001,44Simran@gmail.com,819370766,Borosil Glass Set,Kitchenware,1999,,,,
2021-02-16,44,0,P004,3,64999,194997,0,0.0,194997.0,19499.7,1831,2021,1,February,Tuesday,10.0,Simran Kaur,Mumbai       , Maharashtra   ,400001,44Simran@gmail.com,819370766,HP Pavilion Laptop,Electronics,64999,,,,
2020-03-09,44,0,P025,3,8999,26997,0,0.0,26997.0,2699.7,1914,2020,1,March,Monday,10.0,Simran Kaur,Mumbai       , Maharashtra   ,400001,44Simran@gmail.com,819370766,American Tourister Suitcase,Bags,8999,,,,
2020-12-08,44,0,P003,3,89999,269997,0,0.0,269997.0,26999.7,1919,2020,4,December,Tuesday,10.0,Simran Kaur,Mumbai       , Maharashtra   ,400001,44Simran@gmail.com,819370766,"Sony Bravia 55"" TV",Electronics,89999,,,,
2023-10-06,44,0,P021,3,1299,3897,0,0.0,3897.0,389.7,1964,2023,4,October,Friday,10.0,Simran Kaur,Mumbai       , Maharashtra   ,400001,44Simran@gmail.com,819370766,Tupperware Lunch Box,Kitchenware,1299,,,,
2022-06-01,44,0,P001,3,79999,239997,0,0.0,239997.0,23999.7,1984,2022,2,June,Wednesday,10.0,Simran Kaur,Mumbai       , Maharashtra   ,400001,44Simran@gmail.com,819370766,Apple iPhone 14,Electronics,79999,,,,
2021-09-17,44,0,P013,3,15999,47997,0,0.0,47997.0,4799.7,2033,2021,3,September,Friday,10.0,Simran Kaur,Mumbai       , Maharashtra   ,400001,44Simran@gmail.com,819370766,Raymond Suit,Clothing,15999,,,,
2020-07-31,44,0,P030,3,399,1197,0,0.0,1197.0,119.7,2150,2020,3,July,Friday,10.0,Simran Kaur,Mumbai       , Maharashtra   ,400001,44Simran@gmail.com,819370766,Nivea Body Lotion,Personal Care,399,,,,
2022-09-14,44,0,P015,3,8499,25497,0,0.0,25497.0,2549.7,2645,2022,3,September,Wednesday,10.0,Simran Kaur,Mumbai       , Maharashtra   ,400001,44Simran@gmail.com,819370766,Philips Air Fryer,Home Appliances,8499,,,,
2023-01-05,44,0,P016,2,24999,49998,0,0.0,49998.0,4999.8,26,2023,1,January,Thursday,10.0,Simran Kaur,Mumbai       , Maharashtra   ,400001,44Simran@gmail.com,819370766,LG Washing Machine,Home Appliances,24999,,,,
2022-09-01,44,0,P014,2,4999,9998,0,0.0,9998.0,999.8,198,2022,3,September,Thursday,10.0,Simran Kaur,Mumbai       , Maharashtra   ,400001,44Simran@gmail.com,819370766,Bajaj Mixer Grinder,Home Appliances,4999,,,,
2022-01-28,44,0,P027,2,699,1398,0,0.0,1398.0,139.8,242,2022,1,January,Friday,10.0,Simran Kaur,Mumbai       , Maharashtra   ,400001,44Simran@gmail.com,819370766,L'Oreal Shampoo,Personal Care,699,,,,
2022-07-19,44,0,P011,2,1499,2998,0,0.0,2998.0,299.8,266,2022,3,July,Tuesday,10.0,Simran Kaur,Mumbai       , Maharashtra   ,400001,44Simran@gmail.com,819370766,H&M T-Shirt,Clothing,1499,,,,
2023-08-04,44,0,P014,2,4999,9998,0,0.0,9998.0,999.8,341,2023,3,August,Friday,10.0,Simran Kaur,Mumbai       , Maharashtra   ,400001,44Simran@gmail.com,819370766,Bajaj Mixer Grinder,Home Appliances,4999,,,,
2021-08-29,44,0,P005,2,92499,184998,0,0.0,184998.0,18499.8,361,2021,3,August,Sunday,10.0,Simran Kaur,Mumbai       , Maharashtra   ,400001,44Simran@gmail.com,819370766,Apple MacBook Air,Electronics,92499,,,,
2020-12-22,44,0,P011,2,1499,2998,0,0.0,2998.0,299.8,427,2020,4,December,Tuesday,10.0,Simran Kaur,Mumbai       , Maharashtra   ,400001,44Simran@gmail.com,819370766,H&M T-Shirt,Clothing,1499,,,,
2021-06-03,44,0,P015,2,8499,16998,0,0.0,16998.0,1699.8,530,2021,2,June,Thursday,10.0,Simran Kaur,Mumbai       , Maharashtra   ,400001,44Simran@gmail.com,819370766,Philips Air Fryer,Home Appliances,8499,,,,
2020-08-16,44,0,P019,2,5999,11998,0,0.0,11998.0,1199.8,652,2020,3,August,Sunday,10.0,Simran Kaur,Mumbai       , Maharashtra   ,400001,44Simran@gmail.com,819370766,Titan Wrist Watch,Accessories,5999,,,,
2020-01-17,44,0,P027,2,699,1398,0,0.0,1398.0,139.8,918,2020,1,January,Friday,10.0,Simran Kaur,Mumbai       , Maharashtra   ,400001,44Simran@gmail.com,819370766,L'Oreal Shampoo,Personal Care,699,,,,
2022-02-20,44,0,P012,2,2999,5998,0,0.0,5998.0,599.8,940,2022,1,February,Sunday,10.0,Simran Kaur,Mumbai       , Maharashtra   ,400001,44Simran@gmail.com,819370766,FabIndia Kurta,Clothing,2999,,,,
2021-12-21,44,0,P006,2,7499,14998,0,0.0,14998.0,1499.8,1024,2021,4,December,Tuesday,10.0,Simran Kaur,Mumbai       , Maharashtra   ,400001,44Simran@gmail.com,819370766,Nike Running Shoes,Footwear,7499,,,,
2022-10-16,44,0,P027,2,699,1398,0,0.0,1398.0,139.8,1201,2022,4,October,Sunday,10.0,Simran Kaur,Mumbai       , Maharashtra   ,400001,44Simran@gmail.com,819370766,L'Oreal Shampoo,Personal Care,699,,,,
2020-07-07,44,0,P018,2,2299,4598,0,0.0,4598.0,459.8,1572,2020,3,July,Tuesday,10.0,Simran Kaur,Mumbai       , Maharashtra   ,400001,44Simran@gmail.com,819370766,Prestige Pressure Cooker,Home Appliances,2299,,,,
2021-10-12,44,0,P019,2,5999,11998,0,0.0,11998.0,1199.8,1613,2021,4,October,Tuesday,10.0,Simran Kaur,Mumbai       , Maharashtra   ,400001,44Simran@gmail.com,819370766,Titan Wrist Watch,Accessories,5999,,,,
2020-02-14,44,0,P027,2,699,1398,0,0.0,1398.0,139.8,1639,2020,1,February,Friday,10.0,Simran Kaur,Mumbai       , Maharashtra   ,400001,44Simran@gmail.com,819370766,L'Oreal Shampoo,Personal Care,699,,,,
2020-08-18,44,0,P014,2,4999,9998,0,0.0,9998.0,999.8,1839,2020,3,August,Tuesday,10.0,Simran Kaur,Mumbai       , Maharashtra   ,400001,44Simran@gmail.com,819370766,Bajaj Mixer Grinder,Home Appliances,4999,,,,
2021-07-12,44,0,P004,2,64999,129998,0,0.0,129998.0,12999.8,2090,2021,3,July,Monday,10.0,Simran Kaur,Mumbai       , Maharashtra   ,400001,44Simran@gmail.com,819370766,HP Pavilion Laptop,Electronics,64999,,,,
2022-11-04,44,0,P018,2,2299,4598,0,0.0,4598.0,459.8,2371,2022,4,November,Friday,10.0,Simran Kaur,Mumbai       , Maharashtra   ,400001,44Simran@gmail.com,819370766,Prestige Pressure Cooker,Home Appliances,2299,,,,
2021-06-28,44,0,P007,2,6999,13998,0,0.0,13998.0,1399.8,2522,2021,2,June,Monday,10.0,Simran Kaur,Mumbai       , Maharashtra   ,400001,44Simran@gmail.com,819370766,Adidas Sneakers,Footwear,6999,,,,
2023-07-26,44,0,P013,2,15999,31998,0,0.0,31998.0,3199.8,2526,2023,3,July,Wednesday,10.0,Simran Kaur,Mumbai       , Maharashtra   ,400001,44Simran@gmail.com,819370766,Raymond Suit,Clothing,15999,,,,
2021-06-09,44,0,P017,2,10499,20998,0,0.0,20998.0,2099.8,3005,2021,2,June,Wednesday,10.0,Simran Kaur,Mumbai       , Maharashtra   ,400001,44Simran@gmail.com,819370766,IFB Microwave Oven,Home Appliances,10499,,,,
2023-09-24,44,0,P030,2,399,798,0,0.0,798.0,79.8,3007,2023,3,September,Sunday,10.0,Simran Kaur,Mumbai       , Maharashtra   ,400001,44Simran@gmail.com,819370766,Nivea Body Lotion,Personal Care,399,,,,
2022-12-17,44,0,P011,3,1499,4497,0,0.0,4497.0,449.7,2760,2022,4,December,Saturday,10.0,Simran Kaur,Mumbai       , Maharashtra   ,400001,44Simran@gmail.com,819370766,H&M T-Shirt,Clothing,1499,,,,
2021-11-19,44,0,P008,2,5499,10998,0,0.0,10998.0,1099.8,277,2021,4,November,Friday,10.0,Simran Kaur,Mumbai       , Maharashtra   ,400001,44Simran@gmail.com,819370766,Puma Sports Shoes,Footwear,5499,,,,
2023-07-24,44,0,P008,2,5499,10998,0,0.0,10998.0,1099.8,878,2023,3,July,Monday,10.0,Simran Kaur,Mumbai       , Maharashtra   ,400001,44Simran@gmail.com,819370766,Puma Sports Shoes,Footwear,5499,,,,
2023-02-11,44,0,P019,1,5999,5999,0,0.0,5999.0,599.9,13,2023,1,February,Saturday,10.0,Simran Kaur,Mumbai       , Maharashtra   ,400001,44Simran@gmail.com,819370766,Titan Wrist Watch,Accessories,5999,,,,
2022-06-29,44,0,P021,1,1299,1299,0,0.0,1299.0,129.9,68,2022,2,June,Wednesday,10.0,Simran Kaur,Mumbai       , Maharashtra   ,400001,44Simran@gmail.com,819370766,Tupperware Lunch Box,Kitchenware,1299,,,,
2023-10-22,44,0,P030,1,399,399,0,0.0,399.0,39.9,89,2023,4,October,Sunday,10.0,Simran Kaur,Mumbai       , Maharashtra   ,400001,44Simran@gmail.com,819370766,Nivea Body Lotion,Personal Care,399,,,,
2022-10-29,44,0,P029,1,99,99,0,0.0,99.0,9.9,123,2022,4,October,Saturday,10.0,Simran Kaur,Mumbai       , Maharashtra   ,400001,44Simran@gmail.com,819370766,Colgate Toothpaste,Personal Care,99,,,,
2020-09-25,44,0,P014,1,4999,4999,0,0.0,4999.0,499.9,382,2020,3,September,Friday,10.0,Simran Kaur,Mumbai       , Maharashtra   ,400001,44Simran@gmail.com,819370766,Bajaj Mixer Grinder,Home Appliances,4999,,,,
2023-08-20,44,0,P019,1,5999,5999,0,0.0,5999.0,599.9,401,2023,3,August,Sunday,10.0,Simran Kaur,Mumbai       , Maharashtra   ,400001,44Simran@gmail.com,819370766,Titan Wrist Watch,Accessories,5999,,,,
2022-09-24,44,0,P029,1,99,99,0,0.0,99.0,9.9,1011,2022,3,September,Saturday,10.0,Simran Kaur,Mumbai       , Maharashtra   ,400001,44Simran@gmail.com,819370766,Colgate Toothpaste,Personal Care,99,,,,
2022-10-21,44,0,P024,1,2799,2799,0,0.0,2799.0,279.9,1027,2022,4,October,Friday,10.0,Simran Kaur,Mumbai       , Maharashtra   ,400001,44Simran@gmail.com,819370766,Puma Backpack,Bags,2799,,,,
2020-10-12,44,0,P027,1,699,699,0,0.0,699.0,69.9,1092,2020,4,October,Monday,10.0,Simran Kaur,Mumbai       , Maharashtra   ,400001,44Simran@gmail.com,819370766,L'Oreal Shampoo,Personal Care,699,,,,
2020-06-19,44,0,P027,1,699,699,0,0.0,699.0,69.9,1131,2020,2,June,Friday,10.0,Simran Kaur,Mumbai       , Maharashtra   ,400001,44Simran@gmail.com,819370766,L'Oreal Shampoo,Personal Care,699,,,,
2021-08-16,44,0,P028,1,349,349,0,0.0,349.0,34.9,1172,2021,3,August,Monday,10.0,Simran Kaur,Mumbai       , Maharashtra   ,400001,44Simran@gmail.com,819370766,Dove Soap Pack,Personal Care,349,,,,
2023-03-18,44,0,P007,1,6999,6999,0,0.0,6999.0,699.9,1381,2023,1,March,Saturday,10.0,Simran Kaur,Mumbai       , Maharashtra   ,400001,44Simran@gmail.com,819370766,Adidas Sneakers,Footwear,6999,,,,
2023-08-24,44,0,P030,1,399,399,0,0.0,399.0,39.9,1455,2023,3,August,Thursday,10.0,Simran Kaur,Mumbai       , Maharashtra   ,400001,44Simran@gmail.com,819370766,Nivea Body Lotion,Personal Care,399,,,,
2022-02-01,44,0,P018,1,2299,2299,0,0.0,2299.0,229.9,1647,2022,1,February,Tuesday,10.0,Simran Kaur,Mumbai       , Maharashtra   ,400001,44Simran@gmail.com,819370766,Prestige Pressure Cooker,Home Appliances,2299,,,,
2022-10-10,44,0,P007,1,6999,6999,0,0.0,6999.0,699.9,1886,2022,4,October,Monday,10.0,Simran Kaur,Mumbai       , Maharashtra   ,400001,44Simran@gmail.com,819370766,Adidas Sneakers,Footwear,6999,,,,
2020-12-04,44,0,P013,1,15999,15999,0,0.0,15999.0,1599.9,2206,2020,4,December,Friday,10.0,Simran Kaur,Mumbai       , Maharashtra   ,400001,44Simran@gmail.com,819370766,Raymond Suit,Clothing,15999,,,,
2023-11-15,44,0,P017,1,10499,10499,0,0.0,10499.0,1049.9,2223,2023,4,November,Wednesday,10.0,Simran Kaur,Mumbai       , Maharashtra   ,400001,44Simran@gmail.com,819370766,IFB Microwave Oven,Home Appliances,10499,,,,
2023-08-31,44,0,P030,1,399,399,0,0.0,399.0,39.9,2379,2023,3,August,Thursday,10.0,Simran Kaur,Mumbai       , Maharashtra   ,400001,44Simran@gmail.com,819370766,Nivea Body Lotion,Personal Care,399,,,,
2021-10-31,44,0,P029,1,99,99,0,0.0,99.0,9.9,2386,2021,4,October,Sunday,10.0,Simran Kaur,Mumbai       , Maharashtra   ,400001,44Simran@gmail.com,819370766,Colgate Toothpaste,Personal Care,99,,,,
2021-02-11,44,0,P020,1,12999,12999,0,0.0,12999.0,1299.9,2678,2021,1,February,Thursday,10.0,Simran Kaur,Mumbai       , Maharashtra   ,400001,44Simran@gmail.com,819370766,Fossil Smartwatch,Accessories,12999,,,,
2020-02-27,44,0,P016,1,24999,24999,0,0.0,24999.0,2499.9,3024,2020,1,February,Thursday,10.0,Simran Kaur,Mumbai       , Maharashtra   ,400001,44Simran@gmail.com,819370766,LG Washing Machine,Home Appliances,24999,,,,
2021-08-17,44,0,P003,1,89999,89999,0,0.0,89999.0,8999.9,3216,2021,3,August,Tuesday,10.0,Simran Kaur,Mumbai       , Maharashtra   ,400001,44Simran@gmail.com,819370766,"Sony Bravia 55"" TV",Electronics,89999,,,,
2021-12-21,44,0,P024,1,2799,2799,0,0.0,2799.0,279.9,3261,2021,4,December,Tuesday,10.0,Simran Kaur,Mumbai       , Maharashtra   ,400001,44Simran@gmail.com,819370766,Puma Backpack,Bags,2799,,,,
2021-10-03,44,0,P007,1,6999,6999,0,0.0,6999.0,699.9,3433,2021,4,October,Sunday,10.0,Simran Kaur,Mumbai       , Maharashtra   ,400001,44Simran@gmail.com,819370766,Adidas Sneakers,Footwear,6999,,,,
2020-04-10,44,PR001,P018,2,2299,4598,20,919.6,3678.4,367.84,1087,2020,2,April,Friday,10.0,Simran Kaur,Mumbai       , Maharashtra   ,400001,44Simran@gmail.com,819370766,Prestige Pressure Cooker,Home Appliances,2299,Summer Sale,Email,SUMMER21,20% off
2023-05-28,44,PR001,P020,2,12999,25998,20,5199.6,20798.4,2079.84,1468,2023,2,May,Sunday,10.0,Simran Kaur,Mumbai       , Maharashtra   ,400001,44Simran@gmail.com,819370766,Fossil Smartwatch,Accessories,12999,Summer Sale,Email,SUMMER21,20% off
2020-04-23,44,PR001,P016,2,24999,49998,20,9999.6,39998.4,3999.84,2225,2020,2,April,Thursday,10.0,Simran Kaur,Mumbai       , Maharashtra   ,400001,44Simran@gmail.com,819370766,LG Washing Machine,Home Appliances,24999,Summer Sale,Email,SUMMER21,20% off
2020-05-11,44,PR001,P027,2,699,1398,20,279.6,1118.4,111.84,2273,2020,2,May,Monday,10.0,Simran Kaur,Mumbai       , Maharashtra   ,400001,44Simran@gmail.com,819370766,L'Oreal Shampoo,Personal Care,699,Summer Sale,Email,SUMMER21,20% off
2021-05-15,44,PR001,P027,2,699,1398,20,279.6,1118.4,111.84,2355,2021,2,May,Saturday,10.0,Simran Kaur,Mumbai       , Maharashtra   ,400001,44Simran@gmail.com,819370766,L'Oreal Shampoo,Personal Care,699,Summer Sale,Email,SUMMER21,20% off
2023-04-16,44,PR001,P025,2,8999,17998,20,3599.6,14398.4,1439.84,2498,2023,2,April,Sunday,10.0,Simran Kaur,Mumbai       , Maharashtra   ,400001,44Simran@gmail.com,819370766,American Tourister Suitcase,Bags,8999,Summer Sale,Email,SUMMER21,20% off
2021-04-10,44,PR001,P006,3,7499,22497,20,4499.4,17997.6,1799.76,997,2021,2,April,Saturday,10.0,Simran Kaur,Mumbai       , Maharashtra   ,400001,44Simran@gmail.com,819370766,Nike Running Shoes,Footwear,7499,Summer Sale,Email,SUMMER21,20% off
2022-05-28,44,PR001,P015,3,8499,25497,20,5099.4,20397.6,2039.76,2696,2022,2,May,Saturday,10.0,Simran Kaur,Mumbai       , Maharashtra   ,400001,44Simran@gmail.com,819370766,Philips Air Fryer,Home Appliances,8499,Summer Sale,Email,SUMMER21,20% off
2023-04-24,44,PR001,P028,1,349,349,20,69.8,279.2,27.92,572,2023,2,April,Monday,10.0,Simran Kaur,Mumbai       , Maharashtra   ,400001,44Simran@gmail.com,819370766,Dove Soap Pack,Personal Care,349,Summer Sale,Email,SUMMER21,20% off
2022-05-09,44,PR001,P024,1,2799,2799,20,559.8,2239.2,223.92,3507,2022,2,May,Monday,10.0,Simran Kaur,Mumbai       , Maharashtra   ,400001,44Simran@gmail.com,819370766,Puma Backpack,Bags,2799,Summer Sale,Email,SUMMER21,20% off
2023-07-22,44,PR004,P005,2,92499,184998,50,92499.0,92499.0,9249.9,1298,2023,3,July,Saturday,10.0,Simran Kaur,Mumbai       , Maharashtra   ,400001,44Simran@gmail.com,819370766,Apple MacBook Air,Electronics,92499,Weekend Flash Sale,Mobile Push,FLASH50,50% off
2021-07-11,44,PR004,P028,3,349,1047,50,523.5,523.5,52.35,2643,2021,3,July,Sunday,10.0,Simran Kaur,Mumbai       , Maharashtra   ,400001,44Simran@gmail.com,819370766,Dove Soap Pack,Personal Care,349,Weekend Flash Sale,Mobile Push,FLASH50,50% off
2021-07-10,44,PR004,P014,2,4999,9998,50,4999.0,4999.0,499.9,3196,2021,3,July,Saturday,10.0,Simran Kaur,Mumbai       , Maharashtra   ,400001,44Simran@gmail.com,819370766,Bajaj Mixer Grinder,Home Appliances,4999,Weekend Flash Sale,Mobile Push,FLASH50,50% off
2023-12-20,44,PR005,P022,3,1999,5997,70,4197.9,1799.1,179.91,1471,2023,4,December,Wednesday,10.0,Simran Kaur,Mumbai       , Maharashtra   ,400001,44Simran@gmail.com,819370766,Borosil Glass Set,Kitchenware,1999,Clearance Sale,In-App,CLEARANCE23,70% off
2021-03-02,45,0,P017,2,10499,20998,0,0.0,20998.0,2099.8,99,2021,1,March,Tuesday,10.0,Sneha Sharma,Jaipur       , Rajasthan     ,302001,45Sneha@gmail.com,890825886,IFB Microwave Oven,Home Appliances,10499,,,,
2022-12-02,45,0,P023,3,1499,4497,0,0.0,4497.0,449.7,433,2022,4,December,Friday,10.0,Sneha Sharma,Jaipur       , Rajasthan     ,302001,45Sneha@gmail.com,890825886,Milton Thermos Flask,Kitchenware,1499,,,,
2023-08-23,45,0,P023,3,1499,4497,0,0.0,4497.0,449.7,2673,2023,3,August,Wednesday,10.0,Sneha Sharma,Jaipur       , Rajasthan     ,302001,45Sneha@gmail.com,890825886,Milton Thermos Flask,Kitchenware,1499,,,,
2023-09-13,45,0,P019,3,5999,17997,0,0.0,17997.0,1799.7,775,2023,3,September,Wednesday,10.0,Sneha Sharma,Jaipur       , Rajasthan     ,302001,45Sneha@gmail.com,890825886,Titan Wrist Watch,Accessories,5999,,,,
2021-09-05,45,0,P001,3,79999,239997,0,0.0,239997.0,23999.7,819,2021,3,September,Sunday,10.0,Sneha Sharma,Jaipur       , Rajasthan     ,302001,45Sneha@gmail.com,890825886,Apple iPhone 14,Electronics,79999,,,,
2022-08-12,45,0,P007,3,6999,20997,0,0.0,20997.0,2099.7,936,2022,3,August,Friday,10.0,Sneha Sharma,Jaipur       , Rajasthan     ,302001,45Sneha@gmail.com,890825886,Adidas Sneakers,Footwear,6999,,,,
2020-12-01,45,0,P012,3,2999,8997,0,0.0,8997.0,899.7,1671,2020,4,December,Tuesday,10.0,Sneha Sharma,Jaipur       , Rajasthan     ,302001,45Sneha@gmail.com,890825886,FabIndia Kurta,Clothing,2999,,,,
2023-08-19,45,0,P010,3,2199,6597,0,0.0,6597.0,659.7,1946,2023,3,August,Saturday,10.0,Sneha Sharma,Jaipur       , Rajasthan     ,302001,45Sneha@gmail.com,890825886,Zara Casual Shirt,Clothing,2199,,,,
2022-02-06,45,0,P018,3,2299,6897,0,0.0,6897.0,689.7,2027,2022,1,February,Sunday,10.0,Sneha Sharma,Jaipur       , Rajasthan     ,302001,45Sneha@gmail.com,890825886,Prestige Pressure Cooker,Home Appliances,2299,,,,
2020-03-04,45,0,P012,3,2999,8997,0,0.0,8997.0,899.7,2053,2020,1,March,Wednesday,10.0,Sneha Sharma,Jaipur       , Rajasthan     ,302001,45Sneha@gmail.com,890825886,FabIndia Kurta,Clothing,2999,,,,
2021-03-28,45,0,P018,3,2299,6897,0,0.0,6897.0,689.7,2420,2021,1,March,Sunday,10.0,Sneha Sharma,Jaipur       , Rajasthan     ,302001,45Sneha@gmail.com,890825886,Prestige Pressure Cooker,Home Appliances,2299,,,,
2021-02-27,45,0,P025,3,8999,26997,0,0.0,26997.0,2699.7,2953,2021,1,February,Saturday,10.0,Sneha Sharma,Jaipur       , Rajasthan     ,302001,45Sneha@gmail.com,890825886,American Tourister Suitcase,Bags,8999,,,,
2021-07-09,45,0,P009,3,3499,10497,0,0.0,10497.0,1049.7,2971,2021,3,July,Friday,10.0,Sneha Sharma,Jaipur       , Rajasthan     ,302001,45Sneha@gmail.com,890825886,Levi's Denim Jeans,Clothing,3499,,,,
2022-07-25,45,0,P006,3,7499,22497,0,0.0,22497.0,2249.7,3082,2022,3,July,Monday,10.0,Sneha Sharma,Jaipur       , Rajasthan     ,302001,45Sneha@gmail.com,890825886,Nike Running Shoes,Footwear,7499,,,,
2021-10-06,45,0,P021,3,1299,3897,0,0.0,3897.0,389.7,3115,2021,4,October,Wednesday,10.0,Sneha Sharma,Jaipur       , Rajasthan     ,302001,45Sneha@gmail.com,890825886,Tupperware Lunch Box,Kitchenware,1299,,,,
2020-11-18,45,0,P013,3,15999,47997,0,0.0,47997.0,4799.7,3190,2020,4,November,Wednesday,10.0,Sneha Sharma,Jaipur       , Rajasthan     ,302001,45Sneha@gmail.com,890825886,Raymond Suit,Clothing,15999,,,,
2022-07-21,45,0,P015,2,8499,16998,0,0.0,16998.0,1699.8,129,2022,3,July,Thursday,10.0,Sneha Sharma,Jaipur       , Rajasthan     ,302001,45Sneha@gmail.com,890825886,Philips Air Fryer,Home Appliances,8499,,,,
2023-10-20,45,0,P001,2,79999,159998,0,0.0,159998.0,15999.8,466,2023,4,October,Friday,10.0,Sneha Sharma,Jaipur       , Rajasthan     ,302001,45Sneha@gmail.com,890825886,Apple iPhone 14,Electronics,79999,,,,
2020-11-21,45,0,P020,2,12999,25998,0,0.0,25998.0,2599.8,1397,2020,4,November,Saturday,10.0,Sneha Sharma,Jaipur       , Rajasthan     ,302001,45Sneha@gmail.com,890825886,Fossil Smartwatch,Accessories,12999,,,,
2022-03-18,45,0,P030,2,399,798,0,0.0,798.0,79.8,1702,2022,1,March,Friday,10.0,Sneha Sharma,Jaipur       , Rajasthan     ,302001,45Sneha@gmail.com,890825886,Nivea Body Lotion,Personal Care,399,,,,
2020-06-06,45,0,P016,2,24999,49998,0,0.0,49998.0,4999.8,1779,2020,2,June,Saturday,10.0,Sneha Sharma,Jaipur       , Rajasthan     ,302001,45Sneha@gmail.com,890825886,LG Washing Machine,Home Appliances,24999,,,,
2021-08-05,45,0,P002,2,69999,139998,0,0.0,139998.0,13999.8,2239,2021,3,August,Thursday,10.0,Sneha Sharma,Jaipur       , Rajasthan     ,302001,45Sneha@gmail.com,890825886,Samsung Galaxy S21,Electronics,69999,,,,
2021-09-10,45,0,P011,2,1499,2998,0,0.0,2998.0,299.8,2258,2021,3,September,Friday,10.0,Sneha Sharma,Jaipur       , Rajasthan     ,302001,45Sneha@gmail.com,890825886,H&M T-Shirt,Clothing,1499,,,,
2022-11-22,45,0,P025,2,8999,17998,0,0.0,17998.0,1799.8,2305,2022,4,November,Tuesday,10.0,Sneha Sharma,Jaipur       , Rajasthan     ,302001,45Sneha@gmail.com,890825886,American Tourister Suitcase,Bags,8999,,,,
2021-12-31,45,0,P023,2,1499,2998,0,0.0,2998.0,299.8,2546,2021,4,December,Friday,10.0,Sneha Sharma,Jaipur       , Rajasthan     ,302001,45Sneha@gmail.com,890825886,Milton Thermos Flask,Kitchenware,1499,,,,
2020-03-31,45,0,P005,2,92499,184998,0,0.0,184998.0,18499.8,2632,2020,1,March,Tuesday,10.0,Sneha Sharma,Jaipur       , Rajasthan     ,302001,45Sneha@gmail.com,890825886,Apple MacBook Air,Electronics,92499,,,,
2020-01-11,45,0,P018,2,2299,4598,0,0.0,4598.0,459.8,2683,2020,1,January,Saturday,10.0,Sneha Sharma,Jaipur       , Rajasthan     ,302001,45Sneha@gmail.com,890825886,Prestige Pressure Cooker,Home Appliances,2299,,,,
2023-08-26,45,0,P020,2,12999,25998,0,0.0,25998.0,2599.8,2832,2023,3,August,Saturday,10.0,Sneha Sharma,Jaipur       , Rajasthan     ,302001,45Sneha@gmail.com,890825886,Fossil Smartwatch,Accessories,12999,,,,
2023-02-12,45,0,P015,2,8499,16998,0,0.0,16998.0,1699.8,3189,2023,1,February,Sunday,10.0,Sneha Sharma,Jaipur       , Rajasthan     ,302001,45Sneha@gmail.com,890825886,Philips Air Fryer,Home Appliances,8499,,,,
2021-07-06,45,0,P010,2,2199,4398,0,0.0,4398.0,439.8,3253,2021,3,July,Tuesday,10.0,Sneha Sharma,Jaipur       , Rajasthan     ,302001,45Sneha@gmail.com,890825886,Zara Casual Shirt,Clothing,2199,,,,
2021-02-28,45,0,P011,2,1499,2998,0,0.0,2998.0,299.8,3379,2021,1,February,Sunday,10.0,Sneha Sharma,Jaipur       , Rajasthan     ,302001,45Sneha@gmail.com,890825886,H&M T-Shirt,Clothing,1499,,,,
2020-02-28,45,0,P020,2,12999,25998,0,0.0,25998.0,2599.8,3478,2020,1,February,Friday,10.0,Sneha Sharma,Jaipur       , Rajasthan     ,302001,45Sneha@gmail.com,890825886,Fossil Smartwatch,Accessories,12999,,,,
2021-12-01,45,0,P025,2,8999,17998,0,0.0,17998.0,1799.8,3502,2021,4,December,Wednesday,10.0,Sneha Sharma,Jaipur       , Rajasthan     ,302001,45Sneha@gmail.com,890825886,American Tourister Suitcase,Bags,8999,,,,
2020-01-13,45,0,P026,2,5499,10998,0,0.0,10998.0,1099.8,339,2020,1,January,Monday,10.0,Sneha Sharma,Jaipur       , Rajasthan     ,302001,45Sneha@gmail.com,890825886,Wildcraft Hiking Bag,Bags,5499,,,,
2023-08-07,45,0,P009,1,3499,3499,0,0.0,3499.0,349.9,64,2023,3,August,Monday,10.0,Sneha Sharma,Jaipur       , Rajasthan     ,302001,45Sneha@gmail.com,890825886,Levi's Denim Jeans,Clothing,3499,,,,
2022-06-17,45,0,P018,1,2299,2299,0,0.0,2299.0,229.9,103,2022,2,June,Friday,10.0,Sneha Sharma,Jaipur       , Rajasthan     ,302001,45Sneha@gmail.com,890825886,Prestige Pressure Cooker,Home Appliances,2299,,,,
2021-09-14,45,0,P017,1,10499,10499,0,0.0,10499.0,1049.9,110,2021,3,September,Tuesday,10.0,Sneha Sharma,Jaipur       , Rajasthan     ,302001,45Sneha@gmail.com,890825886,IFB Microwave Oven,Home Appliances,10499,,,,
2023-01-03,45,0,P028,1,349,349,0,0.0,349.0,34.9,223,2023,1,January,Tuesday,10.0,Sneha Sharma,Jaipur       , Rajasthan     ,302001,45Sneha@gmail.com,890825886,Dove Soap Pack,Personal Care,349,,,,
2020-03-30,45,0,P013,1,15999,15999,0,0.0,15999.0,1599.9,319,2020,1,March,Monday,10.0,Sneha Sharma,Jaipur       , Rajasthan     ,302001,45Sneha@gmail.com,890825886,Raymond Suit,Clothing,15999,,,,
2020-12-15,45,0,P012,1,2999,2999,0,0.0,2999.0,299.9,443,2020,4,December,Tuesday,10.0,Sneha Sharma,Jaipur       , Rajasthan     ,302001,45Sneha@gmail.com,890825886,FabIndia Kurta,Clothing,2999,,,,
2020-01-14,45,0,P004,1,64999,64999,0,0.0,64999.0,6499.9,621,2020,1,January,Tuesday,10.0,Sneha Sharma,Jaipur       , Rajasthan     ,302001,45Sneha@gmail.com,890825886,HP Pavilion Laptop,Electronics,64999,,,,
2021-06-11,45,0,P026,1,5499,5499,0,0.0,5499.0,549.9,664,2021,2,June,Friday,10.0,Sneha Sharma,Jaipur       , Rajasthan     ,302001,45Sneha@gmail.com,890825886,Wildcraft Hiking Bag,Bags,5499,,,,
2020-08-04,45,0,P025,1,8999,8999,0,0.0,8999.0,899.9,998,2020,3,August,Tuesday,10.0,Sneha Sharma,Jaipur       , Rajasthan     ,302001,45Sneha@gmail.com,890825886,American Tourister Suitcase,Bags,8999,,,,
2023-09-09,45,0,P029,1,99,99,0,0.0,99.0,9.9,1091,2023,3,September,Saturday,10.0,Sneha Sharma,Jaipur       , Rajasthan     ,302001,45Sneha@gmail.com,890825886,Colgate Toothpaste,Personal Care,99,,,,
2021-02-12,45,0,P018,1,2299,2299,0,0.0,2299.0,229.9,1128,2021,1,February,Friday,10.0,Sneha Sharma,Jaipur       , Rajasthan     ,302001,45Sneha@gmail.com,890825886,Prestige Pressure Cooker,Home Appliances,2299,,,,
2020-10-03,45,0,P022,1,1999,1999,0,0.0,1999.0,199.9,1297,2020,4,October,Saturday,10.0,Sneha Sharma,Jaipur       , Rajasthan     ,302001,45Sneha@gmail.com,890825886,Borosil Glass Set,Kitchenware,1999,,,,
2020-06-12,45,0,P007,1,6999,6999,0,0.0,6999.0,699.9,1437,2020,2,June,Friday,10.0,Sneha Sharma,Jaipur       , Rajasthan     ,302001,45Sneha@gmail.com,890825886,Adidas Sneakers,Footwear,6999,,,,
2023-11-27,45,0,P013,1,15999,15999,0,0.0,15999.0,1599.9,1596,2023,4,November,Monday,10.0,Sneha Sharma,Jaipur       , Rajasthan     ,302001,45Sneha@gmail.com,890825886,Raymond Suit,Clothing,15999,,,,
2023-02-01,45,0,P006,1,7499,7499,0,0.0,7499.0,749.9,1603,2023,1,February,Wednesday,10.0,Sneha Sharma,Jaipur       , Rajasthan     ,302001,45Sneha@gmail.com,890825886,Nike Running Shoes,Footwear,7499,,,,
2020-11-19,45,0,P013,1,15999,15999,0,0.0,15999.0,1599.9,2338,2020,4,November,Thursday,10.0,Sneha Sharma,Jaipur       , Rajasthan     ,302001,45Sneha@gmail.com,890825886,Raymond Suit,Clothing,15999,,,,
2022-08-31,45,0,P012,1,2999,2999,0,0.0,2999.0,299.9,2345,2022,3,August,Wednesday,10.0,Sneha Sharma,Jaipur       , Rajasthan     ,302001,45Sneha@gmail.com,890825886,FabIndia Kurta,Clothing,2999,,,,
2020-11-15,45,0,P002,1,69999,69999,0,0.0,69999.0,6999.9,2481,2020,4,November,Sunday,10.0,Sneha Sharma,Jaipur       , Rajasthan     ,302001,45Sneha@gmail.com,890825886,Samsung Galaxy S21,Electronics,69999,,,,
2023-08-07,45,0,P015,1,8499,8499,0,0.0,8499.0,849.9,2578,2023,3,August,Monday,10.0,Sneha Sharma,Jaipur       , Rajasthan     ,302001,45Sneha@gmail.com,890825886,Philips Air Fryer,Home Appliances,8499,,,,
2020-03-12,45,0,P006,1,7499,7499,0,0.0,7499.0,749.9,2788,2020,1,March,Thursday,10.0,Sneha Sharma,Jaipur       , Rajasthan     ,302001,45Sneha@gmail.com,890825886,Nike Running Shoes,Footwear,7499,,,,
2022-08-28,45,0,P009,1,3499,3499,0,0.0,3499.0,349.9,2806,2022,3,August,Sunday,10.0,Sneha Sharma,Jaipur       , Rajasthan     ,302001,45Sneha@gmail.com,890825886,Levi's Denim Jeans,Clothing,3499,,,,
2020-09-25,45,0,P004,1,64999,64999,0,0.0,64999.0,6499.9,2880,2020,3,September,Friday,10.0,Sneha Sharma,Jaipur       , Rajasthan     ,302001,45Sneha@gmail.com,890825886,HP Pavilion Laptop,Electronics,64999,,,,
2020-09-20,45,0,P020,1,12999,12999,0,0.0,12999.0,1299.9,3223,2020,3,September,Sunday,10.0,Sneha Sharma,Jaipur       , Rajasthan     ,302001,45Sneha@gmail.com,890825886,Fossil Smartwatch,Accessories,12999,,,,
2023-11-14,45,0,P022,1,1999,1999,0,0.0,1999.0,199.9,3427,2023,4,November,Tuesday,10.0,Sneha Sharma,Jaipur       , Rajasthan     ,302001,45Sneha@gmail.com,890825886,Borosil Glass Set,Kitchenware,1999,,,,
2020-11-19,45,0,P014,1,4999,4999,0,0.0,4999.0,499.9,3485,2020,4,November,Thursday,10.0,Sneha Sharma,Jaipur       , Rajasthan     ,302001,45Sneha@gmail.com,890825886,Bajaj Mixer Grinder,Home Appliances,4999,,,,
2023-05-25,45,PR001,P021,2,1299,2598,20,519.6,2078.4,207.84,1179,2023,2,May,Thursday,10.0,Sneha Sharma,Jaipur       , Rajasthan     ,302001,45Sneha@gmail.com,890825886,Tupperware Lunch Box,Kitchenware,1299,Summer Sale,Email,SUMMER21,20% off
2020-05-14,45,PR001,P026,3,5499,16497,20,3299.4,13197.6,1319.76,366,2020,2,May,Thursday,10.0,Sneha Sharma,Jaipur       , Rajasthan     ,302001,45Sneha@gmail.com,890825886,Wildcraft Hiking Bag,Bags,5499,Summer Sale,Email,SUMMER21,20% off
2021-04-03,45,PR001,P025,3,8999,26997,20,5399.4,21597.6,2159.76,1030,2021,2,April,Saturday,10.000000000000002,Sneha Sharma,Jaipur       , Rajasthan     ,302001,45Sneha@gmail.com,890825886,American Tourister Suitcase,Bags,8999,Summer Sale,Email,SUMMER21,20% off
2020-05-20,45,PR001,P016,3,24999,74997,20,14999.4,59997.6,5999.76,2069,2020,2,May,Wednesday,10.0,Sneha Sharma,Jaipur       , Rajasthan     ,302001,45Sneha@gmail.com,890825886,LG Washing Machine,Home Appliances,24999,Summer Sale,Email,SUMMER21,20% off
2022-05-07,45,PR001,P023,3,1499,4497,20,899.4,3597.6,359.76,2252,2022,2,May,Saturday,10.0,Sneha Sharma,Jaipur       , Rajasthan     ,302001,45Sneha@gmail.com,890825886,Milton Thermos Flask,Kitchenware,1499,Summer Sale,Email,SUMMER21,20% off
2022-05-12,45,PR001,P027,3,699,2097,20,419.4,1677.6,167.76,2778,2022,2,May,Thursday,10.0,Sneha Sharma,Jaipur       , Rajasthan     ,302001,45Sneha@gmail.com,890825886,L'Oreal Shampoo,Personal Care,699,Summer Sale,Email,SUMMER21,20% off
2022-04-27,45,PR001,P011,1,1499,1499,20,299.8,1199.2,119.92,393,2022,2,April,Wednesday,10.0,Sneha Sharma,Jaipur       , Rajasthan     ,302001,45Sneha@gmail.com,890825886,H&M T-Shirt,Clothing,1499,Summer Sale,Email,SUMMER21,20% off
2021-04-02,45,PR001,P007,1,6999,6999,20,1399.8,5599.2,559.92,3327,2021,2,April,Friday,10.0,Sneha Sharma,Jaipur       , Rajasthan     ,302001,45Sneha@gmail.com,890825886,Adidas Sneakers,Footwear,6999,Summer Sale,Email,SUMMER21,20% off
2023-12-25,45,PR005,P023,1,1499,1499,70,1049.3,449.7,44.97,645,2023,4,December,Monday,10.0,Sneha Sharma,Jaipur       , Rajasthan     ,302001,45Sneha@gmail.com,890825886,Milton Thermos Flask,Kitchenware,1499,Clearance Sale,In-App,CLEARANCE23,70% off
2023-12-16,45,PR005,P022,2,1999,3998,70,2798.6,1199.4,119.94,2034,2023,4,December,Saturday,10.0,Sneha Sharma,Jaipur       , Rajasthan     ,302001,45Sneha@gmail.com,890825886,Borosil Glass Set,Kitchenware,1999,Clearance Sale,In-App,CLEARANCE23,70% off
2021-03-07,46,0,P009,2,3499,6998,0,0.0,6998.0,699.8,3091,2021,1,March,Sunday,10.0,Tanvi Nair,Indore       , Madhya Pradesh,452001,46Tanvi@gmail.com,945516860,Levi's Denim Jeans,Clothing,3499,,,,
2021-03-28,46,0,P008,3,5499,16497,0,0.0,16497.0,1649.7,2269,2021,1,March,Sunday,10.0,Tanvi Nair,Indore       , Madhya Pradesh,452001,46Tanvi@gmail.com,945516860,Puma Sports Shoes,Footwear,5499,,,,
2020-03-27,46,0,P007,3,6999,20997,0,0.0,20997.0,2099.7,154,2020,1,March,Friday,10.0,Tanvi Nair,Indore       , Madhya Pradesh,452001,46Tanvi@gmail.com,945516860,Adidas Sneakers,Footwear,6999,,,,
2021-08-10,46,0,P003,3,89999,269997,0,0.0,269997.0,26999.7,157,2021,3,August,Tuesday,10.0,Tanvi Nair,Indore       , Madhya Pradesh,452001,46Tanvi@gmail.com,945516860,"Sony Bravia 55"" TV",Electronics,89999,,,,
2021-01-05,46,0,P030,3,399,1197,0,0.0,1197.0,119.7,187,2021,1,January,Tuesday,10.0,Tanvi Nair,Indore       , Madhya Pradesh,452001,46Tanvi@gmail.com,945516860,Nivea Body Lotion,Personal Care,399,,,,
2021-06-13,46,0,P022,3,1999,5997,0,0.0,5997.0,599.7,695,2021,2,June,Sunday,10.0,Tanvi Nair,Indore       , Madhya Pradesh,452001,46Tanvi@gmail.com,945516860,Borosil Glass Set,Kitchenware,1999,,,,
2021-11-01,46,0,P002,3,69999,209997,0,0.0,209997.0,20999.7,697,2021,4,November,Monday,10.0,Tanvi Nair,Indore       , Madhya Pradesh,452001,46Tanvi@gmail.com,945516860,Samsung Galaxy S21,Electronics,69999,,,,
2020-01-10,46,0,P005,3,92499,277497,0,0.0,277497.0,27749.7,799,2020,1,January,Friday,10.0,Tanvi Nair,Indore       , Madhya Pradesh,452001,46Tanvi@gmail.com,945516860,Apple MacBook Air,Electronics,92499,,,,
2022-07-28,46,0,P002,3,69999,209997,0,0.0,209997.0,20999.7,855,2022,3,July,Thursday,10.0,Tanvi Nair,Indore       , Madhya Pradesh,452001,46Tanvi@gmail.com,945516860,Samsung Galaxy S21,Electronics,69999,,,,
2020-02-08,46,0,P028,3,349,1047,0,0.0,1047.0,104.7,1054,2020,1,February,Saturday,10.0,Tanvi Nair,Indore       , Madhya Pradesh,452001,46Tanvi@gmail.com,945516860,Dove Soap Pack,Personal Care,349,,,,
2021-08-14,46,0,P017,3,10499,31497,0,0.0,31497.0,3149.7,1065,2021,3,August,Saturday,10.0,Tanvi Nair,Indore       , Madhya Pradesh,452001,46Tanvi@gmail.com,945516860,IFB Microwave Oven,Home Appliances,10499,,,,
2020-03-09,46,0,P009,3,3499,10497,0,0.0,10497.0,1049.7,1235,2020,1,March,Monday,10.0,Tanvi Nair,Indore       , Madhya Pradesh,452001,46Tanvi@gmail.com,945516860,Levi's Denim Jeans,Clothing,3499,,,,
2023-09-09,46,0,P017,3,10499,31497,0,0.0,31497.0,3149.7,1243,2023,3,September,Saturday,10.0,Tanvi Nair,Indore       , Madhya Pradesh,452001,46Tanvi@gmail.com,945516860,IFB Microwave Oven,Home Appliances,10499,,,,
2023-10-12,46,0,P025,3,8999,26997,0,0.0,26997.0,2699.7,1395,2023,4,October,Thursday,10.0,Tanvi Nair,Indore       , Madhya Pradesh,452001,46Tanvi@gmail.com,945516860,American Tourister Suitcase,Bags,8999,,,,
2022-12-29,46,0,P025,3,8999,26997,0,0.0,26997.0,2699.7,1472,2022,4,December,Thursday,10.0,Tanvi Nair,Indore       , Madhya Pradesh,452001,46Tanvi@gmail.com,945516860,American Tourister Suitcase,Bags,8999,,,,
2022-07-20,46,0,P010,3,2199,6597,0,0.0,6597.0,659.7,1489,2022,3,July,Wednesday,10.0,Tanvi Nair,Indore       , Madhya Pradesh,452001,46Tanvi@gmail.com,945516860,Zara Casual Shirt,Clothing,2199,,,,
2020-10-16,46,0,P029,3,99,297,0,0.0,297.0,29.7,1982,2020,4,October,Friday,10.0,Tanvi Nair,Indore       , Madhya Pradesh,452001,46Tanvi@gmail.com,945516860,Colgate Toothpaste,Personal Care,99,,,,
2020-08-10,46,0,P002,3,69999,209997,0,0.0,209997.0,20999.7,2337,2020,3,August,Monday,10.0,Tanvi Nair,Indore       , Madhya Pradesh,452001,46Tanvi@gmail.com,945516860,Samsung Galaxy S21,Electronics,69999,,,,
2022-12-03,46,0,P007,3,6999,20997,0,0.0,20997.0,2099.7,2417,2022,4,December,Saturday,10.0,Tanvi Nair,Indore       , Madhya Pradesh,452001,46Tanvi@gmail.com,945516860,Adidas Sneakers,Footwear,6999,,,,
2022-09-21,46,0,P014,3,4999,14997,0,0.0,14997.0,1499.7,2422,2022,3,September,Wednesday,10.0,Tanvi Nair,Indore       , Madhya Pradesh,452001,46Tanvi@gmail.com,945516860,Bajaj Mixer Grinder,Home Appliances,4999,,,,
2023-11-11,46,0,P010,3,2199,6597,0,0.0,6597.0,659.7,2976,2023,4,November,Saturday,10.0,Tanvi Nair,Indore       , Madhya Pradesh,452001,46Tanvi@gmail.com,945516860,Zara Casual Shirt,Clothing,2199,,,,
2020-08-11,46,0,P010,3,2199,6597,0,0.0,6597.0,659.7,3131,2020,3,August,Tuesday,10.0,Tanvi Nair,Indore       , Madhya Pradesh,452001,46Tanvi@gmail.com,945516860,Zara Casual Shirt,Clothing,2199,,,,
2023-03-01,46,0,P026,3,5499,16497,0,0.0,16497.0,1649.7,58,2023,1,March,Wednesday,10.0,Tanvi Nair,Indore       , Madhya Pradesh,452001,46Tanvi@gmail.com,945516860,Wildcraft Hiking Bag,Bags,5499,,,,
2022-10-02,46,0,P002,3,69999,209997,0,0.0,209997.0,20999.7,3251,2022,4,October,Sunday,10.0,Tanvi Nair,Indore       , Madhya Pradesh,452001,46Tanvi@gmail.com,945516860,Samsung Galaxy S21,Electronics,69999,,,,
2021-06-14,46,0,P028,3,349,1047,0,0.0,1047.0,104.7,3345,2021,2,June,Monday,10.0,Tanvi Nair,Indore       , Madhya Pradesh,452001,46Tanvi@gmail.com,945516860,Dove Soap Pack,Personal Care,349,,,,
2023-03-26,46,0,P010,2,2199,4398,0,0.0,4398.0,439.8,145,2023,1,March,Sunday,10.0,Tanvi Nair,Indore       , Madhya Pradesh,452001,46Tanvi@gmail.com,945516860,Zara Casual Shirt,Clothing,2199,,,,
2021-09-29,46,0,P002,2,69999,139998,0,0.0,139998.0,13999.8,439,2021,3,September,Wednesday,10.0,Tanvi Nair,Indore       , Madhya Pradesh,452001,46Tanvi@gmail.com,945516860,Samsung Galaxy S21,Electronics,69999,,,,
2022-07-22,46,0,P024,2,2799,5598,0,0.0,5598.0,559.8,970,2022,3,July,Friday,10.0,Tanvi Nair,Indore       , Madhya Pradesh,452001,46Tanvi@gmail.com,945516860,Puma Backpack,Bags,2799,,,,
2023-06-28,46,0,P010,2,2199,4398,0,0.0,4398.0,439.8,1174,2023,2,June,Wednesday,10.0,Tanvi Nair,Indore       , Madhya Pradesh,452001,46Tanvi@gmail.com,945516860,Zara Casual Shirt,Clothing,2199,,,,
2021-07-07,46,0,P027,2,699,1398,0,0.0,1398.0,139.8,1325,2021,3,July,Wednesday,10.0,Tanvi Nair,Indore       , Madhya Pradesh,452001,46Tanvi@gmail.com,945516860,L'Oreal Shampoo,Personal Care,699,,,,
2023-11-05,46,0,P016,2,24999,49998,0,0.0,49998.0,4999.8,2395,2023,4,November,Sunday,10.0,Tanvi Nair,Indore       , Madhya Pradesh,452001,46Tanvi@gmail.com,945516860,LG Washing Machine,Home Appliances,24999,,,,
2023-06-08,46,0,P006,2,7499,14998,0,0.0,14998.0,1499.8,2548,2023,2,June,Thursday,10.0,Tanvi Nair,Indore       , Madhya Pradesh,452001,46Tanvi@gmail.com,945516860,Nike Running Shoes,Footwear,7499,,,,
2023-02-23,46,0,P003,2,89999,179998,0,0.0,179998.0,17999.8,2610,2023,1,February,Thursday,10.0,Tanvi Nair,Indore       , Madhya Pradesh,452001,46Tanvi@gmail.com,945516860,"Sony Bravia 55"" TV",Electronics,89999,,,,
2020-09-21,46,0,P015,2,8499,16998,0,0.0,16998.0,1699.8,2764,2020,3,September,Monday,10.0,Tanvi Nair,Indore       , Madhya Pradesh,452001,46Tanvi@gmail.com,945516860,Philips Air Fryer,Home Appliances,8499,,,,
2023-06-12,46,0,P028,2,349,698,0,0.0,698.0,69.8,2944,2023,2,June,Monday,10.0,Tanvi Nair,Indore       , Madhya Pradesh,452001,46Tanvi@gmail.com,945516860,Dove Soap Pack,Personal Care,349,,,,
2021-09-05,46,0,P017,2,10499,20998,0,0.0,20998.0,2099.8,2984,2021,3,September,Sunday,10.0,Tanvi Nair,Indore       , Madhya Pradesh,452001,46Tanvi@gmail.com,945516860,IFB Microwave Oven,Home Appliances,10499,,,,
2020-01-27,46,0,P026,3,5499,16497,0,0.0,16497.0,1649.7,1791,2020,1,January,Monday,10.0,Tanvi Nair,Indore       , Madhya Pradesh,452001,46Tanvi@gmail.com,945516860,Wildcraft Hiking Bag,Bags,5499,,,,
2022-12-20,46,0,P028,2,349,698,0,0.0,698.0,69.8,3318,2022,4,December,Tuesday,10.0,Tanvi Nair,Indore       , Madhya Pradesh,452001,46Tanvi@gmail.com,945516860,Dove Soap Pack,Personal Care,349,,,,
2023-08-08,46,0,P026,2,5499,10998,0,0.0,10998.0,1099.8,2228,2023,3,August,Tuesday,10.0,Tanvi Nair,Indore       , Madhya Pradesh,452001,46Tanvi@gmail.com,945516860,Wildcraft Hiking Bag,Bags,5499,,,,
2021-01-28,46,0,P025,1,8999,8999,0,0.0,8999.0,899.9,16,2021,1,January,Thursday,10.0,Tanvi Nair,Indore       , Madhya Pradesh,452001,46Tanvi@gmail.com,945516860,American Tourister Suitcase,Bags,8999,,,,
2020-03-05,46,0,P004,1,64999,64999,0,0.0,64999.0,6499.9,431,2020,1,March,Thursday,10.0,Tanvi Nair,Indore       , Madhya Pradesh,452001,46Tanvi@gmail.com,945516860,HP Pavilion Laptop,Electronics,64999,,,,
2021-10-11,46,0,P022,1,1999,1999,0,0.0,1999.0,199.9,687,2021,4,October,Monday,10.0,Tanvi Nair,Indore       , Madhya Pradesh,452001,46Tanvi@gmail.com,945516860,Borosil Glass Set,Kitchenware,1999,,,,
2023-06-06,46,0,P019,1,5999,5999,0,0.0,5999.0,599.9,967,2023,2,June,Tuesday,10.0,Tanvi Nair,Indore       , Madhya Pradesh,452001,46Tanvi@gmail.com,945516860,Titan Wrist Watch,Accessories,5999,,,,
2021-11-24,46,0,P016,1,24999,24999,0,0.0,24999.0,2499.9,1156,2021,4,November,Wednesday,10.0,Tanvi Nair,Indore       , Madhya Pradesh,452001,46Tanvi@gmail.com,945516860,LG Washing Machine,Home Appliances,24999,,,,
2020-03-09,46,0,P010,1,2199,2199,0,0.0,2199.0,219.9,1490,2020,1,March,Monday,10.0,Tanvi Nair,Indore       , Madhya Pradesh,452001,46Tanvi@gmail.com,945516860,Zara Casual Shirt,Clothing,2199,,,,
2023-10-18,46,0,P017,1,10499,10499,0,0.0,10499.0,1049.9,1530,2023,4,October,Wednesday,10.0,Tanvi Nair,Indore       , Madhya Pradesh,452001,46Tanvi@gmail.com,945516860,IFB Microwave Oven,Home Appliances,10499,,,,
2021-10-25,46,0,P008,1,5499,5499,0,0.0,5499.0,549.9,1928,2021,4,October,Monday,10.0,Tanvi Nair,Indore       , Madhya Pradesh,452001,46Tanvi@gmail.com,945516860,Puma Sports Shoes,Footwear,5499,,,,
2022-09-14,46,0,P027,1,699,699,0,0.0,699.0,69.9,2019,2022,3,September,Wednesday,10.0,Tanvi Nair,Indore       , Madhya Pradesh,452001,46Tanvi@gmail.com,945516860,L'Oreal Shampoo,Personal Care,699,,,,
2020-01-30,46,0,P028,1,349,349,0,0.0,349.0,34.9,2207,2020,1,January,Thursday,10.0,Tanvi Nair,Indore       , Madhya Pradesh,452001,46Tanvi@gmail.com,945516860,Dove Soap Pack,Personal Care,349,,,,
2022-08-22,46,0,P017,1,10499,10499,0,0.0,10499.0,1049.9,2591,2022,3,August,Monday,10.0,Tanvi Nair,Indore       , Madhya Pradesh,452001,46Tanvi@gmail.com,945516860,IFB Microwave Oven,Home Appliances,10499,,,,
2023-03-16,46,0,P013,1,15999,15999,0,0.0,15999.0,1599.9,2724,2023,1,March,Thursday,10.0,Tanvi Nair,Indore       , Madhya Pradesh,452001,46Tanvi@gmail.com,945516860,Raymond Suit,Clothing,15999,,,,
2023-12-11,46,0,P011,1,1499,1499,0,0.0,1499.0,149.9,2730,2023,4,December,Monday,10.0,Tanvi Nair,Indore       , Madhya Pradesh,452001,46Tanvi@gmail.com,945516860,H&M T-Shirt,Clothing,1499,,,,
2023-01-22,46,0,P022,1,1999,1999,0,0.0,1999.0,199.9,2901,2023,1,January,Sunday,10.0,Tanvi Nair,Indore       , Madhya Pradesh,452001,46Tanvi@gmail.com,945516860,Borosil Glass Set,Kitchenware,1999,,,,
2020-07-16,46,0,P025,1,8999,8999,0,0.0,8999.0,899.9,3258,2020,3,July,Thursday,10.0,Tanvi Nair,Indore       , Madhya Pradesh,452001,46Tanvi@gmail.com,945516860,American Tourister Suitcase,Bags,8999,,,,
2023-01-02,46,0,P018,1,2299,2299,0,0.0,2299.0,229.9,3290,2023,1,January,Monday,10.0,Tanvi Nair,Indore       , Madhya Pradesh,452001,46Tanvi@gmail.com,945516860,Prestige Pressure Cooker,Home Appliances,2299,,,,
2020-04-15,46,PR001,P004,2,64999,129998,20,25999.6,103998.4,10399.84,658,2020,2,April,Wednesday,10.0,Tanvi Nair,Indore       , Madhya Pradesh,452001,46Tanvi@gmail.com,945516860,HP Pavilion Laptop,Electronics,64999,Summer Sale,Email,SUMMER21,20% off
2022-05-12,46,PR001,P020,2,12999,25998,20,5199.6,20798.4,2079.84,1746,2022,2,May,Thursday,10.0,Tanvi Nair,Indore       , Madhya Pradesh,452001,46Tanvi@gmail.com,945516860,Fossil Smartwatch,Accessories,12999,Summer Sale,Email,SUMMER21,20% off
2021-05-09,46,PR001,P019,2,5999,11998,20,2399.6,9598.4,959.84,2231,2021,2,May,Sunday,10.0,Tanvi Nair,Indore       , Madhya Pradesh,452001,46Tanvi@gmail.com,945516860,Titan Wrist Watch,Accessories,5999,Summer Sale,Email,SUMMER21,20% off
2022-04-19,46,PR001,P013,2,15999,31998,20,6399.6,25598.4,2559.84,2356,2022,2,April,Tuesday,10.0,Tanvi Nair,Indore       , Madhya Pradesh,452001,46Tanvi@gmail.com,945516860,Raymond Suit,Clothing,15999,Summer Sale,Email,SUMMER21,20% off
2023-04-15,46,PR001,P023,3,1499,4497,20,899.4,3597.6,359.76,1348,2023,2,April,Saturday,10.0,Tanvi Nair,Indore       , Madhya Pradesh,452001,46Tanvi@gmail.com,945516860,Milton Thermos Flask,Kitchenware,1499,Summer Sale,Email,SUMMER21,20% off
2021-05-10,46,PR001,P023,3,1499,4497,20,899.4,3597.6,359.76,1550,2021,2,May,Monday,10.0,Tanvi Nair,Indore       , Madhya Pradesh,452001,46Tanvi@gmail.com,945516860,Milton Thermos Flask,Kitchenware,1499,Summer Sale,Email,SUMMER21,20% off
2022-04-11,46,PR001,P027,3,699,2097,20,419.4,1677.6,167.76,1927,2022,2,April,Monday,10.0,Tanvi Nair,Indore       , Madhya Pradesh,452001,46Tanvi@gmail.com,945516860,L'Oreal Shampoo,Personal Care,699,Summer Sale,Email,SUMMER21,20% off
2021-04-27,46,PR001,P028,3,349,1047,20,209.4,837.6,83.76,2011,2021,2,April,Tuesday,10.0,Tanvi Nair,Indore       , Madhya Pradesh,452001,46Tanvi@gmail.com,945516860,Dove Soap Pack,Personal Care,349,Summer Sale,Email,SUMMER21,20% off
2023-04-19,46,PR001,P008,3,5499,16497,20,3299.4,13197.6,1319.76,3378,2023,2,April,Wednesday,10.0,Tanvi Nair,Indore       , Madhya Pradesh,452001,46Tanvi@gmail.com,945516860,Puma Sports Shoes,Footwear,5499,Summer Sale,Email,SUMMER21,20% off
2022-04-21,46,PR001,P010,1,2199,2199,20,439.8,1759.2,175.92,332,2022,2,April,Thursday,10.0,Tanvi Nair,Indore       , Madhya Pradesh,452001,46Tanvi@gmail.com,945516860,Zara Casual Shirt,Clothing,2199,Summer Sale,Email,SUMMER21,20% off
2020-05-18,46,PR001,P008,1,5499,5499,20,1099.8,4399.2,439.92,910,2020,2,May,Monday,10.0,Tanvi Nair,Indore       , Madhya Pradesh,452001,46Tanvi@gmail.com,945516860,Puma Sports Shoes,Footwear,5499,Summer Sale,Email,SUMMER21,20% off
2020-04-15,46,PR001,P004,1,64999,64999,20,12999.8,51999.2,5199.92,1400,2020,2,April,Wednesday,10.0,Tanvi Nair,Indore       , Madhya Pradesh,452001,46Tanvi@gmail.com,945516860,HP Pavilion Laptop,Electronics,64999,Summer Sale,Email,SUMMER21,20% off
2020-07-26,46,PR004,P014,1,4999,4999,50,2499.5,2499.5,249.95,1182,2020,3,July,Sunday,10.0,Tanvi Nair,Indore       , Madhya Pradesh,452001,46Tanvi@gmail.com,945516860,Bajaj Mixer Grinder,Home Appliances,4999,Weekend Flash Sale,Mobile Push,FLASH50,50% off
2020-07-12,46,PR004,P030,2,399,798,50,399.0,399.0,39.9,1478,2020,3,July,Sunday,10.0,Tanvi Nair,Indore       , Madhya Pradesh,452001,46Tanvi@gmail.com,945516860,Nivea Body Lotion,Personal Care,399,Weekend Flash Sale,Mobile Push,FLASH50,50% off
2023-07-09,46,PR004,P030,3,399,1197,50,598.5,598.5,59.85,2392,2023,3,July,Sunday,10.0,Tanvi Nair,Indore       , Madhya Pradesh,452001,46Tanvi@gmail.com,945516860,Nivea Body Lotion,Personal Care,399,Weekend Flash Sale,Mobile Push,FLASH50,50% off
2023-07-15,46,PR004,P019,3,5999,17997,50,8998.5,8998.5,899.85,2396,2023,3,July,Saturday,10.0,Tanvi Nair,Indore       , Madhya Pradesh,452001,46Tanvi@gmail.com,945516860,Titan Wrist Watch,Accessories,5999,Weekend Flash Sale,Mobile Push,FLASH50,50% off
2023-12-30,46,PR005,P018,1,2299,2299,70,1609.3,689.7,68.97,215,2023,4,December,Saturday,10.0,Tanvi Nair,Indore       , Madhya Pradesh,452001,46Tanvi@gmail.com,945516860,Prestige Pressure Cooker,Home Appliances,2299,Clearance Sale,In-App,CLEARANCE23,70% off
2020-11-04,47,0,P017,2,10499,20998,0,0.0,20998.0,2099.8,1371,2020,4,November,Wednesday,10.0,Tanya Singh,Delhi        , Delhi         ,110001,47Tanya@gmail.com,817369338,IFB Microwave Oven,Home Appliances,10499,,,,
2021-01-28,47,0,P023,3,1499,4497,0,0.0,4497.0,449.7,1727,2021,1,January,Thursday,10.0,Tanya Singh,Delhi        , Delhi         ,110001,47Tanya@gmail.com,817369338,Milton Thermos Flask,Kitchenware,1499,,,,
2022-08-28,47,0,P023,3,1499,4497,0,0.0,4497.0,449.7,2311,2022,3,August,Sunday,10.0,Tanya Singh,Delhi        , Delhi         ,110001,47Tanya@gmail.com,817369338,Milton Thermos Flask,Kitchenware,1499,,,,
2022-06-06,47,0,P023,3,1499,4497,0,0.0,4497.0,449.7,3114,2022,2,June,Monday,10.0,Tanya Singh,Delhi        , Delhi         ,110001,47Tanya@gmail.com,817369338,Milton Thermos Flask,Kitchenware,1499,,,,
2023-02-17,47,0,P014,3,4999,14997,0,0.0,14997.0,1499.7,498,2023,1,February,Friday,10.0,Tanya Singh,Delhi        , Delhi         ,110001,47Tanya@gmail.com,817369338,Bajaj Mixer Grinder,Home Appliances,4999,,,,
2023-10-27,47,0,P003,3,89999,269997,0,0.0,269997.0,26999.7,787,2023,4,October,Friday,10.0,Tanya Singh,Delhi        , Delhi         ,110001,47Tanya@gmail.com,817369338,"Sony Bravia 55"" TV",Electronics,89999,,,,
2023-09-10,47,0,P025,3,8999,26997,0,0.0,26997.0,2699.7,1001,2023,3,September,Sunday,10.0,Tanya Singh,Delhi        , Delhi         ,110001,47Tanya@gmail.com,817369338,American Tourister Suitcase,Bags,8999,,,,
2020-07-09,47,0,P016,3,24999,74997,0,0.0,74997.0,7499.7,1020,2020,3,July,Thursday,10.0,Tanya Singh,Delhi        , Delhi         ,110001,47Tanya@gmail.com,817369338,LG Washing Machine,Home Appliances,24999,,,,
2022-08-08,47,0,P006,3,7499,22497,0,0.0,22497.0,2249.7,1102,2022,3,August,Monday,10.0,Tanya Singh,Delhi        , Delhi         ,110001,47Tanya@gmail.com,817369338,Nike Running Shoes,Footwear,7499,,,,
2023-09-29,47,0,P002,3,69999,209997,0,0.0,209997.0,20999.7,1841,2023,3,September,Friday,10.0,Tanya Singh,Delhi        , Delhi         ,110001,47Tanya@gmail.com,817369338,Samsung Galaxy S21,Electronics,69999,,,,
2020-10-13,47,0,P005,3,92499,277497,0,0.0,277497.0,27749.7,2570,2020,4,October,Tuesday,10.0,Tanya Singh,Delhi        , Delhi         ,110001,47Tanya@gmail.com,817369338,Apple MacBook Air,Electronics,92499,,,,
2020-01-31,47,0,P029,3,99,297,0,0.0,297.0,29.7,2751,2020,1,January,Friday,10.0,Tanya Singh,Delhi        , Delhi         ,110001,47Tanya@gmail.com,817369338,Colgate Toothpaste,Personal Care,99,,,,
2021-07-14,47,0,P003,3,89999,269997,0,0.0,269997.0,26999.7,2820,2021,3,July,Wednesday,10.0,Tanya Singh,Delhi        , Delhi         ,110001,47Tanya@gmail.com,817369338,"Sony Bravia 55"" TV",Electronics,89999,,,,
2023-09-20,47,0,P028,3,349,1047,0,0.0,1047.0,104.7,3084,2023,3,September,Wednesday,10.0,Tanya Singh,Delhi        , Delhi         ,110001,47Tanya@gmail.com,817369338,Dove Soap Pack,Personal Care,349,,,,
2023-03-17,47,0,P020,3,12999,38997,0,0.0,38997.0,3899.7,3145,2023,1,March,Friday,10.0,Tanya Singh,Delhi        , Delhi         ,110001,47Tanya@gmail.com,817369338,Fossil Smartwatch,Accessories,12999,,,,
2023-11-01,47,0,P003,3,89999,269997,0,0.0,269997.0,26999.7,3399,2023,4,November,Wednesday,10.0,Tanya Singh,Delhi        , Delhi         ,110001,47Tanya@gmail.com,817369338,"Sony Bravia 55"" TV",Electronics,89999,,,,
2020-07-08,47,0,P011,2,1499,2998,0,0.0,2998.0,299.8,356,2020,3,July,Wednesday,10.0,Tanya Singh,Delhi        , Delhi         ,110001,47Tanya@gmail.com,817369338,H&M T-Shirt,Clothing,1499,,,,
2021-11-12,47,0,P024,2,2799,5598,0,0.0,5598.0,559.8,400,2021,4,November,Friday,10.0,Tanya Singh,Delhi        , Delhi         ,110001,47Tanya@gmail.com,817369338,Puma Backpack,Bags,2799,,,,
2022-01-08,47,0,P013,2,15999,31998,0,0.0,31998.0,3199.8,829,2022,1,January,Saturday,10.0,Tanya Singh,Delhi        , Delhi         ,110001,47Tanya@gmail.com,817369338,Raymond Suit,Clothing,15999,,,,
2021-02-03,47,0,P007,2,6999,13998,0,0.0,13998.0,1399.8,1043,2021,1,February,Wednesday,10.0,Tanya Singh,Delhi        , Delhi         ,110001,47Tanya@gmail.com,817369338,Adidas Sneakers,Footwear,6999,,,,
2022-09-09,47,0,P013,2,15999,31998,0,0.0,31998.0,3199.8,1125,2022,3,September,Friday,10.0,Tanya Singh,Delhi        , Delhi         ,110001,47Tanya@gmail.com,817369338,Raymond Suit,Clothing,15999,,,,
2020-08-31,47,0,P022,2,1999,3998,0,0.0,3998.0,399.8,1225,2020,3,August,Monday,10.0,Tanya Singh,Delhi        , Delhi         ,110001,47Tanya@gmail.com,817369338,Borosil Glass Set,Kitchenware,1999,,,,
2020-11-14,47,0,P029,2,99,198,0,0.0,198.0,19.8,1354,2020,4,November,Saturday,10.0,Tanya Singh,Delhi        , Delhi         ,110001,47Tanya@gmail.com,817369338,Colgate Toothpaste,Personal Care,99,,,,
2022-10-15,47,0,P025,2,8999,17998,0,0.0,17998.0,1799.8,1502,2022,4,October,Saturday,10.0,Tanya Singh,Delhi        , Delhi         ,110001,47Tanya@gmail.com,817369338,American Tourister Suitcase,Bags,8999,,,,
2020-03-24,47,0,P001,2,79999,159998,0,0.0,159998.0,15999.8,1742,2020,1,March,Tuesday,10.0,Tanya Singh,Delhi        , Delhi         ,110001,47Tanya@gmail.com,817369338,Apple iPhone 14,Electronics,79999,,,,
2022-10-08,47,0,P019,2,5999,11998,0,0.0,11998.0,1199.8,2167,2022,4,October,Saturday,10.0,Tanya Singh,Delhi        , Delhi         ,110001,47Tanya@gmail.com,817369338,Titan Wrist Watch,Accessories,5999,,,,
2023-07-31,47,0,P020,2,12999,25998,0,0.0,25998.0,2599.8,2636,2023,3,July,Monday,10.0,Tanya Singh,Delhi        , Delhi         ,110001,47Tanya@gmail.com,817369338,Fossil Smartwatch,Accessories,12999,,,,
2021-06-03,47,0,P021,2,1299,2598,0,0.0,2598.0,259.8,2744,2021,2,June,Thursday,10.0,Tanya Singh,Delhi        , Delhi         ,110001,47Tanya@gmail.com,817369338,Tupperware Lunch Box,Kitchenware,1299,,,,
2022-12-04,47,0,P007,2,6999,13998,0,0.0,13998.0,1399.8,3132,2022,4,December,Sunday,10.0,Tanya Singh,Delhi        , Delhi         ,110001,47Tanya@gmail.com,817369338,Adidas Sneakers,Footwear,6999,,,,
2020-03-03,47,0,P012,2,2999,5998,0,0.0,5998.0,599.8,3257,2020,1,March,Tuesday,10.0,Tanya Singh,Delhi        , Delhi         ,110001,47Tanya@gmail.com,817369338,FabIndia Kurta,Clothing,2999,,,,
2022-01-26,47,0,P027,2,699,1398,0,0.0,1398.0,139.8,3392,2022,1,January,Wednesday,10.0,Tanya Singh,Delhi        , Delhi         ,110001,47Tanya@gmail.com,817369338,L'Oreal Shampoo,Personal Care,699,,,,
2022-11-02,47,0,P008,2,5499,10998,0,0.0,10998.0,1099.8,1217,2022,4,November,Wednesday,10.0,Tanya Singh,Delhi        , Delhi         ,110001,47Tanya@gmail.com,817369338,Puma Sports Shoes,Footwear,5499,,,,
2022-06-18,47,0,P026,2,5499,10998,0,0.0,10998.0,1099.8,3505,2022,2,June,Saturday,10.0,Tanya Singh,Delhi        , Delhi         ,110001,47Tanya@gmail.com,817369338,Wildcraft Hiking Bag,Bags,5499,,,,
2023-06-26,47,0,P016,1,24999,24999,0,0.0,24999.0,2499.9,118,2023,2,June,Monday,10.0,Tanya Singh,Delhi        , Delhi         ,110001,47Tanya@gmail.com,817369338,LG Washing Machine,Home Appliances,24999,,,,
2020-03-06,47,0,P019,1,5999,5999,0,0.0,5999.0,599.9,136,2020,1,March,Friday,10.0,Tanya Singh,Delhi        , Delhi         ,110001,47Tanya@gmail.com,817369338,Titan Wrist Watch,Accessories,5999,,,,
2021-03-26,47,0,P026,1,5499,5499,0,0.0,5499.0,549.9,229,2021,1,March,Friday,10.0,Tanya Singh,Delhi        , Delhi         ,110001,47Tanya@gmail.com,817369338,Wildcraft Hiking Bag,Bags,5499,,,,
2021-03-01,47,0,P028,1,349,349,0,0.0,349.0,34.9,325,2021,1,March,Monday,10.0,Tanya Singh,Delhi        , Delhi         ,110001,47Tanya@gmail.com,817369338,Dove Soap Pack,Personal Care,349,,,,
2021-10-18,47,0,P016,1,24999,24999,0,0.0,24999.0,2499.9,483,2021,4,October,Monday,10.0,Tanya Singh,Delhi        , Delhi         ,110001,47Tanya@gmail.com,817369338,LG Washing Machine,Home Appliances,24999,,,,
2022-03-05,47,0,P019,1,5999,5999,0,0.0,5999.0,599.9,574,2022,1,March,Saturday,10.0,Tanya Singh,Delhi        , Delhi         ,110001,47Tanya@gmail.com,817369338,Titan Wrist Watch,Accessories,5999,,,,
2023-08-28,47,0,P006,1,7499,7499,0,0.0,7499.0,749.9,786,2023,3,August,Monday,10.0,Tanya Singh,Delhi        , Delhi         ,110001,47Tanya@gmail.com,817369338,Nike Running Shoes,Footwear,7499,,,,
2022-11-15,47,0,P016,1,24999,24999,0,0.0,24999.0,2499.9,827,2022,4,November,Tuesday,10.0,Tanya Singh,Delhi        , Delhi         ,110001,47Tanya@gmail.com,817369338,LG Washing Machine,Home Appliances,24999,,,,
2023-02-03,47,0,P025,1,8999,8999,0,0.0,8999.0,899.9,983,2023,1,February,Friday,10.0,Tanya Singh,Delhi        , Delhi         ,110001,47Tanya@gmail.com,817369338,American Tourister Suitcase,Bags,8999,,,,
2022-10-13,47,0,P016,1,24999,24999,0,0.0,24999.0,2499.9,1520,2022,4,October,Thursday,10.0,Tanya Singh,Delhi        , Delhi         ,110001,47Tanya@gmail.com,817369338,LG Washing Machine,Home Appliances,24999,,,,
2020-02-20,47,0,P019,1,5999,5999,0,0.0,5999.0,599.9,2050,2020,1,February,Thursday,10.0,Tanya Singh,Delhi        , Delhi         ,110001,47Tanya@gmail.com,817369338,Titan Wrist Watch,Accessories,5999,,,,
2020-12-22,47,0,P025,1,8999,8999,0,0.0,8999.0,899.9,2190,2020,4,December,Tuesday,10.0,Tanya Singh,Delhi        , Delhi         ,110001,47Tanya@gmail.com,817369338,American Tourister Suitcase,Bags,8999,,,,
2022-11-18,47,0,P001,1,79999,79999,0,0.0,79999.0,7999.9,2525,2022,4,November,Friday,10.0,Tanya Singh,Delhi        , Delhi         ,110001,47Tanya@gmail.com,817369338,Apple iPhone 14,Electronics,79999,,,,
2020-09-27,47,0,P012,1,2999,2999,0,0.0,2999.0,299.9,2889,2020,3,September,Sunday,10.0,Tanya Singh,Delhi        , Delhi         ,110001,47Tanya@gmail.com,817369338,FabIndia Kurta,Clothing,2999,,,,
2023-12-06,47,0,P005,1,92499,92499,0,0.0,92499.0,9249.9,3203,2023,4,December,Wednesday,10.0,Tanya Singh,Delhi        , Delhi         ,110001,47Tanya@gmail.com,817369338,Apple MacBook Air,Electronics,92499,,,,
2023-06-13,47,0,P009,1,3499,3499,0,0.0,3499.0,349.9,3341,2023,2,June,Tuesday,10.0,Tanya Singh,Delhi        , Delhi         ,110001,47Tanya@gmail.com,817369338,Levi's Denim Jeans,Clothing,3499,,,,
2022-05-10,47,PR001,P028,2,349,698,20,139.6,558.4,55.84,232,2022,2,May,Tuesday,10.0,Tanya Singh,Delhi        , Delhi         ,110001,47Tanya@gmail.com,817369338,Dove Soap Pack,Personal Care,349,Summer Sale,Email,SUMMER21,20% off
2023-04-22,47,PR001,P018,2,2299,4598,20,919.6,3678.4,367.84,418,2023,2,April,Saturday,10.0,Tanya Singh,Delhi        , Delhi         ,110001,47Tanya@gmail.com,817369338,Prestige Pressure Cooker,Home Appliances,2299,Summer Sale,Email,SUMMER21,20% off
2021-04-16,47,PR001,P001,2,79999,159998,20,31999.6,127998.4,12799.84,421,2021,2,April,Friday,10.0,Tanya Singh,Delhi        , Delhi         ,110001,47Tanya@gmail.com,817369338,Apple iPhone 14,Electronics,79999,Summer Sale,Email,SUMMER21,20% off
2020-05-30,47,PR001,P012,2,2999,5998,20,1199.6,4798.4,479.84,475,2020,2,May,Saturday,10.0,Tanya Singh,Delhi        , Delhi         ,110001,47Tanya@gmail.com,817369338,FabIndia Kurta,Clothing,2999,Summer Sale,Email,SUMMER21,20% off
2021-05-07,47,PR001,P028,2,349,698,20,139.6,558.4,55.84,1759,2021,2,May,Friday,10.0,Tanya Singh,Delhi        , Delhi         ,110001,47Tanya@gmail.com,817369338,Dove Soap Pack,Personal Care,349,Summer Sale,Email,SUMMER21,20% off
2023-05-14,47,PR001,P021,2,1299,2598,20,519.6,2078.4,207.84,2786,2023,2,May,Sunday,10.0,Tanya Singh,Delhi        , Delhi         ,110001,47Tanya@gmail.com,817369338,Tupperware Lunch Box,Kitchenware,1299,Summer Sale,Email,SUMMER21,20% off
2020-05-21,47,PR001,P012,2,2999,5998,20,1199.6,4798.4,479.84,2867,2020,2,May,Thursday,10.0,Tanya Singh,Delhi        , Delhi         ,110001,47Tanya@gmail.com,817369338,FabIndia Kurta,Clothing,2999,Summer Sale,Email,SUMMER21,20% off
2023-05-17,47,PR001,P014,2,4999,9998,20,1999.6,7998.4,799.84,3234,2023,2,May,Wednesday,10.0,Tanya Singh,Delhi        , Delhi         ,110001,47Tanya@gmail.com,817369338,Bajaj Mixer Grinder,Home Appliances,4999,Summer Sale,Email,SUMMER21,20% off
2022-05-26,47,PR001,P029,2,99,198,20,39.6,158.4,15.84,3343,2022,2,May,Thursday,10.0,Tanya Singh,Delhi        , Delhi         ,110001,47Tanya@gmail.com,817369338,Colgate Toothpaste,Personal Care,99,Summer Sale,Email,SUMMER21,20% off
2022-05-24,47,PR001,P028,3,349,1047,20,209.4,837.6,83.76,420,2022,2,May,Tuesday,10.0,Tanya Singh,Delhi        , Delhi         ,110001,47Tanya@gmail.com,817369338,Dove Soap Pack,Personal Care,349,Summer Sale,Email,SUMMER21,20% off
2023-05-01,47,PR001,P016,3,24999,74997,20,14999.4,59997.6,5999.76,474,2023,2,May,Monday,10.0,Tanya Singh,Delhi        , Delhi         ,110001,47Tanya@gmail.com,817369338,LG Washing Machine,Home Appliances,24999,Summer Sale,Email,SUMMER21,20% off
2020-04-21,47,PR001,P003,3,89999,269997,20,53999.4,215997.6,21599.76,1909,2020,2,April,Tuesday,10.0,Tanya Singh,Delhi        , Delhi         ,110001,47Tanya@gmail.com,817369338,"Sony Bravia 55"" TV",Electronics,89999,Summer Sale,Email,SUMMER21,20% off
2020-05-10,47,PR001,P002,3,69999,209997,20,41999.4,167997.6,16799.76,3073,2020,2,May,Sunday,10.0,Tanya Singh,Delhi        , Delhi         ,110001,47Tanya@gmail.com,817369338,Samsung Galaxy S21,Electronics,69999,Summer Sale,Email,SUMMER21,20% off
2023-05-17,47,PR001,P019,1,5999,5999,20,1199.8,4799.2,479.92,67,2023,2,May,Wednesday,10.0,Tanya Singh,Delhi        , Delhi         ,110001,47Tanya@gmail.com,817369338,Titan Wrist Watch,Accessories,5999,Summer Sale,Email,SUMMER21,20% off
2022-05-10,47,PR001,P025,1,8999,8999,20,1799.8,7199.2,719.92,163,2022,2,May,Tuesday,10.0,Tanya Singh,Delhi        , Delhi         ,110001,47Tanya@gmail.com,817369338,American Tourister Suitcase,Bags,8999,Summer Sale,Email,SUMMER21,20% off
2023-05-23,47,PR001,P024,1,2799,2799,20,559.8,2239.2,223.92,2213,2023,2,May,Tuesday,10.0,Tanya Singh,Delhi        , Delhi         ,110001,47Tanya@gmail.com,817369338,Puma Backpack,Bags,2799,Summer Sale,Email,SUMMER21,20% off
2023-05-16,47,PR001,P007,1,6999,6999,20,1399.8,5599.2,559.92,2603,2023,2,May,Tuesday,10.0,Tanya Singh,Delhi        , Delhi         ,110001,47Tanya@gmail.com,817369338,Adidas Sneakers,Footwear,6999,Summer Sale,Email,SUMMER21,20% off
2020-07-12,47,PR004,P019,3,5999,17997,50,8998.5,8998.5,899.85,2329,2020,3,July,Sunday,10.0,Tanya Singh,Delhi        , Delhi         ,110001,47Tanya@gmail.com,817369338,Titan Wrist Watch,Accessories,5999,Weekend Flash Sale,Mobile Push,FLASH50,50% off
2022-01-30,48,0,P001,3,79999,239997,0,0.0,239997.0,23999.7,2458,2022,1,January,Sunday,10.0,Vikas Tiwari,Bhopal       , Madhya Pradesh,462001,48Vikas@gmail.com,827682526,Apple iPhone 14,Electronics,79999,,,,
2023-11-27,48,0,P011,3,1499,4497,0,0.0,4497.0,449.7,1267,2023,4,November,Monday,10.0,Vikas Tiwari,Bhopal       , Madhya Pradesh,462001,48Vikas@gmail.com,827682526,H&M T-Shirt,Clothing,1499,,,,
2022-09-07,48,0,P023,3,1499,4497,0,0.0,4497.0,449.7,2423,2022,3,September,Wednesday,10.0,Vikas Tiwari,Bhopal       , Madhya Pradesh,462001,48Vikas@gmail.com,827682526,Milton Thermos Flask,Kitchenware,1499,,,,
2023-11-06,48,0,P023,3,1499,4497,0,0.0,4497.0,449.7,3490,2023,4,November,Monday,10.0,Vikas Tiwari,Bhopal       , Madhya Pradesh,462001,48Vikas@gmail.com,827682526,Milton Thermos Flask,Kitchenware,1499,,,,
2021-09-15,48,0,P008,3,5499,16497,0,0.0,16497.0,1649.7,1441,2021,3,September,Wednesday,10.0,Vikas Tiwari,Bhopal       , Madhya Pradesh,462001,48Vikas@gmail.com,827682526,Puma Sports Shoes,Footwear,5499,,,,
2022-02-22,48,0,P026,3,5499,16497,0,0.0,16497.0,1649.7,3199,2022,1,February,Tuesday,10.0,Vikas Tiwari,Bhopal       , Madhya Pradesh,462001,48Vikas@gmail.com,827682526,Wildcraft Hiking Bag,Bags,5499,,,,
2021-08-01,48,0,P013,3,15999,47997,0,0.0,47997.0,4799.7,494,2021,3,August,Sunday,10.0,Vikas Tiwari,Bhopal       , Madhya Pradesh,462001,48Vikas@gmail.com,827682526,Raymond Suit,Clothing,15999,,,,
2021-08-23,48,0,P003,3,89999,269997,0,0.0,269997.0,26999.7,529,2021,3,August,Monday,10.0,Vikas Tiwari,Bhopal       , Madhya Pradesh,462001,48Vikas@gmail.com,827682526,"Sony Bravia 55"" TV",Electronics,89999,,,,
2020-07-20,48,0,P020,3,12999,38997,0,0.0,38997.0,3899.7,666,2020,3,July,Monday,10.0,Vikas Tiwari,Bhopal       , Madhya Pradesh,462001,48Vikas@gmail.com,827682526,Fossil Smartwatch,Accessories,12999,,,,
2020-02-16,48,0,P013,3,15999,47997,0,0.0,47997.0,4799.7,731,2020,1,February,Sunday,10.0,Vikas Tiwari,Bhopal       , Madhya Pradesh,462001,48Vikas@gmail.com,827682526,Raymond Suit,Clothing,15999,,,,
2020-02-27,48,0,P006,3,7499,22497,0,0.0,22497.0,2249.7,761,2020,1,February,Thursday,10.0,Vikas Tiwari,Bhopal       , Madhya Pradesh,462001,48Vikas@gmail.com,827682526,Nike Running Shoes,Footwear,7499,,,,
2022-12-02,48,0,P029,3,99,297,0,0.0,297.0,29.7,901,2022,4,December,Friday,10.0,Vikas Tiwari,Bhopal       , Madhya Pradesh,462001,48Vikas@gmail.com,827682526,Colgate Toothpaste,Personal Care,99,,,,
2021-01-22,48,0,P017,3,10499,31497,0,0.0,31497.0,3149.7,1062,2021,1,January,Friday,10.0,Vikas Tiwari,Bhopal       , Madhya Pradesh,462001,48Vikas@gmail.com,827682526,IFB Microwave Oven,Home Appliances,10499,,,,
2020-09-28,48,0,P025,3,8999,26997,0,0.0,26997.0,2699.7,1306,2020,3,September,Monday,10.0,Vikas Tiwari,Bhopal       , Madhya Pradesh,462001,48Vikas@gmail.com,827682526,American Tourister Suitcase,Bags,8999,,,,
2021-08-06,48,0,P029,3,99,297,0,0.0,297.0,29.7,1343,2021,3,August,Friday,10.0,Vikas Tiwari,Bhopal       , Madhya Pradesh,462001,48Vikas@gmail.com,827682526,Colgate Toothpaste,Personal Care,99,,,,
2021-09-07,48,0,P006,3,7499,22497,0,0.0,22497.0,2249.7,1509,2021,3,September,Tuesday,10.0,Vikas Tiwari,Bhopal       , Madhya Pradesh,462001,48Vikas@gmail.com,827682526,Nike Running Shoes,Footwear,7499,,,,
2023-09-07,48,0,P010,3,2199,6597,0,0.0,6597.0,659.7,1731,2023,3,September,Thursday,10.0,Vikas Tiwari,Bhopal       , Madhya Pradesh,462001,48Vikas@gmail.com,827682526,Zara Casual Shirt,Clothing,2199,,,,
2022-11-24,48,0,P001,3,79999,239997,0,0.0,239997.0,23999.7,1960,2022,4,November,Thursday,10.0,Vikas Tiwari,Bhopal       , Madhya Pradesh,462001,48Vikas@gmail.com,827682526,Apple iPhone 14,Electronics,79999,,,,
2021-07-26,48,0,P002,3,69999,209997,0,0.0,209997.0,20999.7,2035,2021,3,July,Monday,10.0,Vikas Tiwari,Bhopal       , Madhya Pradesh,462001,48Vikas@gmail.com,827682526,Samsung Galaxy S21,Electronics,69999,,,,
2023-06-29,48,0,P007,3,6999,20997,0,0.0,20997.0,2099.7,2075,2023,2,June,Thursday,10.0,Vikas Tiwari,Bhopal       , Madhya Pradesh,462001,48Vikas@gmail.com,827682526,Adidas Sneakers,Footwear,6999,,,,
2020-09-09,48,0,P005,3,92499,277497,0,0.0,277497.0,27749.7,2099,2020,3,September,Wednesday,10.0,Vikas Tiwari,Bhopal       , Madhya Pradesh,462001,48Vikas@gmail.com,827682526,Apple MacBook Air,Electronics,92499,,,,
2022-12-03,48,0,P012,3,2999,8997,0,0.0,8997.0,899.7,2187,2022,4,December,Saturday,10.0,Vikas Tiwari,Bhopal       , Madhya Pradesh,462001,48Vikas@gmail.com,827682526,FabIndia Kurta,Clothing,2999,,,,
2022-03-22,48,0,P025,3,8999,26997,0,0.0,26997.0,2699.7,2295,2022,1,March,Tuesday,10.0,Vikas Tiwari,Bhopal       , Madhya Pradesh,462001,48Vikas@gmail.com,827682526,American Tourister Suitcase,Bags,8999,,,,
2022-12-13,48,0,P017,3,10499,31497,0,0.0,31497.0,3149.7,2415,2022,4,December,Tuesday,10.0,Vikas Tiwari,Bhopal       , Madhya Pradesh,462001,48Vikas@gmail.com,827682526,IFB Microwave Oven,Home Appliances,10499,,,,
2020-08-26,48,0,P023,3,1499,4497,0,0.0,4497.0,449.7,173,2020,3,August,Wednesday,10.0,Vikas Tiwari,Bhopal       , Madhya Pradesh,462001,48Vikas@gmail.com,827682526,Milton Thermos Flask,Kitchenware,1499,,,,
2020-03-09,48,0,P028,3,349,1047,0,0.0,1047.0,104.7,2793,2020,1,March,Monday,10.0,Vikas Tiwari,Bhopal       , Madhya Pradesh,462001,48Vikas@gmail.com,827682526,Dove Soap Pack,Personal Care,349,,,,
2023-11-11,48,0,P027,3,699,2097,0,0.0,2097.0,209.7,3099,2023,4,November,Saturday,10.0,Vikas Tiwari,Bhopal       , Madhya Pradesh,462001,48Vikas@gmail.com,827682526,L'Oreal Shampoo,Personal Care,699,,,,
2022-03-20,48,0,P021,3,1299,3897,0,0.0,3897.0,389.7,3207,2022,1,March,Sunday,10.0,Vikas Tiwari,Bhopal       , Madhya Pradesh,462001,48Vikas@gmail.com,827682526,Tupperware Lunch Box,Kitchenware,1299,,,,
2020-07-31,48,0,P019,2,5999,11998,0,0.0,11998.0,1199.8,116,2020,3,July,Friday,10.0,Vikas Tiwari,Bhopal       , Madhya Pradesh,462001,48Vikas@gmail.com,827682526,Titan Wrist Watch,Accessories,5999,,,,
2020-08-17,48,0,P009,2,3499,6998,0,0.0,6998.0,699.8,239,2020,3,August,Monday,10.0,Vikas Tiwari,Bhopal       , Madhya Pradesh,462001,48Vikas@gmail.com,827682526,Levi's Denim Jeans,Clothing,3499,,,,
2021-10-30,48,0,P006,2,7499,14998,0,0.0,14998.0,1499.8,313,2021,4,October,Saturday,10.0,Vikas Tiwari,Bhopal       , Madhya Pradesh,462001,48Vikas@gmail.com,827682526,Nike Running Shoes,Footwear,7499,,,,
2021-03-24,48,0,P011,2,1499,2998,0,0.0,2998.0,299.8,899,2021,1,March,Wednesday,10.0,Vikas Tiwari,Bhopal       , Madhya Pradesh,462001,48Vikas@gmail.com,827682526,H&M T-Shirt,Clothing,1499,,,,
2020-12-14,48,0,P028,2,349,698,0,0.0,698.0,69.8,909,2020,4,December,Monday,10.0,Vikas Tiwari,Bhopal       , Madhya Pradesh,462001,48Vikas@gmail.com,827682526,Dove Soap Pack,Personal Care,349,,,,
2023-02-14,48,0,P013,2,15999,31998,0,0.0,31998.0,3199.8,995,2023,1,February,Tuesday,10.0,Vikas Tiwari,Bhopal       , Madhya Pradesh,462001,48Vikas@gmail.com,827682526,Raymond Suit,Clothing,15999,,,,
2022-01-19,48,0,P018,2,2299,4598,0,0.0,4598.0,459.8,1090,2022,1,January,Wednesday,10.0,Vikas Tiwari,Bhopal       , Madhya Pradesh,462001,48Vikas@gmail.com,827682526,Prestige Pressure Cooker,Home Appliances,2299,,,,
2020-03-23,48,0,P024,2,2799,5598,0,0.0,5598.0,559.8,1372,2020,1,March,Monday,10.0,Vikas Tiwari,Bhopal       , Madhya Pradesh,462001,48Vikas@gmail.com,827682526,Puma Backpack,Bags,2799,,,,
2022-11-04,48,0,P022,2,1999,3998,0,0.0,3998.0,399.8,1553,2022,4,November,Friday,10.0,Vikas Tiwari,Bhopal       , Madhya Pradesh,462001,48Vikas@gmail.com,827682526,Borosil Glass Set,Kitchenware,1999,,,,
2020-02-26,48,0,P018,2,2299,4598,0,0.0,4598.0,459.8,2004,2020,1,February,Wednesday,10.0,Vikas Tiwari,Bhopal       , Madhya Pradesh,462001,48Vikas@gmail.com,827682526,Prestige Pressure Cooker,Home Appliances,2299,,,,
2022-01-12,48,0,P018,2,2299,4598,0,0.0,4598.0,459.8,2566,2022,1,January,Wednesday,10.0,Vikas Tiwari,Bhopal       , Madhya Pradesh,462001,48Vikas@gmail.com,827682526,Prestige Pressure Cooker,Home Appliances,2299,,,,
2021-11-14,48,0,P004,2,64999,129998,0,0.0,129998.0,12999.8,2624,2021,4,November,Sunday,10.0,Vikas Tiwari,Bhopal       , Madhya Pradesh,462001,48Vikas@gmail.com,827682526,HP Pavilion Laptop,Electronics,64999,,,,
2020-06-29,48,0,P010,2,2199,4398,0,0.0,4398.0,439.8,2771,2020,2,June,Monday,10.0,Vikas Tiwari,Bhopal       , Madhya Pradesh,462001,48Vikas@gmail.com,827682526,Zara Casual Shirt,Clothing,2199,,,,
2022-08-30,48,0,P002,2,69999,139998,0,0.0,139998.0,13999.8,2780,2022,3,August,Tuesday,10.0,Vikas Tiwari,Bhopal       , Madhya Pradesh,462001,48Vikas@gmail.com,827682526,Samsung Galaxy S21,Electronics,69999,,,,
2020-03-03,48,0,P012,2,2999,5998,0,0.0,5998.0,599.8,2937,2020,1,March,Tuesday,10.0,Vikas Tiwari,Bhopal       , Madhya Pradesh,462001,48Vikas@gmail.com,827682526,FabIndia Kurta,Clothing,2999,,,,
2022-03-24,48,0,P026,2,5499,10998,0,0.0,10998.0,1099.8,879,2022,1,March,Thursday,10.0,Vikas Tiwari,Bhopal       , Madhya Pradesh,462001,48Vikas@gmail.com,827682526,Wildcraft Hiking Bag,Bags,5499,,,,
2020-01-26,48,0,P021,1,1299,1299,0,0.0,1299.0,129.9,77,2020,1,January,Sunday,10.0,Vikas Tiwari,Bhopal       , Madhya Pradesh,462001,48Vikas@gmail.com,827682526,Tupperware Lunch Box,Kitchenware,1299,,,,
2020-10-29,48,0,P030,1,399,399,0,0.0,399.0,39.9,188,2020,4,October,Thursday,10.0,Vikas Tiwari,Bhopal       , Madhya Pradesh,462001,48Vikas@gmail.com,827682526,Nivea Body Lotion,Personal Care,399,,,,
2022-08-18,48,0,P016,1,24999,24999,0,0.0,24999.0,2499.9,575,2022,3,August,Thursday,10.0,Vikas Tiwari,Bhopal       , Madhya Pradesh,462001,48Vikas@gmail.com,827682526,LG Washing Machine,Home Appliances,24999,,,,
2022-02-23,48,0,P008,1,5499,5499,0,0.0,5499.0,549.9,1033,2022,1,February,Wednesday,10.0,Vikas Tiwari,Bhopal       , Madhya Pradesh,462001,48Vikas@gmail.com,827682526,Puma Sports Shoes,Footwear,5499,,,,
2020-10-26,48,0,P011,1,1499,1499,0,0.0,1499.0,149.9,2202,2020,4,October,Monday,10.0,Vikas Tiwari,Bhopal       , Madhya Pradesh,462001,48Vikas@gmail.com,827682526,H&M T-Shirt,Clothing,1499,,,,
2020-02-02,48,0,P013,1,15999,15999,0,0.0,15999.0,1599.9,2580,2020,1,February,Sunday,10.0,Vikas Tiwari,Bhopal       , Madhya Pradesh,462001,48Vikas@gmail.com,827682526,Raymond Suit,Clothing,15999,,,,
2020-05-01,48,PR001,P016,3,24999,74997,20,14999.4,59997.6,5999.76,1821,2020,2,May,Friday,10.0,Vikas Tiwari,Bhopal       , Madhya Pradesh,462001,48Vikas@gmail.com,827682526,LG Washing Machine,Home Appliances,24999,Summer Sale,Email,SUMMER21,20% off
2022-04-27,48,PR001,P027,1,699,699,20,139.8,559.2,55.92,281,2022,2,April,Wednesday,10.0,Vikas Tiwari,Bhopal       , Madhya Pradesh,462001,48Vikas@gmail.com,827682526,L'Oreal Shampoo,Personal Care,699,Summer Sale,Email,SUMMER21,20% off
2023-04-05,48,PR001,P019,1,5999,5999,20,1199.8,4799.2,479.92,1491,2023,2,April,Wednesday,10.0,Vikas Tiwari,Bhopal       , Madhya Pradesh,462001,48Vikas@gmail.com,827682526,Titan Wrist Watch,Accessories,5999,Summer Sale,Email,SUMMER21,20% off
2023-05-09,48,PR001,P024,1,2799,2799,20,559.8,2239.2,223.92,2251,2023,2,May,Tuesday,10.0,Vikas Tiwari,Bhopal       , Madhya Pradesh,462001,48Vikas@gmail.com,827682526,Puma Backpack,Bags,2799,Summer Sale,Email,SUMMER21,20% off
2022-01-01,48,PR003,P011,3,1499,4497,50,2248.5,2248.5,224.85,9,2022,1,January,Saturday,10.0,Vikas Tiwari,Bhopal       , Madhya Pradesh,462001,48Vikas@gmail.com,827682526,H&M T-Shirt,Clothing,1499,New Year Special,Website Banner,NEWYEAR22,Buy 1 Get 1 Free
2022-01-25,48,0,P001,1,79999,79999,0,0.0,79999.0,7999.9,2372,2022,1,January,Tuesday,10.0,Vikas Tiwari,Bhopal       , Madhya Pradesh,462001,48Vikas@gmail.com,827682526,Apple iPhone 14,Electronics,79999,,,,
2023-12-28,48,PR005,P020,1,12999,12999,70,9099.3,3899.7,389.97,390,2023,4,December,Thursday,10.0,Vikas Tiwari,Bhopal       , Madhya Pradesh,462001,48Vikas@gmail.com,827682526,Fossil Smartwatch,Accessories,12999,Clearance Sale,In-App,CLEARANCE23,70% off
2023-12-23,48,PR005,P021,1,1299,1299,70,909.3,389.7,38.97,1077,2023,4,December,Saturday,10.0,Vikas Tiwari,Bhopal       , Madhya Pradesh,462001,48Vikas@gmail.com,827682526,Tupperware Lunch Box,Kitchenware,1299,Clearance Sale,In-App,CLEARANCE23,70% off
2023-05-19,48,PR001,P005,3,92499,277497,20,55499.4,221997.6,22199.76,955,2023,2,May,Friday,10.0,Vikas Tiwari,Bhopal       , Madhya Pradesh,462001,48Vikas@gmail.com,827682526,Apple MacBook Air,Electronics,92499,Summer Sale,Email,SUMMER21,20% off
2023-03-31,48,0,P026,1,5499,5499,0,0.0,5499.0,549.9,3138,2023,1,March,Friday,10.0,Vikas Tiwari,Bhopal       , Madhya Pradesh,462001,48Vikas@gmail.com,827682526,Wildcraft Hiking Bag,Bags,5499,,,,
2023-01-20,48,0,P013,1,15999,15999,0,0.0,15999.0,1599.9,3384,2023,1,January,Friday,10.0,Vikas Tiwari,Bhopal       , Madhya Pradesh,462001,48Vikas@gmail.com,827682526,Raymond Suit,Clothing,15999,,,,
2022-05-19,48,PR001,P004,2,64999,129998,20,25999.6,103998.4,10399.84,119,2022,2,May,Thursday,10.0,Vikas Tiwari,Bhopal       , Madhya Pradesh,462001,48Vikas@gmail.com,827682526,HP Pavilion Laptop,Electronics,64999,Summer Sale,Email,SUMMER21,20% off
2022-04-05,48,PR001,P007,2,6999,13998,20,2799.6,11198.4,1119.84,722,2022,2,April,Tuesday,10.0,Vikas Tiwari,Bhopal       , Madhya Pradesh,462001,48Vikas@gmail.com,827682526,Adidas Sneakers,Footwear,6999,Summer Sale,Email,SUMMER21,20% off
2021-04-20,48,PR001,P015,2,8499,16998,20,3399.6,13598.4,1359.84,2907,2021,2,April,Tuesday,10.0,Vikas Tiwari,Bhopal       , Madhya Pradesh,462001,48Vikas@gmail.com,827682526,Philips Air Fryer,Home Appliances,8499,Summer Sale,Email,SUMMER21,20% off
2020-09-18,48,0,P024,1,2799,2799,0,0.0,2799.0,279.9,2442,2020,3,September,Friday,10.0,Vikas Tiwari,Bhopal       , Madhya Pradesh,462001,48Vikas@gmail.com,827682526,Puma Backpack,Bags,2799,,,,
2022-07-27,48,0,P019,1,5999,5999,0,0.0,5999.0,599.9,2241,2022,3,July,Wednesday,10.0,Vikas Tiwari,Bhopal       , Madhya Pradesh,462001,48Vikas@gmail.com,827682526,Titan Wrist Watch,Accessories,5999,,,,
2020-04-21,48,PR001,P013,2,15999,31998,20,6399.6,25598.4,2559.84,3368,2020,2,April,Tuesday,10.0,Vikas Tiwari,Bhopal       , Madhya Pradesh,462001,48Vikas@gmail.com,827682526,Raymond Suit,Clothing,15999,Summer Sale,Email,SUMMER21,20% off
2023-05-25,48,PR001,P005,3,92499,277497,20,55499.4,221997.6,22199.76,11,2023,2,May,Thursday,10.0,Vikas Tiwari,Bhopal       , Madhya Pradesh,462001,48Vikas@gmail.com,827682526,Apple MacBook Air,Electronics,92499,Summer Sale,Email,SUMMER21,20% off
2021-11-06,49,0,P029,3,99,297,0,0.0,297.0,29.7,3191,2021,4,November,Saturday,10.0,Viraj Patel,Lucknow      , Uttar Pradesh ,226001,49Viraj@gmail.com,847802479,Colgate Toothpaste,Personal Care,99,,,,
2020-12-15,49,0,P025,3,8999,26997,0,0.0,26997.0,2699.7,3328,2020,4,December,Tuesday,10.0,Viraj Patel,Lucknow      , Uttar Pradesh ,226001,49Viraj@gmail.com,847802479,American Tourister Suitcase,Bags,8999,,,,
2020-11-22,49,0,P029,3,99,297,0,0.0,297.0,29.7,3435,2020,4,November,Sunday,10.0,Viraj Patel,Lucknow      , Uttar Pradesh ,226001,49Viraj@gmail.com,847802479,Colgate Toothpaste,Personal Care,99,,,,
2021-07-14,49,0,P021,2,1299,2598,0,0.0,2598.0,259.8,180,2021,3,July,Wednesday,10.0,Viraj Patel,Lucknow      , Uttar Pradesh ,226001,49Viraj@gmail.com,847802479,Tupperware Lunch Box,Kitchenware,1299,,,,
2022-12-10,49,0,P003,2,89999,179998,0,0.0,179998.0,17999.8,437,2022,4,December,Saturday,10.0,Viraj Patel,Lucknow      , Uttar Pradesh ,226001,49Viraj@gmail.com,847802479,"Sony Bravia 55"" TV",Electronics,89999,,,,
2023-01-30,49,0,P012,2,2999,5998,0,0.0,5998.0,599.8,527,2023,1,January,Monday,10.0,Viraj Patel,Lucknow      , Uttar Pradesh ,226001,49Viraj@gmail.com,847802479,FabIndia Kurta,Clothing,2999,,,,
2022-01-15,49,0,P029,2,99,198,0,0.0,198.0,19.8,1070,2022,1,January,Saturday,10.0,Viraj Patel,Lucknow      , Uttar Pradesh ,226001,49Viraj@gmail.com,847802479,Colgate Toothpaste,Personal Care,99,,,,
2021-03-03,49,0,P022,2,1999,3998,0,0.0,3998.0,399.8,1099,2021,1,March,Wednesday,10.0,Viraj Patel,Lucknow      , Uttar Pradesh ,226001,49Viraj@gmail.com,847802479,Borosil Glass Set,Kitchenware,1999,,,,
2023-06-28,49,0,P011,2,1499,2998,0,0.0,2998.0,299.8,1689,2023,2,June,Wednesday,10.0,Viraj Patel,Lucknow      , Uttar Pradesh ,226001,49Viraj@gmail.com,847802479,H&M T-Shirt,Clothing,1499,,,,
2022-06-10,49,0,P012,2,2999,5998,0,0.0,5998.0,599.8,1721,2022,2,June,Friday,10.0,Viraj Patel,Lucknow      , Uttar Pradesh ,226001,49Viraj@gmail.com,847802479,FabIndia Kurta,Clothing,2999,,,,
2020-02-29,49,0,P012,2,2999,5998,0,0.0,5998.0,599.8,2211,2020,1,February,Saturday,10.0,Viraj Patel,Lucknow      , Uttar Pradesh ,226001,49Viraj@gmail.com,847802479,FabIndia Kurta,Clothing,2999,,,,
2023-12-12,49,0,P013,2,15999,31998,0,0.0,31998.0,3199.8,2613,2023,4,December,Tuesday,10.0,Viraj Patel,Lucknow      , Uttar Pradesh ,226001,49Viraj@gmail.com,847802479,Raymond Suit,Clothing,15999,,,,
2023-02-07,49,0,P013,2,15999,31998,0,0.0,31998.0,3199.8,3374,2023,1,February,Tuesday,10.0,Viraj Patel,Lucknow      , Uttar Pradesh ,226001,49Viraj@gmail.com,847802479,Raymond Suit,Clothing,15999,,,,
2023-06-02,49,0,P011,2,1499,2998,0,0.0,2998.0,299.8,3456,2023,2,June,Friday,10.0,Viraj Patel,Lucknow      , Uttar Pradesh ,226001,49Viraj@gmail.com,847802479,H&M T-Shirt,Clothing,1499,,,,
2022-03-29,49,0,P008,2,5499,10998,0,0.0,10998.0,1099.8,626,2022,1,March,Tuesday,10.0,Viraj Patel,Lucknow      , Uttar Pradesh ,226001,49Viraj@gmail.com,847802479,Puma Sports Shoes,Footwear,5499,,,,
2020-12-02,49,0,P026,2,5499,10998,0,0.0,10998.0,1099.8,1844,2020,4,December,Wednesday,10.0,Viraj Patel,Lucknow      , Uttar Pradesh ,226001,49Viraj@gmail.com,847802479,Wildcraft Hiking Bag,Bags,5499,,,,
2022-07-08,49,0,P014,1,4999,4999,0,0.0,4999.0,499.9,122,2022,3,July,Friday,10.0,Viraj Patel,Lucknow      , Uttar Pradesh ,226001,49Viraj@gmail.com,847802479,Bajaj Mixer Grinder,Home Appliances,4999,,,,
2022-10-28,49,0,P021,1,1299,1299,0,0.0,1299.0,129.9,276,2022,4,October,Friday,10.0,Viraj Patel,Lucknow      , Uttar Pradesh ,226001,49Viraj@gmail.com,847802479,Tupperware Lunch Box,Kitchenware,1299,,,,
2021-08-27,49,0,P001,1,79999,79999,0,0.0,79999.0,7999.9,540,2021,3,August,Friday,10.0,Viraj Patel,Lucknow      , Uttar Pradesh ,226001,49Viraj@gmail.com,847802479,Apple iPhone 14,Electronics,79999,,,,
2021-02-16,49,0,P009,1,3499,3499,0,0.0,3499.0,349.9,641,2021,1,February,Tuesday,10.0,Viraj Patel,Lucknow      , Uttar Pradesh ,226001,49Viraj@gmail.com,847802479,Levi's Denim Jeans,Clothing,3499,,,,
2023-11-30,49,0,P005,1,92499,92499,0,0.0,92499.0,9249.9,668,2023,4,November,Thursday,10.0,Viraj Patel,Lucknow      , Uttar Pradesh ,226001,49Viraj@gmail.com,847802479,Apple MacBook Air,Electronics,92499,,,,
2020-08-24,49,0,P017,1,10499,10499,0,0.0,10499.0,1049.9,765,2020,3,August,Monday,10.0,Viraj Patel,Lucknow      , Uttar Pradesh ,226001,49Viraj@gmail.com,847802479,IFB Microwave Oven,Home Appliances,10499,,,,
2020-06-17,49,0,P029,1,99,99,0,0.0,99.0,9.9,1386,2020,2,June,Wednesday,10.0,Viraj Patel,Lucknow      , Uttar Pradesh ,226001,49Viraj@gmail.com,847802479,Colgate Toothpaste,Personal Care,99,,,,
2023-08-27,49,0,P012,1,2999,2999,0,0.0,2999.0,299.9,1505,2023,3,August,Sunday,10.0,Viraj Patel,Lucknow      , Uttar Pradesh ,226001,49Viraj@gmail.com,847802479,FabIndia Kurta,Clothing,2999,,,,
2020-12-10,49,0,P021,1,1299,1299,0,0.0,1299.0,129.9,1581,2020,4,December,Thursday,10.0,Viraj Patel,Lucknow      , Uttar Pradesh ,226001,49Viraj@gmail.com,847802479,Tupperware Lunch Box,Kitchenware,1299,,,,
2023-10-24,49,0,P021,1,1299,1299,0,0.0,1299.0,129.9,1673,2023,4,October,Tuesday,10.0,Viraj Patel,Lucknow      , Uttar Pradesh ,226001,49Viraj@gmail.com,847802479,Tupperware Lunch Box,Kitchenware,1299,,,,
2022-01-31,49,0,P021,1,1299,1299,0,0.0,1299.0,129.9,1709,2022,1,January,Monday,10.0,Viraj Patel,Lucknow      , Uttar Pradesh ,226001,49Viraj@gmail.com,847802479,Tupperware Lunch Box,Kitchenware,1299,,,,
2020-12-18,49,0,P001,1,79999,79999,0,0.0,79999.0,7999.9,1828,2020,4,December,Friday,10.0,Viraj Patel,Lucknow      , Uttar Pradesh ,226001,49Viraj@gmail.com,847802479,Apple iPhone 14,Electronics,79999,,,,
2020-02-06,49,0,P001,1,79999,79999,0,0.0,79999.0,7999.9,2086,2020,1,February,Thursday,10.0,Viraj Patel,Lucknow      , Uttar Pradesh ,226001,49Viraj@gmail.com,847802479,Apple iPhone 14,Electronics,79999,,,,
2021-01-04,49,0,P003,1,89999,89999,0,0.0,89999.0,8999.9,2235,2021,1,January,Monday,10.0,Viraj Patel,Lucknow      , Uttar Pradesh ,226001,49Viraj@gmail.com,847802479,"Sony Bravia 55"" TV",Electronics,89999,,,,
2021-07-21,49,0,P025,1,8999,8999,0,0.0,8999.0,899.9,2243,2021,3,July,Wednesday,10.0,Viraj Patel,Lucknow      , Uttar Pradesh ,226001,49Viraj@gmail.com,847802479,American Tourister Suitcase,Bags,8999,,,,
2020-03-14,49,0,P029,1,99,99,0,0.0,99.0,9.9,2270,2020,1,March,Saturday,10.0,Viraj Patel,Lucknow      , Uttar Pradesh ,226001,49Viraj@gmail.com,847802479,Colgate Toothpaste,Personal Care,99,,,,
2023-07-07,49,0,P014,1,4999,4999,0,0.0,4999.0,499.9,2276,2023,3,July,Friday,10.0,Viraj Patel,Lucknow      , Uttar Pradesh ,226001,49Viraj@gmail.com,847802479,Bajaj Mixer Grinder,Home Appliances,4999,,,,
2021-07-19,49,0,P012,1,2999,2999,0,0.0,2999.0,299.9,2353,2021,3,July,Monday,10.0,Viraj Patel,Lucknow      , Uttar Pradesh ,226001,49Viraj@gmail.com,847802479,FabIndia Kurta,Clothing,2999,,,,
2021-03-13,49,0,P005,1,92499,92499,0,0.0,92499.0,9249.9,2469,2021,1,March,Saturday,10.0,Viraj Patel,Lucknow      , Uttar Pradesh ,226001,49Viraj@gmail.com,847802479,Apple MacBook Air,Electronics,92499,,,,
2023-06-26,49,0,P026,1,5499,5499,0,0.0,5499.0,549.9,2661,2023,2,June,Monday,10.0,Viraj Patel,Lucknow      , Uttar Pradesh ,226001,49Viraj@gmail.com,847802479,Wildcraft Hiking Bag,Bags,5499,,,,
2021-01-08,49,0,P019,1,5999,5999,0,0.0,5999.0,599.9,3118,2021,1,January,Friday,10.0,Viraj Patel,Lucknow      , Uttar Pradesh ,226001,49Viraj@gmail.com,847802479,Titan Wrist Watch,Accessories,5999,,,,
2021-10-29,49,0,P017,1,10499,10499,0,0.0,10499.0,1049.9,3387,2021,4,October,Friday,10.0,Viraj Patel,Lucknow      , Uttar Pradesh ,226001,49Viraj@gmail.com,847802479,IFB Microwave Oven,Home Appliances,10499,,,,
2022-04-15,49,PR001,P019,2,5999,11998,20,2399.6,9598.4,959.84,1979,2022,2,April,Friday,10.0,Viraj Patel,Lucknow      , Uttar Pradesh ,226001,49Viraj@gmail.com,847802479,Titan Wrist Watch,Accessories,5999,Summer Sale,Email,SUMMER21,20% off
2021-04-07,49,PR001,P029,2,99,198,20,39.6,158.4,15.84,3086,2021,2,April,Wednesday,10.0,Viraj Patel,Lucknow      , Uttar Pradesh ,226001,49Viraj@gmail.com,847802479,Colgate Toothpaste,Personal Care,99,Summer Sale,Email,SUMMER21,20% off
2020-05-08,49,PR001,P010,3,2199,6597,20,1319.4,5277.6,527.76,2503,2020,2,May,Friday,10.0,Viraj Patel,Lucknow      , Uttar Pradesh ,226001,49Viraj@gmail.com,847802479,Zara Casual Shirt,Clothing,2199,Summer Sale,Email,SUMMER21,20% off
2020-04-18,49,PR001,P013,3,15999,47997,20,9599.4,38397.6,3839.76,2560,2020,2,April,Saturday,10.0,Viraj Patel,Lucknow      , Uttar Pradesh ,226001,49Viraj@gmail.com,847802479,Raymond Suit,Clothing,15999,Summer Sale,Email,SUMMER21,20% off
2020-04-21,49,PR001,P019,1,5999,5999,20,1199.8,4799.2,479.92,351,2020,2,April,Tuesday,10.0,Viraj Patel,Lucknow      , Uttar Pradesh ,226001,49Viraj@gmail.com,847802479,Titan Wrist Watch,Accessories,5999,Summer Sale,Email,SUMMER21,20% off
2022-04-27,49,PR001,P004,1,64999,64999,20,12999.8,51999.2,5199.92,2388,2022,2,April,Wednesday,10.0,Viraj Patel,Lucknow      , Uttar Pradesh ,226001,49Viraj@gmail.com,847802479,HP Pavilion Laptop,Electronics,64999,Summer Sale,Email,SUMMER21,20% off
2020-07-04,49,PR004,P023,1,1499,1499,50,749.5,749.5,74.95,37,2020,3,July,Saturday,10.0,Viraj Patel,Lucknow      , Uttar Pradesh ,226001,49Viraj@gmail.com,847802479,Milton Thermos Flask,Kitchenware,1499,Weekend Flash Sale,Mobile Push,FLASH50,50% off
2022-11-11,49,0,P014,2,4999,9998,0,0.0,9998.0,999.8,333,2022,4,November,Friday,10.0,Viraj Patel,Lucknow      , Uttar Pradesh ,226001,49Viraj@gmail.com,847802479,Bajaj Mixer Grinder,Home Appliances,4999,,,,
2020-12-05,49,0,P023,3,1499,4497,0,0.0,4497.0,449.7,2715,2020,4,December,Saturday,10.0,Viraj Patel,Lucknow      , Uttar Pradesh ,226001,49Viraj@gmail.com,847802479,Milton Thermos Flask,Kitchenware,1499,,,,
2023-03-05,49,0,P026,3,5499,16497,0,0.0,16497.0,1649.7,1897,2023,1,March,Sunday,10.0,Viraj Patel,Lucknow      , Uttar Pradesh ,226001,49Viraj@gmail.com,847802479,Wildcraft Hiking Bag,Bags,5499,,,,
2022-09-19,49,0,P007,3,6999,20997,0,0.0,20997.0,2099.7,55,2022,3,September,Monday,10.0,Viraj Patel,Lucknow      , Uttar Pradesh ,226001,49Viraj@gmail.com,847802479,Adidas Sneakers,Footwear,6999,,,,
2023-06-09,49,0,P015,3,8499,25497,0,0.0,25497.0,2549.7,261,2023,2,June,Friday,10.0,Viraj Patel,Lucknow      , Uttar Pradesh ,226001,49Viraj@gmail.com,847802479,Philips Air Fryer,Home Appliances,8499,,,,
2022-07-18,49,0,P014,3,4999,14997,0,0.0,14997.0,1499.7,447,2022,3,July,Monday,10.0,Viraj Patel,Lucknow      , Uttar Pradesh ,226001,49Viraj@gmail.com,847802479,Bajaj Mixer Grinder,Home Appliances,4999,,,,
2023-08-02,49,0,P019,3,5999,17997,0,0.0,17997.0,1799.7,733,2023,3,August,Wednesday,10.0,Viraj Patel,Lucknow      , Uttar Pradesh ,226001,49Viraj@gmail.com,847802479,Titan Wrist Watch,Accessories,5999,,,,
2021-03-31,49,0,P012,3,2999,8997,0,0.0,8997.0,899.7,789,2021,1,March,Wednesday,10.0,Viraj Patel,Lucknow      , Uttar Pradesh ,226001,49Viraj@gmail.com,847802479,FabIndia Kurta,Clothing,2999,,,,
2023-08-21,49,0,P020,3,12999,38997,0,0.0,38997.0,3899.7,1282,2023,3,August,Monday,10.0,Viraj Patel,Lucknow      , Uttar Pradesh ,226001,49Viraj@gmail.com,847802479,Fossil Smartwatch,Accessories,12999,,,,
2022-09-27,49,0,P028,3,349,1047,0,0.0,1047.0,104.7,1426,2022,3,September,Tuesday,10.0,Viraj Patel,Lucknow      , Uttar Pradesh ,226001,49Viraj@gmail.com,847802479,Dove Soap Pack,Personal Care,349,,,,
2023-02-14,49,0,P012,3,2999,8997,0,0.0,8997.0,899.7,1510,2023,1,February,Tuesday,10.0,Viraj Patel,Lucknow      , Uttar Pradesh ,226001,49Viraj@gmail.com,847802479,FabIndia Kurta,Clothing,2999,,,,
2021-11-23,49,0,P025,3,8999,26997,0,0.0,26997.0,2699.7,1692,2021,4,November,Tuesday,10.0,Viraj Patel,Lucknow      , Uttar Pradesh ,226001,49Viraj@gmail.com,847802479,American Tourister Suitcase,Bags,8999,,,,
2023-03-02,49,0,P019,3,5999,17997,0,0.0,17997.0,1799.7,2042,2023,1,March,Thursday,10.0,Viraj Patel,Lucknow      , Uttar Pradesh ,226001,49Viraj@gmail.com,847802479,Titan Wrist Watch,Accessories,5999,,,,
2022-11-23,49,0,P001,3,79999,239997,0,0.0,239997.0,23999.7,2118,2022,4,November,Wednesday,10.0,Viraj Patel,Lucknow      , Uttar Pradesh ,226001,49Viraj@gmail.com,847802479,Apple iPhone 14,Electronics,79999,,,,
2023-10-27,49,0,P016,3,24999,74997,0,0.0,74997.0,7499.7,2157,2023,4,October,Friday,10.0,Viraj Patel,Lucknow      , Uttar Pradesh ,226001,49Viraj@gmail.com,847802479,LG Washing Machine,Home Appliances,24999,,,,
2023-10-01,49,0,P012,3,2999,8997,0,0.0,8997.0,899.7,2163,2023,4,October,Sunday,10.0,Viraj Patel,Lucknow      , Uttar Pradesh ,226001,49Viraj@gmail.com,847802479,FabIndia Kurta,Clothing,2999,,,,
2020-03-29,49,0,P013,3,15999,47997,0,0.0,47997.0,4799.7,2733,2020,1,March,Sunday,10.0,Viraj Patel,Lucknow      , Uttar Pradesh ,226001,49Viraj@gmail.com,847802479,Raymond Suit,Clothing,15999,,,,
2023-03-02,49,0,P028,3,349,1047,0,0.0,1047.0,104.7,3004,2023,1,March,Thursday,10.0,Viraj Patel,Lucknow      , Uttar Pradesh ,226001,49Viraj@gmail.com,847802479,Dove Soap Pack,Personal Care,349,,,,
2021-12-21,49,0,P014,3,4999,14997,0,0.0,14997.0,1499.7,3100,2021,4,December,Tuesday,10.0,Viraj Patel,Lucknow      , Uttar Pradesh ,226001,49Viraj@gmail.com,847802479,Bajaj Mixer Grinder,Home Appliances,4999,,,,
2021-12-07,5,0,P030,2,399,798,0,0.0,798.0,79.8,776,2021,4,December,Tuesday,10.0,Aniket Sharma,Indore       , Madhya Pradesh,452001,5Aniket@gmail.com,986307349,Nivea Body Lotion,Personal Care,399,,,,
2023-09-12,5,0,P011,3,1499,4497,0,0.0,4497.0,449.7,1938,2023,3,September,Tuesday,10.0,Aniket Sharma,Indore       , Madhya Pradesh,452001,5Aniket@gmail.com,986307349,H&M T-Shirt,Clothing,1499,,,,
2022-02-26,5,0,P011,3,1499,4497,0,0.0,4497.0,449.7,2939,2022,1,February,Saturday,10.0,Aniket Sharma,Indore       , Madhya Pradesh,452001,5Aniket@gmail.com,986307349,H&M T-Shirt,Clothing,1499,,,,
2021-07-26,5,0,P008,3,5499,16497,0,0.0,16497.0,1649.7,148,2021,3,July,Monday,10.0,Aniket Sharma,Indore       , Madhya Pradesh,452001,5Aniket@gmail.com,986307349,Puma Sports Shoes,Footwear,5499,,,,
2020-12-21,5,0,P027,3,699,2097,0,0.0,2097.0,209.7,330,2020,4,December,Monday,10.0,Aniket Sharma,Indore       , Madhya Pradesh,452001,5Aniket@gmail.com,986307349,L'Oreal Shampoo,Personal Care,699,,,,
2022-10-28,5,0,P010,3,2199,6597,0,0.0,6597.0,659.7,410,2022,4,October,Friday,10.0,Aniket Sharma,Indore       , Madhya Pradesh,452001,5Aniket@gmail.com,986307349,Zara Casual Shirt,Clothing,2199,,,,
2020-01-04,5,0,P018,3,2299,6897,0,0.0,6897.0,689.7,534,2020,1,January,Saturday,10.0,Aniket Sharma,Indore       , Madhya Pradesh,452001,5Aniket@gmail.com,986307349,Prestige Pressure Cooker,Home Appliances,2299,,,,
2023-03-07,5,0,P028,3,349,1047,0,0.0,1047.0,104.7,741,2023,1,March,Tuesday,10.0,Aniket Sharma,Indore       , Madhya Pradesh,452001,5Aniket@gmail.com,986307349,Dove Soap Pack,Personal Care,349,,,,
2021-12-22,5,0,P027,3,699,2097,0,0.0,2097.0,209.7,798,2021,4,December,Wednesday,10.0,Aniket Sharma,Indore       , Madhya Pradesh,452001,5Aniket@gmail.com,986307349,L'Oreal Shampoo,Personal Care,699,,,,
2023-06-09,5,0,P001,3,79999,239997,0,0.0,239997.0,23999.7,889,2023,2,June,Friday,10.0,Aniket Sharma,Indore       , Madhya Pradesh,452001,5Aniket@gmail.com,986307349,Apple iPhone 14,Electronics,79999,,,,
2021-11-12,5,0,P002,3,69999,209997,0,0.0,209997.0,20999.7,900,2021,4,November,Friday,10.0,Aniket Sharma,Indore       , Madhya Pradesh,452001,5Aniket@gmail.com,986307349,Samsung Galaxy S21,Electronics,69999,,,,
2020-08-06,5,0,P015,3,8499,25497,0,0.0,25497.0,2549.7,919,2020,3,August,Thursday,10.0,Aniket Sharma,Indore       , Madhya Pradesh,452001,5Aniket@gmail.com,986307349,Philips Air Fryer,Home Appliances,8499,,,,
2023-06-18,5,0,P002,3,69999,209997,0,0.0,209997.0,20999.7,1342,2023,2,June,Sunday,10.0,Aniket Sharma,Indore       , Madhya Pradesh,452001,5Aniket@gmail.com,986307349,Samsung Galaxy S21,Electronics,69999,,,,
2021-09-10,5,0,P028,3,349,1047,0,0.0,1047.0,104.7,1385,2021,3,September,Friday,10.0,Aniket Sharma,Indore       , Madhya Pradesh,452001,5Aniket@gmail.com,986307349,Dove Soap Pack,Personal Care,349,,,,
2020-01-19,5,0,P001,3,79999,239997,0,0.0,239997.0,23999.7,1527,2020,1,January,Sunday,10.0,Aniket Sharma,Indore       , Madhya Pradesh,452001,5Aniket@gmail.com,986307349,Apple iPhone 14,Electronics,79999,,,,
2023-10-22,5,0,P009,3,3499,10497,0,0.0,10497.0,1049.7,1723,2023,4,October,Sunday,10.0,Aniket Sharma,Indore       , Madhya Pradesh,452001,5Aniket@gmail.com,986307349,Levi's Denim Jeans,Clothing,3499,,,,
2021-01-29,5,0,P013,3,15999,47997,0,0.0,47997.0,4799.7,1969,2021,1,January,Friday,10.0,Aniket Sharma,Indore       , Madhya Pradesh,452001,5Aniket@gmail.com,986307349,Raymond Suit,Clothing,15999,,,,
2022-02-04,5,0,P005,3,92499,277497,0,0.0,277497.0,27749.7,2175,2022,1,February,Friday,10.0,Aniket Sharma,Indore       , Madhya Pradesh,452001,5Aniket@gmail.com,986307349,Apple MacBook Air,Electronics,92499,,,,
2020-11-06,5,0,P027,3,699,2097,0,0.0,2097.0,209.7,2288,2020,4,November,Friday,10.0,Aniket Sharma,Indore       , Madhya Pradesh,452001,5Aniket@gmail.com,986307349,L'Oreal Shampoo,Personal Care,699,,,,
2021-09-29,5,0,P016,3,24999,74997,0,0.0,74997.0,7499.7,2508,2021,3,September,Wednesday,10.0,Aniket Sharma,Indore       , Madhya Pradesh,452001,5Aniket@gmail.com,986307349,LG Washing Machine,Home Appliances,24999,,,,
2022-09-02,5,0,P010,3,2199,6597,0,0.0,6597.0,659.7,2619,2022,3,September,Friday,10.0,Aniket Sharma,Indore       , Madhya Pradesh,452001,5Aniket@gmail.com,986307349,Zara Casual Shirt,Clothing,2199,,,,
2022-07-11,5,0,P015,3,8499,25497,0,0.0,25497.0,2549.7,2860,2022,3,July,Monday,10.0,Aniket Sharma,Indore       , Madhya Pradesh,452001,5Aniket@gmail.com,986307349,Philips Air Fryer,Home Appliances,8499,,,,
2021-03-07,5,0,P012,3,2999,8997,0,0.0,8997.0,899.7,2881,2021,1,March,Sunday,10.0,Aniket Sharma,Indore       , Madhya Pradesh,452001,5Aniket@gmail.com,986307349,FabIndia Kurta,Clothing,2999,,,,
2020-12-04,5,0,P022,3,1999,5997,0,0.0,5997.0,599.7,3015,2020,4,December,Friday,10.0,Aniket Sharma,Indore       , Madhya Pradesh,452001,5Aniket@gmail.com,986307349,Borosil Glass Set,Kitchenware,1999,,,,
2023-03-19,5,0,P017,3,10499,31497,0,0.0,31497.0,3149.7,3393,2023,1,March,Sunday,10.0,Aniket Sharma,Indore       , Madhya Pradesh,452001,5Aniket@gmail.com,986307349,IFB Microwave Oven,Home Appliances,10499,,,,
2023-11-05,5,0,P010,2,2199,4398,0,0.0,4398.0,439.8,126,2023,4,November,Sunday,10.0,Aniket Sharma,Indore       , Madhya Pradesh,452001,5Aniket@gmail.com,986307349,Zara Casual Shirt,Clothing,2199,,,,
2023-01-06,5,0,P006,2,7499,14998,0,0.0,14998.0,1499.8,193,2023,1,January,Friday,10.0,Aniket Sharma,Indore       , Madhya Pradesh,452001,5Aniket@gmail.com,986307349,Nike Running Shoes,Footwear,7499,,,,
2022-10-28,5,0,P003,2,89999,179998,0,0.0,179998.0,17999.8,334,2022,4,October,Friday,10.0,Aniket Sharma,Indore       , Madhya Pradesh,452001,5Aniket@gmail.com,986307349,"Sony Bravia 55"" TV",Electronics,89999,,,,
2021-11-27,5,0,P001,2,79999,159998,0,0.0,159998.0,15999.8,470,2021,4,November,Saturday,10.0,Aniket Sharma,Indore       , Madhya Pradesh,452001,5Aniket@gmail.com,986307349,Apple iPhone 14,Electronics,79999,,,,
2023-08-07,5,0,P023,2,1499,2998,0,0.0,2998.0,299.8,480,2023,3,August,Monday,10.0,Aniket Sharma,Indore       , Madhya Pradesh,452001,5Aniket@gmail.com,986307349,Milton Thermos Flask,Kitchenware,1499,,,,
2021-10-26,5,0,P014,2,4999,9998,0,0.0,9998.0,999.8,511,2021,4,October,Tuesday,10.0,Aniket Sharma,Indore       , Madhya Pradesh,452001,5Aniket@gmail.com,986307349,Bajaj Mixer Grinder,Home Appliances,4999,,,,
2021-03-02,5,0,P019,2,5999,11998,0,0.0,11998.0,1199.8,543,2021,1,March,Tuesday,10.0,Aniket Sharma,Indore       , Madhya Pradesh,452001,5Aniket@gmail.com,986307349,Titan Wrist Watch,Accessories,5999,,,,
2020-08-05,5,0,P021,2,1299,2598,0,0.0,2598.0,259.8,742,2020,3,August,Wednesday,10.0,Aniket Sharma,Indore       , Madhya Pradesh,452001,5Aniket@gmail.com,986307349,Tupperware Lunch Box,Kitchenware,1299,,,,
2023-09-10,5,0,P021,2,1299,2598,0,0.0,2598.0,259.8,801,2023,3,September,Sunday,10.0,Aniket Sharma,Indore       , Madhya Pradesh,452001,5Aniket@gmail.com,986307349,Tupperware Lunch Box,Kitchenware,1299,,,,
2020-08-01,5,0,P001,2,79999,159998,0,0.0,159998.0,15999.8,841,2020,3,August,Saturday,10.0,Aniket Sharma,Indore       , Madhya Pradesh,452001,5Aniket@gmail.com,986307349,Apple iPhone 14,Electronics,79999,,,,
2022-12-11,5,0,P011,2,1499,2998,0,0.0,2998.0,299.8,1149,2022,4,December,Sunday,10.0,Aniket Sharma,Indore       , Madhya Pradesh,452001,5Aniket@gmail.com,986307349,H&M T-Shirt,Clothing,1499,,,,
2022-03-24,5,0,P015,2,8499,16998,0,0.0,16998.0,1699.8,1228,2022,1,March,Thursday,10.0,Aniket Sharma,Indore       , Madhya Pradesh,452001,5Aniket@gmail.com,986307349,Philips Air Fryer,Home Appliances,8499,,,,
2022-01-26,5,0,P017,2,10499,20998,0,0.0,20998.0,2099.8,1436,2022,1,January,Wednesday,10.0,Aniket Sharma,Indore       , Madhya Pradesh,452001,5Aniket@gmail.com,986307349,IFB Microwave Oven,Home Appliances,10499,,,,
2022-02-25,5,0,P005,2,92499,184998,0,0.0,184998.0,18499.8,1805,2022,1,February,Friday,10.0,Aniket Sharma,Indore       , Madhya Pradesh,452001,5Aniket@gmail.com,986307349,Apple MacBook Air,Electronics,92499,,,,
2023-01-03,5,0,P007,2,6999,13998,0,0.0,13998.0,1399.8,2155,2023,1,January,Tuesday,10.0,Aniket Sharma,Indore       , Madhya Pradesh,452001,5Aniket@gmail.com,986307349,Adidas Sneakers,Footwear,6999,,,,
2021-12-12,5,0,P028,2,349,698,0,0.0,698.0,69.8,2665,2021,4,December,Sunday,10.0,Aniket Sharma,Indore       , Madhya Pradesh,452001,5Aniket@gmail.com,986307349,Dove Soap Pack,Personal Care,349,,,,
2020-06-09,5,0,P004,2,64999,129998,0,0.0,129998.0,12999.8,2864,2020,2,June,Tuesday,10.0,Aniket Sharma,Indore       , Madhya Pradesh,452001,5Aniket@gmail.com,986307349,HP Pavilion Laptop,Electronics,64999,,,,
2021-02-06,5,0,P025,2,8999,17998,0,0.0,17998.0,1799.8,2929,2021,1,February,Saturday,10.0,Aniket Sharma,Indore       , Madhya Pradesh,452001,5Aniket@gmail.com,986307349,American Tourister Suitcase,Bags,8999,,,,
2020-07-28,5,0,P019,2,5999,11998,0,0.0,11998.0,1199.8,3001,2020,3,July,Tuesday,10.0,Aniket Sharma,Indore       , Madhya Pradesh,452001,5Aniket@gmail.com,986307349,Titan Wrist Watch,Accessories,5999,,,,
2022-01-13,5,0,P027,2,699,1398,0,0.0,1398.0,139.8,3282,2022,1,January,Thursday,10.0,Aniket Sharma,Indore       , Madhya Pradesh,452001,5Aniket@gmail.com,986307349,L'Oreal Shampoo,Personal Care,699,,,,
2021-10-15,5,0,P008,2,5499,10998,0,0.0,10998.0,1099.8,939,2021,4,October,Friday,10.0,Aniket Sharma,Indore       , Madhya Pradesh,452001,5Aniket@gmail.com,986307349,Puma Sports Shoes,Footwear,5499,,,,
2020-03-23,5,0,P008,2,5499,10998,0,0.0,10998.0,1099.8,3029,2020,1,March,Monday,10.0,Aniket Sharma,Indore       , Madhya Pradesh,452001,5Aniket@gmail.com,986307349,Puma Sports Shoes,Footwear,5499,,,,
2020-08-12,5,0,P011,1,1499,1499,0,0.0,1499.0,149.9,484,2020,3,August,Wednesday,10.0,Aniket Sharma,Indore       , Madhya Pradesh,452001,5Aniket@gmail.com,986307349,H&M T-Shirt,Clothing,1499,,,,
2023-11-05,5,0,P009,1,3499,3499,0,0.0,3499.0,349.9,512,2023,4,November,Sunday,10.0,Aniket Sharma,Indore       , Madhya Pradesh,452001,5Aniket@gmail.com,986307349,Levi's Denim Jeans,Clothing,3499,,,,
2023-07-31,5,0,P007,1,6999,6999,0,0.0,6999.0,699.9,635,2023,3,July,Monday,10.0,Aniket Sharma,Indore       , Madhya Pradesh,452001,5Aniket@gmail.com,986307349,Adidas Sneakers,Footwear,6999,,,,
2020-03-01,5,0,P009,1,3499,3499,0,0.0,3499.0,349.9,766,2020,1,March,Sunday,10.0,Aniket Sharma,Indore       , Madhya Pradesh,452001,5Aniket@gmail.com,986307349,Levi's Denim Jeans,Clothing,3499,,,,
2021-08-31,5,0,P009,1,3499,3499,0,0.0,3499.0,349.9,1019,2021,3,August,Tuesday,10.0,Aniket Sharma,Indore       , Madhya Pradesh,452001,5Aniket@gmail.com,986307349,Levi's Denim Jeans,Clothing,3499,,,,
2023-10-05,5,0,P003,1,89999,89999,0,0.0,89999.0,8999.9,1113,2023,4,October,Thursday,10.0,Aniket Sharma,Indore       , Madhya Pradesh,452001,5Aniket@gmail.com,986307349,"Sony Bravia 55"" TV",Electronics,89999,,,,
2022-01-22,5,0,P001,1,79999,79999,0,0.0,79999.0,7999.9,1338,2022,1,January,Saturday,10.0,Aniket Sharma,Indore       , Madhya Pradesh,452001,5Aniket@gmail.com,986307349,Apple iPhone 14,Electronics,79999,,,,
2023-01-29,5,0,P011,1,1499,1499,0,0.0,1499.0,149.9,1384,2023,1,January,Sunday,10.0,Aniket Sharma,Indore       , Madhya Pradesh,452001,5Aniket@gmail.com,986307349,H&M T-Shirt,Clothing,1499,,,,
2020-02-15,5,0,P001,1,79999,79999,0,0.0,79999.0,7999.9,1539,2020,1,February,Saturday,10.0,Aniket Sharma,Indore       , Madhya Pradesh,452001,5Aniket@gmail.com,986307349,Apple iPhone 14,Electronics,79999,,,,
2022-09-01,5,0,P005,1,92499,92499,0,0.0,92499.0,9249.9,1601,2022,3,September,Thursday,10.0,Aniket Sharma,Indore       , Madhya Pradesh,452001,5Aniket@gmail.com,986307349,Apple MacBook Air,Electronics,92499,,,,
2020-11-11,5,0,P025,1,8999,8999,0,0.0,8999.0,899.9,1743,2020,4,November,Wednesday,10.0,Aniket Sharma,Indore       , Madhya Pradesh,452001,5Aniket@gmail.com,986307349,American Tourister Suitcase,Bags,8999,,,,
2020-02-26,5,0,P013,1,15999,15999,0,0.0,15999.0,1599.9,2168,2020,1,February,Wednesday,10.0,Aniket Sharma,Indore       , Madhya Pradesh,452001,5Aniket@gmail.com,986307349,Raymond Suit,Clothing,15999,,,,
2021-08-25,5,0,P006,1,7499,7499,0,0.0,7499.0,749.9,2524,2021,3,August,Wednesday,10.0,Aniket Sharma,Indore       , Madhya Pradesh,452001,5Aniket@gmail.com,986307349,Nike Running Shoes,Footwear,7499,,,,
2020-03-03,5,0,P011,1,1499,1499,0,0.0,1499.0,149.9,2564,2020,1,March,Tuesday,10.0,Aniket Sharma,Indore       , Madhya Pradesh,452001,5Aniket@gmail.com,986307349,H&M T-Shirt,Clothing,1499,,,,
2022-12-27,5,0,P023,1,1499,1499,0,0.0,1499.0,149.9,2626,2022,4,December,Tuesday,10.0,Aniket Sharma,Indore       , Madhya Pradesh,452001,5Aniket@gmail.com,986307349,Milton Thermos Flask,Kitchenware,1499,,,,
2021-04-26,5,PR001,P002,2,69999,139998,20,27999.6,111998.4,11199.84,835,2021,2,April,Monday,10.0,Aniket Sharma,Indore       , Madhya Pradesh,452001,5Aniket@gmail.com,986307349,Samsung Galaxy S21,Electronics,69999,Summer Sale,Email,SUMMER21,20% off
2023-05-27,5,PR001,P003,2,89999,179998,20,35999.6,143998.4,14399.84,2304,2023,2,May,Saturday,10.0,Aniket Sharma,Indore       , Madhya Pradesh,452001,5Aniket@gmail.com,986307349,"Sony Bravia 55"" TV",Electronics,89999,Summer Sale,Email,SUMMER21,20% off
2023-05-30,5,PR001,P018,3,2299,6897,20,1379.4,5517.6,551.76,1704,2023,2,May,Tuesday,10.0,Aniket Sharma,Indore       , Madhya Pradesh,452001,5Aniket@gmail.com,986307349,Prestige Pressure Cooker,Home Appliances,2299,Summer Sale,Email,SUMMER21,20% off
2023-04-09,5,PR001,P026,3,5499,16497,20,3299.4,13197.6,1319.76,1871,2023,2,April,Sunday,10.0,Aniket Sharma,Indore       , Madhya Pradesh,452001,5Aniket@gmail.com,986307349,Wildcraft Hiking Bag,Bags,5499,Summer Sale,Email,SUMMER21,20% off
2023-04-10,5,PR001,P007,3,6999,20997,20,4199.4,16797.6,1679.76,3438,2023,2,April,Monday,10.0,Aniket Sharma,Indore       , Madhya Pradesh,452001,5Aniket@gmail.com,986307349,Adidas Sneakers,Footwear,6999,Summer Sale,Email,SUMMER21,20% off
2020-04-10,5,PR001,P016,1,24999,24999,20,4999.8,19999.2,1999.92,1493,2020,2,April,Friday,10.0,Aniket Sharma,Indore       , Madhya Pradesh,452001,5Aniket@gmail.com,986307349,LG Washing Machine,Home Appliances,24999,Summer Sale,Email,SUMMER21,20% off
2023-04-22,5,PR001,P014,1,4999,4999,20,999.8,3999.2,399.92,3267,2023,2,April,Saturday,10.0,Aniket Sharma,Indore       , Madhya Pradesh,452001,5Aniket@gmail.com,986307349,Bajaj Mixer Grinder,Home Appliances,4999,Summer Sale,Email,SUMMER21,20% off
2020-07-04,5,PR004,P018,3,2299,6897,50,3448.5,3448.5,344.85,1088,2020,3,July,Saturday,10.0,Aniket Sharma,Indore       , Madhya Pradesh,452001,5Aniket@gmail.com,986307349,Prestige Pressure Cooker,Home Appliances,2299,Weekend Flash Sale,Mobile Push,FLASH50,50% off
2021-07-10,5,PR004,P003,1,89999,89999,50,44999.5,44999.5,4499.95,3176,2021,3,July,Saturday,10.0,Aniket Sharma,Indore       , Madhya Pradesh,452001,5Aniket@gmail.com,986307349,"Sony Bravia 55"" TV",Electronics,89999,Weekend Flash Sale,Mobile Push,FLASH50,50% off
2023-12-21,5,PR005,P023,2,1499,2998,70,2098.6,899.4,89.94,1370,2023,4,December,Thursday,10.0,Aniket Sharma,Indore       , Madhya Pradesh,452001,5Aniket@gmail.com,986307349,Milton Thermos Flask,Kitchenware,1499,Clearance Sale,In-App,CLEARANCE23,70% off
2021-02-04,50,0,P020,2,12999,25998,0,0.0,25998.0,2599.8,2759,2021,1,February,Thursday,10.0,Yash Malhotra,Lucknow      , Uttar Pradesh ,226001,50Yash@gmail.com,910695779,Fossil Smartwatch,Accessories,12999,,,,
2023-09-29,50,0,P026,3,5499,16497,0,0.0,16497.0,1649.7,1740,2023,3,September,Friday,10.0,Yash Malhotra,Lucknow      , Uttar Pradesh ,226001,50Yash@gmail.com,910695779,Wildcraft Hiking Bag,Bags,5499,,,,
2022-10-28,50,0,P009,3,3499,10497,0,0.0,10497.0,1049.7,405,2022,4,October,Friday,10.0,Yash Malhotra,Lucknow      , Uttar Pradesh ,226001,50Yash@gmail.com,910695779,Levi's Denim Jeans,Clothing,3499,,,,
2021-02-27,50,0,P018,3,2299,6897,0,0.0,6897.0,689.7,526,2021,1,February,Saturday,10.0,Yash Malhotra,Lucknow      , Uttar Pradesh ,226001,50Yash@gmail.com,910695779,Prestige Pressure Cooker,Home Appliances,2299,,,,
2021-12-08,50,0,P027,3,699,2097,0,0.0,2097.0,209.7,580,2021,4,December,Wednesday,10.0,Yash Malhotra,Lucknow      , Uttar Pradesh ,226001,50Yash@gmail.com,910695779,L'Oreal Shampoo,Personal Care,699,,,,
2022-01-17,50,0,P027,3,699,2097,0,0.0,2097.0,209.7,930,2022,1,January,Monday,10.0,Yash Malhotra,Lucknow      , Uttar Pradesh ,226001,50Yash@gmail.com,910695779,L'Oreal Shampoo,Personal Care,699,,,,
2020-02-07,50,0,P007,3,6999,20997,0,0.0,20997.0,2099.7,950,2020,1,February,Friday,10.0,Yash Malhotra,Lucknow      , Uttar Pradesh ,226001,50Yash@gmail.com,910695779,Adidas Sneakers,Footwear,6999,,,,
2022-11-24,50,0,P005,3,92499,277497,0,0.0,277497.0,27749.7,1407,2022,4,November,Thursday,10.0,Yash Malhotra,Lucknow      , Uttar Pradesh ,226001,50Yash@gmail.com,910695779,Apple MacBook Air,Electronics,92499,,,,
2021-09-13,50,0,P004,3,64999,194997,0,0.0,194997.0,19499.7,1430,2021,3,September,Monday,10.0,Yash Malhotra,Lucknow      , Uttar Pradesh ,226001,50Yash@gmail.com,910695779,HP Pavilion Laptop,Electronics,64999,,,,
2020-03-06,50,0,P004,3,64999,194997,0,0.0,194997.0,19499.7,1507,2020,1,March,Friday,10.0,Yash Malhotra,Lucknow      , Uttar Pradesh ,226001,50Yash@gmail.com,910695779,HP Pavilion Laptop,Electronics,64999,,,,
2020-09-29,50,0,P028,3,349,1047,0,0.0,1047.0,104.7,1604,2020,3,September,Tuesday,10.0,Yash Malhotra,Lucknow      , Uttar Pradesh ,226001,50Yash@gmail.com,910695779,Dove Soap Pack,Personal Care,349,,,,
2020-08-11,50,0,P020,3,12999,38997,0,0.0,38997.0,3899.7,1893,2020,3,August,Tuesday,10.0,Yash Malhotra,Lucknow      , Uttar Pradesh ,226001,50Yash@gmail.com,910695779,Fossil Smartwatch,Accessories,12999,,,,
2022-02-22,50,0,P015,3,8499,25497,0,0.0,25497.0,2549.7,1954,2022,1,February,Tuesday,10.0,Yash Malhotra,Lucknow      , Uttar Pradesh ,226001,50Yash@gmail.com,910695779,Philips Air Fryer,Home Appliances,8499,,,,
2023-08-29,50,0,P018,3,2299,6897,0,0.0,6897.0,689.7,2309,2023,3,August,Tuesday,10.0,Yash Malhotra,Lucknow      , Uttar Pradesh ,226001,50Yash@gmail.com,910695779,Prestige Pressure Cooker,Home Appliances,2299,,,,
2023-09-13,50,0,P009,3,3499,10497,0,0.0,10497.0,1049.7,2406,2023,3,September,Wednesday,10.0,Yash Malhotra,Lucknow      , Uttar Pradesh ,226001,50Yash@gmail.com,910695779,Levi's Denim Jeans,Clothing,3499,,,,
2023-01-05,50,0,P013,3,15999,47997,0,0.0,47997.0,4799.7,2614,2023,1,January,Thursday,10.0,Yash Malhotra,Lucknow      , Uttar Pradesh ,226001,50Yash@gmail.com,910695779,Raymond Suit,Clothing,15999,,,,
2023-03-22,50,0,P028,3,349,1047,0,0.0,1047.0,104.7,2694,2023,1,March,Wednesday,10.0,Yash Malhotra,Lucknow      , Uttar Pradesh ,226001,50Yash@gmail.com,910695779,Dove Soap Pack,Personal Care,349,,,,
2022-01-11,50,0,P006,3,7499,22497,0,0.0,22497.0,2249.7,2821,2022,1,January,Tuesday,10.0,Yash Malhotra,Lucknow      , Uttar Pradesh ,226001,50Yash@gmail.com,910695779,Nike Running Shoes,Footwear,7499,,,,
2023-01-19,50,0,P017,3,10499,31497,0,0.0,31497.0,3149.7,3034,2023,1,January,Thursday,10.0,Yash Malhotra,Lucknow      , Uttar Pradesh ,226001,50Yash@gmail.com,910695779,IFB Microwave Oven,Home Appliances,10499,,,,
2020-10-09,50,0,P013,2,15999,31998,0,0.0,31998.0,3199.8,140,2020,4,October,Friday,10.0,Yash Malhotra,Lucknow      , Uttar Pradesh ,226001,50Yash@gmail.com,910695779,Raymond Suit,Clothing,15999,,,,
2022-02-18,50,0,P028,2,349,698,0,0.0,698.0,69.8,290,2022,1,February,Friday,10.0,Yash Malhotra,Lucknow      , Uttar Pradesh ,226001,50Yash@gmail.com,910695779,Dove Soap Pack,Personal Care,349,,,,
2021-07-12,50,0,P028,2,349,698,0,0.0,698.0,69.8,386,2021,3,July,Monday,10.0,Yash Malhotra,Lucknow      , Uttar Pradesh ,226001,50Yash@gmail.com,910695779,Dove Soap Pack,Personal Care,349,,,,
2022-02-23,50,0,P011,2,1499,2998,0,0.0,2998.0,299.8,392,2022,1,February,Wednesday,10.0,Yash Malhotra,Lucknow      , Uttar Pradesh ,226001,50Yash@gmail.com,910695779,H&M T-Shirt,Clothing,1499,,,,
2023-08-27,50,0,P025,2,8999,17998,0,0.0,17998.0,1799.8,536,2023,3,August,Sunday,10.0,Yash Malhotra,Lucknow      , Uttar Pradesh ,226001,50Yash@gmail.com,910695779,American Tourister Suitcase,Bags,8999,,,,
2020-08-14,50,0,P018,2,2299,4598,0,0.0,4598.0,459.8,1041,2020,3,August,Friday,10.0,Yash Malhotra,Lucknow      , Uttar Pradesh ,226001,50Yash@gmail.com,910695779,Prestige Pressure Cooker,Home Appliances,2299,,,,
2021-12-15,50,0,P003,2,89999,179998,0,0.0,179998.0,17999.8,1308,2021,4,December,Wednesday,10.0,Yash Malhotra,Lucknow      , Uttar Pradesh ,226001,50Yash@gmail.com,910695779,"Sony Bravia 55"" TV",Electronics,89999,,,,
2021-07-20,50,0,P014,2,4999,9998,0,0.0,9998.0,999.8,1492,2021,3,July,Tuesday,10.0,Yash Malhotra,Lucknow      , Uttar Pradesh ,226001,50Yash@gmail.com,910695779,Bajaj Mixer Grinder,Home Appliances,4999,,,,
2022-12-16,50,0,P025,2,8999,17998,0,0.0,17998.0,1799.8,1803,2022,4,December,Friday,10.0,Yash Malhotra,Lucknow      , Uttar Pradesh ,226001,50Yash@gmail.com,910695779,American Tourister Suitcase,Bags,8999,,,,
2023-02-23,50,0,P002,2,69999,139998,0,0.0,139998.0,13999.8,1811,2023,1,February,Thursday,10.0,Yash Malhotra,Lucknow      , Uttar Pradesh ,226001,50Yash@gmail.com,910695779,Samsung Galaxy S21,Electronics,69999,,,,
2020-02-12,50,0,P002,2,69999,139998,0,0.0,139998.0,13999.8,1868,2020,1,February,Wednesday,10.0,Yash Malhotra,Lucknow      , Uttar Pradesh ,226001,50Yash@gmail.com,910695779,Samsung Galaxy S21,Electronics,69999,,,,
2022-12-04,50,0,P004,2,64999,129998,0,0.0,129998.0,12999.8,2147,2022,4,December,Sunday,10.0,Yash Malhotra,Lucknow      , Uttar Pradesh ,226001,50Yash@gmail.com,910695779,HP Pavilion Laptop,Electronics,64999,,,,
2020-11-12,50,0,P024,2,2799,5598,0,0.0,5598.0,559.8,2257,2020,4,November,Thursday,10.0,Yash Malhotra,Lucknow      , Uttar Pradesh ,226001,50Yash@gmail.com,910695779,Puma Backpack,Bags,2799,,,,
2021-11-15,50,0,P025,2,8999,17998,0,0.0,17998.0,1799.8,2327,2021,4,November,Monday,10.0,Yash Malhotra,Lucknow      , Uttar Pradesh ,226001,50Yash@gmail.com,910695779,American Tourister Suitcase,Bags,8999,,,,
2021-12-23,50,0,P006,2,7499,14998,0,0.0,14998.0,1499.8,2428,2021,4,December,Thursday,10.0,Yash Malhotra,Lucknow      , Uttar Pradesh ,226001,50Yash@gmail.com,910695779,Nike Running Shoes,Footwear,7499,,,,
2023-03-11,50,0,P020,2,12999,25998,0,0.0,25998.0,2599.8,2463,2023,1,March,Saturday,10.0,Yash Malhotra,Lucknow      , Uttar Pradesh ,226001,50Yash@gmail.com,910695779,Fossil Smartwatch,Accessories,12999,,,,
2022-06-11,50,0,P019,2,5999,11998,0,0.0,11998.0,1199.8,2499,2022,2,June,Saturday,10.0,Yash Malhotra,Lucknow      , Uttar Pradesh ,226001,50Yash@gmail.com,910695779,Titan Wrist Watch,Accessories,5999,,,,
2022-12-23,50,0,P005,2,92499,184998,0,0.0,184998.0,18499.8,2558,2022,4,December,Friday,10.0,Yash Malhotra,Lucknow      , Uttar Pradesh ,226001,50Yash@gmail.com,910695779,Apple MacBook Air,Electronics,92499,,,,
2021-07-26,50,0,P010,2,2199,4398,0,0.0,4398.0,439.8,2713,2021,3,July,Monday,10.0,Yash Malhotra,Lucknow      , Uttar Pradesh ,226001,50Yash@gmail.com,910695779,Zara Casual Shirt,Clothing,2199,,,,
2020-12-21,50,0,P011,3,1499,4497,0,0.0,4497.0,449.7,614,2020,4,December,Monday,10.0,Yash Malhotra,Lucknow      , Uttar Pradesh ,226001,50Yash@gmail.com,910695779,H&M T-Shirt,Clothing,1499,,,,
2021-12-29,50,0,P001,2,79999,159998,0,0.0,159998.0,15999.8,2768,2021,4,December,Wednesday,10.0,Yash Malhotra,Lucknow      , Uttar Pradesh ,226001,50Yash@gmail.com,910695779,Apple iPhone 14,Electronics,79999,,,,
2020-09-02,50,0,P011,2,1499,2998,0,0.0,2998.0,299.8,3148,2020,3,September,Wednesday,10.0,Yash Malhotra,Lucknow      , Uttar Pradesh ,226001,50Yash@gmail.com,910695779,H&M T-Shirt,Clothing,1499,,,,
2023-11-18,50,0,P003,2,89999,179998,0,0.0,179998.0,17999.8,3214,2023,4,November,Saturday,10.0,Yash Malhotra,Lucknow      , Uttar Pradesh ,226001,50Yash@gmail.com,910695779,"Sony Bravia 55"" TV",Electronics,89999,,,,
2022-12-27,50,0,P009,2,3499,6998,0,0.0,6998.0,699.8,3220,2022,4,December,Tuesday,10.0,Yash Malhotra,Lucknow      , Uttar Pradesh ,226001,50Yash@gmail.com,910695779,Levi's Denim Jeans,Clothing,3499,,,,
2021-10-21,50,0,P017,2,10499,20998,0,0.0,20998.0,2099.8,3222,2021,4,October,Thursday,10.0,Yash Malhotra,Lucknow      , Uttar Pradesh ,226001,50Yash@gmail.com,910695779,IFB Microwave Oven,Home Appliances,10499,,,,
2021-09-24,50,0,P016,2,24999,49998,0,0.0,49998.0,4999.8,3346,2021,3,September,Friday,10.0,Yash Malhotra,Lucknow      , Uttar Pradesh ,226001,50Yash@gmail.com,910695779,LG Washing Machine,Home Appliances,24999,,,,
2023-09-03,50,0,P030,2,399,798,0,0.0,798.0,79.8,3362,2023,3,September,Sunday,10.0,Yash Malhotra,Lucknow      , Uttar Pradesh ,226001,50Yash@gmail.com,910695779,Nivea Body Lotion,Personal Care,399,,,,
2023-11-22,50,0,P025,2,8999,17998,0,0.0,17998.0,1799.8,3405,2023,4,November,Wednesday,10.0,Yash Malhotra,Lucknow      , Uttar Pradesh ,226001,50Yash@gmail.com,910695779,American Tourister Suitcase,Bags,8999,,,,
2023-01-05,50,0,P027,2,699,1398,0,0.0,1398.0,139.8,3476,2023,1,January,Thursday,10.0,Yash Malhotra,Lucknow      , Uttar Pradesh ,226001,50Yash@gmail.com,910695779,L'Oreal Shampoo,Personal Care,699,,,,
2020-12-12,50,0,P008,2,5499,10998,0,0.0,10998.0,1099.8,1129,2020,4,December,Saturday,10.0,Yash Malhotra,Lucknow      , Uttar Pradesh ,226001,50Yash@gmail.com,910695779,Puma Sports Shoes,Footwear,5499,,,,
2020-07-10,50,0,P008,2,5499,10998,0,0.0,10998.0,1099.8,3049,2020,3,July,Friday,10.0,Yash Malhotra,Lucknow      , Uttar Pradesh ,226001,50Yash@gmail.com,910695779,Puma Sports Shoes,Footwear,5499,,,,
2023-02-02,50,0,P005,1,92499,92499,0,0.0,92499.0,9249.9,131,2023,1,February,Thursday,10.0,Yash Malhotra,Lucknow      , Uttar Pradesh ,226001,50Yash@gmail.com,910695779,Apple MacBook Air,Electronics,92499,,,,
2021-08-11,50,0,P003,1,89999,89999,0,0.0,89999.0,8999.9,381,2021,3,August,Wednesday,10.0,Yash Malhotra,Lucknow      , Uttar Pradesh ,226001,50Yash@gmail.com,910695779,"Sony Bravia 55"" TV",Electronics,89999,,,,
2022-03-20,50,0,P021,1,1299,1299,0,0.0,1299.0,129.9,634,2022,1,March,Sunday,10.0,Yash Malhotra,Lucknow      , Uttar Pradesh ,226001,50Yash@gmail.com,910695779,Tupperware Lunch Box,Kitchenware,1299,,,,
2020-10-10,50,0,P015,1,8499,8499,0,0.0,8499.0,849.9,817,2020,4,October,Saturday,10.0,Yash Malhotra,Lucknow      , Uttar Pradesh ,226001,50Yash@gmail.com,910695779,Philips Air Fryer,Home Appliances,8499,,,,
2020-12-27,50,0,P029,1,99,99,0,0.0,99.0,9.9,1309,2020,4,December,Sunday,10.0,Yash Malhotra,Lucknow      , Uttar Pradesh ,226001,50Yash@gmail.com,910695779,Colgate Toothpaste,Personal Care,99,,,,
2020-02-04,50,0,P017,1,10499,10499,0,0.0,10499.0,1049.9,1561,2020,1,February,Tuesday,10.0,Yash Malhotra,Lucknow      , Uttar Pradesh ,226001,50Yash@gmail.com,910695779,IFB Microwave Oven,Home Appliances,10499,,,,
2023-09-24,50,0,P023,1,1499,1499,0,0.0,1499.0,149.9,1638,2023,3,September,Sunday,10.0,Yash Malhotra,Lucknow      , Uttar Pradesh ,226001,50Yash@gmail.com,910695779,Milton Thermos Flask,Kitchenware,1499,,,,
2020-12-05,50,0,P023,1,1499,1499,0,0.0,1499.0,149.9,1771,2020,4,December,Saturday,10.0,Yash Malhotra,Lucknow      , Uttar Pradesh ,226001,50Yash@gmail.com,910695779,Milton Thermos Flask,Kitchenware,1499,,,,
2022-12-24,50,0,P022,1,1999,1999,0,0.0,1999.0,199.9,2043,2022,4,December,Saturday,10.0,Yash Malhotra,Lucknow      , Uttar Pradesh ,226001,50Yash@gmail.com,910695779,Borosil Glass Set,Kitchenware,1999,,,,
2023-03-16,50,0,P014,1,4999,4999,0,0.0,4999.0,499.9,2196,2023,1,March,Thursday,10.0,Yash Malhotra,Lucknow      , Uttar Pradesh ,226001,50Yash@gmail.com,910695779,Bajaj Mixer Grinder,Home Appliances,4999,,,,
2020-01-11,50,0,P013,1,15999,15999,0,0.0,15999.0,1599.9,2408,2020,1,January,Saturday,10.0,Yash Malhotra,Lucknow      , Uttar Pradesh ,226001,50Yash@gmail.com,910695779,Raymond Suit,Clothing,15999,,,,
2020-01-17,50,0,P007,1,6999,6999,0,0.0,6999.0,699.9,2533,2020,1,January,Friday,10.0,Yash Malhotra,Lucknow      , Uttar Pradesh ,226001,50Yash@gmail.com,910695779,Adidas Sneakers,Footwear,6999,,,,
2022-10-03,50,0,P001,1,79999,79999,0,0.0,79999.0,7999.9,3022,2022,4,October,Monday,10.0,Yash Malhotra,Lucknow      , Uttar Pradesh ,226001,50Yash@gmail.com,910695779,Apple iPhone 14,Electronics,79999,,,,
2020-11-22,50,0,P008,1,5499,5499,0,0.0,5499.0,549.9,3088,2020,4,November,Sunday,10.0,Yash Malhotra,Lucknow      , Uttar Pradesh ,226001,50Yash@gmail.com,910695779,Puma Sports Shoes,Footwear,5499,,,,
2022-12-02,50,0,P017,1,10499,10499,0,0.0,10499.0,1049.9,3182,2022,4,December,Friday,10.0,Yash Malhotra,Lucknow      , Uttar Pradesh ,226001,50Yash@gmail.com,910695779,IFB Microwave Oven,Home Appliances,10499,,,,
2022-05-02,50,PR001,P019,2,5999,11998,20,2399.6,9598.4,959.84,2328,2022,2,May,Monday,10.0,Yash Malhotra,Lucknow      , Uttar Pradesh ,226001,50Yash@gmail.com,910695779,Titan Wrist Watch,Accessories,5999,Summer Sale,Email,SUMMER21,20% off
2021-05-15,50,PR001,P025,2,8999,17998,20,3599.6,14398.4,1439.84,2630,2021,2,May,Saturday,10.0,Yash Malhotra,Lucknow      , Uttar Pradesh ,226001,50Yash@gmail.com,910695779,American Tourister Suitcase,Bags,8999,Summer Sale,Email,SUMMER21,20% off
2022-05-23,50,PR001,P018,2,2299,4598,20,919.6,3678.4,367.84,2691,2022,2,May,Monday,10.0,Yash Malhotra,Lucknow      , Uttar Pradesh ,226001,50Yash@gmail.com,910695779,Prestige Pressure Cooker,Home Appliances,2299,Summer Sale,Email,SUMMER21,20% off
2020-04-26,50,PR001,P007,2,6999,13998,20,2799.6,11198.4,1119.84,2741,2020,2,April,Sunday,10.0,Yash Malhotra,Lucknow      , Uttar Pradesh ,226001,50Yash@gmail.com,910695779,Adidas Sneakers,Footwear,6999,Summer Sale,Email,SUMMER21,20% off
2021-05-13,50,PR001,P011,3,1499,4497,20,899.4,3597.6,359.76,2373,2021,2,May,Thursday,10.0,Yash Malhotra,Lucknow      , Uttar Pradesh ,226001,50Yash@gmail.com,910695779,H&M T-Shirt,Clothing,1499,Summer Sale,Email,SUMMER21,20% off
2020-04-15,50,PR001,P029,3,99,297,20,59.4,237.6,23.76,2378,2020,2,April,Wednesday,10.0,Yash Malhotra,Lucknow      , Uttar Pradesh ,226001,50Yash@gmail.com,910695779,Colgate Toothpaste,Personal Care,99,Summer Sale,Email,SUMMER21,20% off
2022-05-14,50,PR001,P029,1,99,99,20,19.8,79.2,7.92,686,2022,2,May,Saturday,10.0,Yash Malhotra,Lucknow      , Uttar Pradesh ,226001,50Yash@gmail.com,910695779,Colgate Toothpaste,Personal Care,99,Summer Sale,Email,SUMMER21,20% off
2022-05-28,50,PR001,P030,1,399,399,20,79.8,319.2,31.92,744,2022,2,May,Saturday,10.0,Yash Malhotra,Lucknow      , Uttar Pradesh ,226001,50Yash@gmail.com,910695779,Nivea Body Lotion,Personal Care,399,Summer Sale,Email,SUMMER21,20% off
2021-04-02,50,PR001,P019,1,5999,5999,20,1199.8,4799.2,479.92,2125,2021,2,April,Friday,10.0,Yash Malhotra,Lucknow      , Uttar Pradesh ,226001,50Yash@gmail.com,910695779,Titan Wrist Watch,Accessories,5999,Summer Sale,Email,SUMMER21,20% off
2021-05-11,50,PR001,P006,1,7499,7499,20,1499.8,5999.2,599.92,2447,2021,2,May,Tuesday,10.0,Yash Malhotra,Lucknow      , Uttar Pradesh ,226001,50Yash@gmail.com,910695779,Nike Running Shoes,Footwear,7499,Summer Sale,Email,SUMMER21,20% off
2021-04-08,50,PR001,P024,1,2799,2799,20,559.8,2239.2,223.92,3020,2021,2,April,Thursday,10.0,Yash Malhotra,Lucknow      , Uttar Pradesh ,226001,50Yash@gmail.com,910695779,Puma Backpack,Bags,2799,Summer Sale,Email,SUMMER21,20% off
2020-12-27,6,0,P023,2,1499,2998,0,0.0,2998.0,299.8,1292,2020,4,December,Sunday,10.0,Anjali Rao,Bhopal       , Madhya Pradesh,462001,6Anjali@gmail.com,963288063,Milton Thermos Flask,Kitchenware,1499,,,,
2021-07-22,6,0,P023,3,1499,4497,0,0.0,4497.0,449.7,30,2021,3,July,Thursday,10.0,Anjali Rao,Bhopal       , Madhya Pradesh,462001,6Anjali@gmail.com,963288063,Milton Thermos Flask,Kitchenware,1499,,,,
2023-03-20,6,0,P011,3,1499,4497,0,0.0,4497.0,449.7,1097,2023,1,March,Monday,10.0,Anjali Rao,Bhopal       , Madhya Pradesh,462001,6Anjali@gmail.com,963288063,H&M T-Shirt,Clothing,1499,,,,
2023-09-12,6,0,P011,3,1499,4497,0,0.0,4497.0,449.7,1823,2023,3,September,Tuesday,10.0,Anjali Rao,Bhopal       , Madhya Pradesh,462001,6Anjali@gmail.com,963288063,H&M T-Shirt,Clothing,1499,,,,
2020-10-24,6,0,P011,3,1499,4497,0,0.0,4497.0,449.7,2226,2020,4,October,Saturday,10.0,Anjali Rao,Bhopal       , Madhya Pradesh,462001,6Anjali@gmail.com,963288063,H&M T-Shirt,Clothing,1499,,,,
2020-08-11,6,0,P029,3,99,297,0,0.0,297.0,29.7,354,2020,3,August,Tuesday,10.0,Anjali Rao,Bhopal       , Madhya Pradesh,462001,6Anjali@gmail.com,963288063,Colgate Toothpaste,Personal Care,99,,,,
2021-07-21,6,0,P016,3,24999,74997,0,0.0,74997.0,7499.7,871,2021,3,July,Wednesday,10.0,Anjali Rao,Bhopal       , Madhya Pradesh,462001,6Anjali@gmail.com,963288063,LG Washing Machine,Home Appliances,24999,,,,
2022-01-22,6,0,P021,3,1299,3897,0,0.0,3897.0,389.7,1018,2022,1,January,Saturday,10.0,Anjali Rao,Bhopal       , Madhya Pradesh,462001,6Anjali@gmail.com,963288063,Tupperware Lunch Box,Kitchenware,1299,,,,
2021-06-21,6,0,P015,3,8499,25497,0,0.0,25497.0,2549.7,2081,2021,2,June,Monday,10.0,Anjali Rao,Bhopal       , Madhya Pradesh,462001,6Anjali@gmail.com,963288063,Philips Air Fryer,Home Appliances,8499,,,,
2020-08-07,6,0,P001,3,79999,239997,0,0.0,239997.0,23999.7,2146,2020,3,August,Friday,10.0,Anjali Rao,Bhopal       , Madhya Pradesh,462001,6Anjali@gmail.com,963288063,Apple iPhone 14,Electronics,79999,,,,
2021-09-14,6,0,P028,3,349,1047,0,0.0,1047.0,104.7,2191,2021,3,September,Tuesday,10.0,Anjali Rao,Bhopal       , Madhya Pradesh,462001,6Anjali@gmail.com,963288063,Dove Soap Pack,Personal Care,349,,,,
2021-10-15,6,0,P006,3,7499,22497,0,0.0,22497.0,2249.7,2209,2021,4,October,Friday,10.0,Anjali Rao,Bhopal       , Madhya Pradesh,462001,6Anjali@gmail.com,963288063,Nike Running Shoes,Footwear,7499,,,,
2022-09-25,6,0,P022,3,1999,5997,0,0.0,5997.0,599.7,2588,2022,3,September,Sunday,10.0,Anjali Rao,Bhopal       , Madhya Pradesh,462001,6Anjali@gmail.com,963288063,Borosil Glass Set,Kitchenware,1999,,,,
2021-06-16,6,0,P021,3,1299,3897,0,0.0,3897.0,389.7,2695,2021,2,June,Wednesday,10.0,Anjali Rao,Bhopal       , Madhya Pradesh,462001,6Anjali@gmail.com,963288063,Tupperware Lunch Box,Kitchenware,1299,,,,
2023-09-06,6,0,P018,3,2299,6897,0,0.0,6897.0,689.7,2817,2023,3,September,Wednesday,10.0,Anjali Rao,Bhopal       , Madhya Pradesh,462001,6Anjali@gmail.com,963288063,Prestige Pressure Cooker,Home Appliances,2299,,,,
2023-10-16,6,0,P021,3,1299,3897,0,0.0,3897.0,389.7,3030,2023,4,October,Monday,10.0,Anjali Rao,Bhopal       , Madhya Pradesh,462001,6Anjali@gmail.com,963288063,Tupperware Lunch Box,Kitchenware,1299,,,,
2023-09-16,6,0,P001,3,79999,239997,0,0.0,239997.0,23999.7,3046,2023,3,September,Saturday,10.0,Anjali Rao,Bhopal       , Madhya Pradesh,462001,6Anjali@gmail.com,963288063,Apple iPhone 14,Electronics,79999,,,,
2023-09-08,6,0,P003,3,89999,269997,0,0.0,269997.0,26999.7,3460,2023,3,September,Friday,10.0,Anjali Rao,Bhopal       , Madhya Pradesh,462001,6Anjali@gmail.com,963288063,"Sony Bravia 55"" TV",Electronics,89999,,,,
2023-06-07,6,0,P006,3,7499,22497,0,0.0,22497.0,2249.7,3465,2023,2,June,Wednesday,10.0,Anjali Rao,Bhopal       , Madhya Pradesh,462001,6Anjali@gmail.com,963288063,Nike Running Shoes,Footwear,7499,,,,
2021-08-21,6,0,P009,2,3499,6998,0,0.0,6998.0,699.8,303,2021,3,August,Saturday,10.0,Anjali Rao,Bhopal       , Madhya Pradesh,462001,6Anjali@gmail.com,963288063,Levi's Denim Jeans,Clothing,3499,,,,
2021-03-27,6,0,P003,2,89999,179998,0,0.0,179998.0,17999.8,456,2021,1,March,Saturday,10.0,Anjali Rao,Bhopal       , Madhya Pradesh,462001,6Anjali@gmail.com,963288063,"Sony Bravia 55"" TV",Electronics,89999,,,,
2021-12-29,6,0,P023,2,1499,2998,0,0.0,2998.0,299.8,831,2021,4,December,Wednesday,10.0,Anjali Rao,Bhopal       , Madhya Pradesh,462001,6Anjali@gmail.com,963288063,Milton Thermos Flask,Kitchenware,1499,,,,
2022-06-18,6,0,P002,2,69999,139998,0,0.0,139998.0,13999.8,906,2022,2,June,Saturday,10.0,Anjali Rao,Bhopal       , Madhya Pradesh,462001,6Anjali@gmail.com,963288063,Samsung Galaxy S21,Electronics,69999,,,,
2022-03-24,6,0,P021,2,1299,2598,0,0.0,2598.0,259.8,1126,2022,1,March,Thursday,10.0,Anjali Rao,Bhopal       , Madhya Pradesh,462001,6Anjali@gmail.com,963288063,Tupperware Lunch Box,Kitchenware,1299,,,,
2022-12-31,6,0,P007,2,6999,13998,0,0.0,13998.0,1399.8,1253,2022,4,December,Saturday,10.0,Anjali Rao,Bhopal       , Madhya Pradesh,462001,6Anjali@gmail.com,963288063,Adidas Sneakers,Footwear,6999,,,,
2022-06-15,6,0,P016,2,24999,49998,0,0.0,49998.0,4999.8,1382,2022,2,June,Wednesday,10.0,Anjali Rao,Bhopal       , Madhya Pradesh,462001,6Anjali@gmail.com,963288063,LG Washing Machine,Home Appliances,24999,,,,
2023-01-09,6,0,P011,2,1499,2998,0,0.0,2998.0,299.8,1475,2023,1,January,Monday,10.0,Anjali Rao,Bhopal       , Madhya Pradesh,462001,6Anjali@gmail.com,963288063,H&M T-Shirt,Clothing,1499,,,,
2023-06-27,6,0,P014,2,4999,9998,0,0.0,9998.0,999.8,1554,2023,2,June,Tuesday,10.0,Anjali Rao,Bhopal       , Madhya Pradesh,462001,6Anjali@gmail.com,963288063,Bajaj Mixer Grinder,Home Appliances,4999,,,,
2023-01-20,6,0,P014,2,4999,9998,0,0.0,9998.0,999.8,1713,2023,1,January,Friday,10.0,Anjali Rao,Bhopal       , Madhya Pradesh,462001,6Anjali@gmail.com,963288063,Bajaj Mixer Grinder,Home Appliances,4999,,,,
2022-11-25,6,0,P020,2,12999,25998,0,0.0,25998.0,2599.8,1962,2022,4,November,Friday,10.0,Anjali Rao,Bhopal       , Madhya Pradesh,462001,6Anjali@gmail.com,963288063,Fossil Smartwatch,Accessories,12999,,,,
2021-06-09,6,0,P010,2,2199,4398,0,0.0,4398.0,439.8,2173,2021,2,June,Wednesday,10.0,Anjali Rao,Bhopal       , Madhya Pradesh,462001,6Anjali@gmail.com,963288063,Zara Casual Shirt,Clothing,2199,,,,
2021-10-30,6,0,P006,2,7499,14998,0,0.0,14998.0,1499.8,2308,2021,4,October,Saturday,10.0,Anjali Rao,Bhopal       , Madhya Pradesh,462001,6Anjali@gmail.com,963288063,Nike Running Shoes,Footwear,7499,,,,
2020-09-20,6,0,P019,2,5999,11998,0,0.0,11998.0,1199.8,2794,2020,3,September,Sunday,10.0,Anjali Rao,Bhopal       , Madhya Pradesh,462001,6Anjali@gmail.com,963288063,Titan Wrist Watch,Accessories,5999,,,,
2021-01-16,6,0,P005,2,92499,184998,0,0.0,184998.0,18499.8,2949,2021,1,January,Saturday,10.0,Anjali Rao,Bhopal       , Madhya Pradesh,462001,6Anjali@gmail.com,963288063,Apple MacBook Air,Electronics,92499,,,,
2022-10-03,6,0,P007,2,6999,13998,0,0.0,13998.0,1399.8,3057,2022,4,October,Monday,10.0,Anjali Rao,Bhopal       , Madhya Pradesh,462001,6Anjali@gmail.com,963288063,Adidas Sneakers,Footwear,6999,,,,
2020-08-07,6,0,P004,2,64999,129998,0,0.0,129998.0,12999.8,3143,2020,3,August,Friday,10.0,Anjali Rao,Bhopal       , Madhya Pradesh,462001,6Anjali@gmail.com,963288063,HP Pavilion Laptop,Electronics,64999,,,,
2023-11-14,6,0,P013,2,15999,31998,0,0.0,31998.0,3199.8,3224,2023,4,November,Tuesday,10.0,Anjali Rao,Bhopal       , Madhya Pradesh,462001,6Anjali@gmail.com,963288063,Raymond Suit,Clothing,15999,,,,
2023-11-14,6,0,P024,2,2799,5598,0,0.0,5598.0,559.8,3309,2023,4,November,Tuesday,10.0,Anjali Rao,Bhopal       , Madhya Pradesh,462001,6Anjali@gmail.com,963288063,Puma Backpack,Bags,2799,,,,
2022-10-01,6,0,P019,2,5999,11998,0,0.0,11998.0,1199.8,3510,2022,4,October,Saturday,10.0,Anjali Rao,Bhopal       , Madhya Pradesh,462001,6Anjali@gmail.com,963288063,Titan Wrist Watch,Accessories,5999,,,,
2021-06-25,6,0,P026,2,5499,10998,0,0.0,10998.0,1099.8,738,2021,2,June,Friday,10.0,Anjali Rao,Bhopal       , Madhya Pradesh,462001,6Anjali@gmail.com,963288063,Wildcraft Hiking Bag,Bags,5499,,,,
2022-06-04,6,0,P026,2,5499,10998,0,0.0,10998.0,1099.8,1446,2022,2,June,Saturday,10.0,Anjali Rao,Bhopal       , Madhya Pradesh,462001,6Anjali@gmail.com,963288063,Wildcraft Hiking Bag,Bags,5499,,,,
2022-03-21,6,0,P026,2,5499,10998,0,0.0,10998.0,1099.8,1484,2022,1,March,Monday,10.0,Anjali Rao,Bhopal       , Madhya Pradesh,462001,6Anjali@gmail.com,963288063,Wildcraft Hiking Bag,Bags,5499,,,,
2022-01-14,6,0,P010,1,2199,2199,0,0.0,2199.0,219.9,74,2022,1,January,Friday,10.0,Anjali Rao,Bhopal       , Madhya Pradesh,462001,6Anjali@gmail.com,963288063,Zara Casual Shirt,Clothing,2199,,,,
2022-01-11,6,0,P028,1,349,349,0,0.0,349.0,34.9,166,2022,1,January,Tuesday,10.0,Anjali Rao,Bhopal       , Madhya Pradesh,462001,6Anjali@gmail.com,963288063,Dove Soap Pack,Personal Care,349,,,,
2020-12-17,6,0,P019,1,5999,5999,0,0.0,5999.0,599.9,234,2020,4,December,Thursday,10.0,Anjali Rao,Bhopal       , Madhya Pradesh,462001,6Anjali@gmail.com,963288063,Titan Wrist Watch,Accessories,5999,,,,
2020-12-08,6,0,P021,1,1299,1299,0,0.0,1299.0,129.9,1021,2020,4,December,Tuesday,10.0,Anjali Rao,Bhopal       , Madhya Pradesh,462001,6Anjali@gmail.com,963288063,Tupperware Lunch Box,Kitchenware,1299,,,,
2023-06-12,6,0,P028,1,349,349,0,0.0,349.0,34.9,1517,2023,2,June,Monday,10.0,Anjali Rao,Bhopal       , Madhya Pradesh,462001,6Anjali@gmail.com,963288063,Dove Soap Pack,Personal Care,349,,,,
2020-01-15,6,0,P019,1,5999,5999,0,0.0,5999.0,599.9,1524,2020,1,January,Wednesday,10.0,Anjali Rao,Bhopal       , Madhya Pradesh,462001,6Anjali@gmail.com,963288063,Titan Wrist Watch,Accessories,5999,,,,
2020-10-24,6,0,P011,1,1499,1499,0,0.0,1499.0,149.9,1590,2020,4,October,Saturday,10.0,Anjali Rao,Bhopal       , Madhya Pradesh,462001,6Anjali@gmail.com,963288063,H&M T-Shirt,Clothing,1499,,,,
2022-03-18,6,0,P010,1,2199,2199,0,0.0,2199.0,219.9,1632,2022,1,March,Friday,10.0,Anjali Rao,Bhopal       , Madhya Pradesh,462001,6Anjali@gmail.com,963288063,Zara Casual Shirt,Clothing,2199,,,,
2022-11-05,6,0,P004,1,64999,64999,0,0.0,64999.0,6499.9,1850,2022,4,November,Saturday,10.0,Anjali Rao,Bhopal       , Madhya Pradesh,462001,6Anjali@gmail.com,963288063,HP Pavilion Laptop,Electronics,64999,,,,
2023-11-27,6,0,P026,1,5499,5499,0,0.0,5499.0,549.9,2144,2023,4,November,Monday,10.0,Anjali Rao,Bhopal       , Madhya Pradesh,462001,6Anjali@gmail.com,963288063,Wildcraft Hiking Bag,Bags,5499,,,,
2022-12-05,6,0,P005,1,92499,92499,0,0.0,92499.0,9249.9,2255,2022,4,December,Monday,10.0,Anjali Rao,Bhopal       , Madhya Pradesh,462001,6Anjali@gmail.com,963288063,Apple MacBook Air,Electronics,92499,,,,
2022-09-24,6,0,P002,1,69999,69999,0,0.0,69999.0,6999.9,2403,2022,3,September,Saturday,10.0,Anjali Rao,Bhopal       , Madhya Pradesh,462001,6Anjali@gmail.com,963288063,Samsung Galaxy S21,Electronics,69999,,,,
2022-12-08,6,0,P016,1,24999,24999,0,0.0,24999.0,2499.9,2466,2022,4,December,Thursday,10.0,Anjali Rao,Bhopal       , Madhya Pradesh,462001,6Anjali@gmail.com,963288063,LG Washing Machine,Home Appliances,24999,,,,
2022-12-24,6,0,P030,1,399,399,0,0.0,399.0,39.9,2618,2022,4,December,Saturday,10.0,Anjali Rao,Bhopal       , Madhya Pradesh,462001,6Anjali@gmail.com,963288063,Nivea Body Lotion,Personal Care,399,,,,
2021-03-02,6,0,P029,1,99,99,0,0.0,99.0,9.9,2745,2021,1,March,Tuesday,10.0,Anjali Rao,Bhopal       , Madhya Pradesh,462001,6Anjali@gmail.com,963288063,Colgate Toothpaste,Personal Care,99,,,,
2023-01-09,6,0,P012,1,2999,2999,0,0.0,2999.0,299.9,3248,2023,1,January,Monday,10.0,Anjali Rao,Bhopal       , Madhya Pradesh,462001,6Anjali@gmail.com,963288063,FabIndia Kurta,Clothing,2999,,,,
2020-05-07,6,PR001,P017,2,10499,20998,20,4199.6,16798.4,1679.84,1924,2020,2,May,Thursday,10.0,Anjali Rao,Bhopal       , Madhya Pradesh,462001,6Anjali@gmail.com,963288063,IFB Microwave Oven,Home Appliances,10499,Summer Sale,Email,SUMMER21,20% off
2022-04-04,6,PR001,P029,3,99,297,20,59.4,237.6,23.76,1263,2022,2,April,Monday,10.0,Anjali Rao,Bhopal       , Madhya Pradesh,462001,6Anjali@gmail.com,963288063,Colgate Toothpaste,Personal Care,99,Summer Sale,Email,SUMMER21,20% off
2022-05-10,6,PR001,P004,1,64999,64999,20,12999.8,51999.2,5199.92,83,2022,2,May,Tuesday,10.0,Anjali Rao,Bhopal       , Madhya Pradesh,462001,6Anjali@gmail.com,963288063,HP Pavilion Laptop,Electronics,64999,Summer Sale,Email,SUMMER21,20% off
2022-04-17,6,PR001,P017,1,10499,10499,20,2099.8,8399.2,839.92,545,2022,2,April,Sunday,10.0,Anjali Rao,Bhopal       , Madhya Pradesh,462001,6Anjali@gmail.com,963288063,IFB Microwave Oven,Home Appliances,10499,Summer Sale,Email,SUMMER21,20% off
2021-05-16,6,PR001,P023,1,1499,1499,20,299.8,1199.2,119.92,690,2021,2,May,Sunday,10.0,Anjali Rao,Bhopal       , Madhya Pradesh,462001,6Anjali@gmail.com,963288063,Milton Thermos Flask,Kitchenware,1499,Summer Sale,Email,SUMMER21,20% off
2020-04-28,6,PR001,P002,1,69999,69999,20,13999.8,55999.2,5599.92,1691,2020,2,April,Tuesday,10.0,Anjali Rao,Bhopal       , Madhya Pradesh,462001,6Anjali@gmail.com,963288063,Samsung Galaxy S21,Electronics,69999,Summer Sale,Email,SUMMER21,20% off
2023-04-22,6,PR001,P011,1,1499,1499,20,299.8,1199.2,119.92,2409,2023,2,April,Saturday,10.0,Anjali Rao,Bhopal       , Madhya Pradesh,462001,6Anjali@gmail.com,963288063,H&M T-Shirt,Clothing,1499,Summer Sale,Email,SUMMER21,20% off
2022-05-05,6,PR001,P014,1,4999,4999,20,999.8,3999.2,399.92,2908,2022,2,May,Thursday,10.0,Anjali Rao,Bhopal       , Madhya Pradesh,462001,6Anjali@gmail.com,963288063,Bajaj Mixer Grinder,Home Appliances,4999,Summer Sale,Email,SUMMER21,20% off
2023-07-08,6,PR004,P017,1,10499,10499,50,5249.5,5249.5,524.95,2303,2023,3,July,Saturday,10.0,Anjali Rao,Bhopal       , Madhya Pradesh,462001,6Anjali@gmail.com,963288063,IFB Microwave Oven,Home Appliances,10499,Weekend Flash Sale,Mobile Push,FLASH50,50% off
2020-07-04,6,PR004,P019,1,5999,5999,50,2999.5,2999.5,299.95,3110,2020,3,July,Saturday,10.0,Anjali Rao,Bhopal       , Madhya Pradesh,462001,6Anjali@gmail.com,963288063,Titan Wrist Watch,Accessories,5999,Weekend Flash Sale,Mobile Push,FLASH50,50% off
2023-12-29,6,PR005,P017,1,10499,10499,70,7349.3,3149.7,314.97,271,2023,4,December,Friday,10.000000000000002,Anjali Rao,Bhopal       , Madhya Pradesh,462001,6Anjali@gmail.com,963288063,IFB Microwave Oven,Home Appliances,10499,Clearance Sale,In-App,CLEARANCE23,70% off
2020-04-09,7,PR001,P027,3,699,2097,20,419.4,1677.6,167.76,1845,2020,2,April,Thursday,10.0,Arjun Joshi,Kanpur       , Uttar Pradesh ,208001,7Arjun@gmail.com,988368456,L'Oreal Shampoo,Personal Care,699,Summer Sale,Email,SUMMER21,20% off
2022-06-28,7,0,P030,3,399,1197,0,0.0,1197.0,119.7,3372,2022,2,June,Tuesday,10.0,Arjun Joshi,Kanpur       , Uttar Pradesh ,208001,7Arjun@gmail.com,988368456,Nivea Body Lotion,Personal Care,399,,,,
2023-10-01,7,0,P024,2,2799,5598,0,0.0,5598.0,559.8,425,2023,4,October,Sunday,10.0,Arjun Joshi,Kanpur       , Uttar Pradesh ,208001,7Arjun@gmail.com,988368456,Puma Backpack,Bags,2799,,,,
2021-10-04,7,0,P012,2,2999,5998,0,0.0,5998.0,599.8,947,2021,4,October,Monday,10.0,Arjun Joshi,Kanpur       , Uttar Pradesh ,208001,7Arjun@gmail.com,988368456,FabIndia Kurta,Clothing,2999,,,,
2023-03-06,7,0,P006,2,7499,14998,0,0.0,14998.0,1499.8,1158,2023,1,March,Monday,10.0,Arjun Joshi,Kanpur       , Uttar Pradesh ,208001,7Arjun@gmail.com,988368456,Nike Running Shoes,Footwear,7499,,,,
2023-01-12,7,0,P023,2,1499,2998,0,0.0,2998.0,299.8,1373,2023,1,January,Thursday,10.0,Arjun Joshi,Kanpur       , Uttar Pradesh ,208001,7Arjun@gmail.com,988368456,Milton Thermos Flask,Kitchenware,1499,,,,
2022-03-05,7,0,P004,2,64999,129998,0,0.0,129998.0,12999.8,1374,2022,1,March,Saturday,10.0,Arjun Joshi,Kanpur       , Uttar Pradesh ,208001,7Arjun@gmail.com,988368456,HP Pavilion Laptop,Electronics,64999,,,,
2023-06-06,7,0,P020,2,12999,25998,0,0.0,25998.0,2599.8,1633,2023,2,June,Tuesday,10.0,Arjun Joshi,Kanpur       , Uttar Pradesh ,208001,7Arjun@gmail.com,988368456,Fossil Smartwatch,Accessories,12999,,,,
2020-01-01,7,0,P011,2,1499,2998,0,0.0,2998.0,299.8,1655,2020,1,January,Wednesday,10.0,Arjun Joshi,Kanpur       , Uttar Pradesh ,208001,7Arjun@gmail.com,988368456,H&M T-Shirt,Clothing,1499,,,,
2023-02-27,7,0,P022,2,1999,3998,0,0.0,3998.0,399.8,1836,2023,1,February,Monday,10.0,Arjun Joshi,Kanpur       , Uttar Pradesh ,208001,7Arjun@gmail.com,988368456,Borosil Glass Set,Kitchenware,1999,,,,
2023-10-17,7,0,P017,2,10499,20998,0,0.0,20998.0,2099.8,2018,2023,4,October,Tuesday,10.0,Arjun Joshi,Kanpur       , Uttar Pradesh ,208001,7Arjun@gmail.com,988368456,IFB Microwave Oven,Home Appliances,10499,,,,
2023-10-25,7,0,P024,2,2799,5598,0,0.0,5598.0,559.8,2088,2023,4,October,Wednesday,10.0,Arjun Joshi,Kanpur       , Uttar Pradesh ,208001,7Arjun@gmail.com,988368456,Puma Backpack,Bags,2799,,,,
2021-08-31,7,0,P003,2,89999,179998,0,0.0,179998.0,17999.8,3076,2021,3,August,Tuesday,10.0,Arjun Joshi,Kanpur       , Uttar Pradesh ,208001,7Arjun@gmail.com,988368456,"Sony Bravia 55"" TV",Electronics,89999,,,,
2023-07-24,7,0,P026,2,5499,10998,0,0.0,10998.0,1099.8,753,2023,3,July,Monday,10.0,Arjun Joshi,Kanpur       , Uttar Pradesh ,208001,7Arjun@gmail.com,988368456,Wildcraft Hiking Bag,Bags,5499,,,,
2023-03-16,7,0,P019,1,5999,5999,0,0.0,5999.0,599.9,1034,2023,1,March,Thursday,10.0,Arjun Joshi,Kanpur       , Uttar Pradesh ,208001,7Arjun@gmail.com,988368456,Titan Wrist Watch,Accessories,5999,,,,
2021-06-18,7,0,P028,1,349,349,0,0.0,349.0,34.9,1137,2021,2,June,Friday,10.0,Arjun Joshi,Kanpur       , Uttar Pradesh ,208001,7Arjun@gmail.com,988368456,Dove Soap Pack,Personal Care,349,,,,
2021-09-06,7,0,P004,1,64999,64999,0,0.0,64999.0,6499.9,2513,2021,3,September,Monday,10.0,Arjun Joshi,Kanpur       , Uttar Pradesh ,208001,7Arjun@gmail.com,988368456,HP Pavilion Laptop,Electronics,64999,,,,
2021-10-02,7,0,P004,1,64999,64999,0,0.0,64999.0,6499.9,2658,2021,4,October,Saturday,10.0,Arjun Joshi,Kanpur       , Uttar Pradesh ,208001,7Arjun@gmail.com,988368456,HP Pavilion Laptop,Electronics,64999,,,,
2020-10-24,7,0,P017,1,10499,10499,0,0.0,10499.0,1049.9,3163,2020,4,October,Saturday,10.0,Arjun Joshi,Kanpur       , Uttar Pradesh ,208001,7Arjun@gmail.com,988368456,IFB Microwave Oven,Home Appliances,10499,,,,
2020-02-04,7,0,P013,1,15999,15999,0,0.0,15999.0,1599.9,3321,2020,1,February,Tuesday,10.0,Arjun Joshi,Kanpur       , Uttar Pradesh ,208001,7Arjun@gmail.com,988368456,Raymond Suit,Clothing,15999,,,,
2022-08-11,7,0,P005,1,92499,92499,0,0.0,92499.0,9249.9,3417,2022,3,August,Thursday,10.0,Arjun Joshi,Kanpur       , Uttar Pradesh ,208001,7Arjun@gmail.com,988368456,Apple MacBook Air,Electronics,92499,,,,
2020-05-22,7,PR001,P009,2,3499,6998,20,1399.6,5598.4,559.84,3026,2020,2,May,Friday,10.0,Arjun Joshi,Kanpur       , Uttar Pradesh ,208001,7Arjun@gmail.com,988368456,Levi's Denim Jeans,Clothing,3499,Summer Sale,Email,SUMMER21,20% off
2021-04-22,7,PR001,P025,2,8999,17998,20,3599.6,14398.4,1439.84,3211,2021,2,April,Thursday,10.0,Arjun Joshi,Kanpur       , Uttar Pradesh ,208001,7Arjun@gmail.com,988368456,American Tourister Suitcase,Bags,8999,Summer Sale,Email,SUMMER21,20% off
2023-05-01,7,PR001,P010,3,2199,6597,20,1319.4,5277.6,527.76,203,2023,2,May,Monday,10.0,Arjun Joshi,Kanpur       , Uttar Pradesh ,208001,7Arjun@gmail.com,988368456,Zara Casual Shirt,Clothing,2199,Summer Sale,Email,SUMMER21,20% off
2022-05-19,7,PR001,P022,3,1999,5997,20,1199.4,4797.6,479.76,824,2022,2,May,Thursday,10.0,Arjun Joshi,Kanpur       , Uttar Pradesh ,208001,7Arjun@gmail.com,988368456,Borosil Glass Set,Kitchenware,1999,Summer Sale,Email,SUMMER21,20% off
2023-04-20,7,PR001,P003,3,89999,269997,20,53999.4,215997.6,21599.76,1080,2023,2,April,Thursday,10.0,Arjun Joshi,Kanpur       , Uttar Pradesh ,208001,7Arjun@gmail.com,988368456,"Sony Bravia 55"" TV",Electronics,89999,Summer Sale,Email,SUMMER21,20% off
2020-12-30,7,0,P023,3,1499,4497,0,0.0,4497.0,449.7,3383,2020,4,December,Wednesday,10.0,Arjun Joshi,Kanpur       , Uttar Pradesh ,208001,7Arjun@gmail.com,988368456,Milton Thermos Flask,Kitchenware,1499,,,,
2021-05-25,7,PR001,P010,3,2199,6597,20,1319.4,5277.6,527.76,1159,2021,2,May,Tuesday,10.0,Arjun Joshi,Kanpur       , Uttar Pradesh ,208001,7Arjun@gmail.com,988368456,Zara Casual Shirt,Clothing,2199,Summer Sale,Email,SUMMER21,20% off
2023-04-27,7,PR001,P013,3,15999,47997,20,9599.4,38397.6,3839.76,1401,2023,2,April,Thursday,10.0,Arjun Joshi,Kanpur       , Uttar Pradesh ,208001,7Arjun@gmail.com,988368456,Raymond Suit,Clothing,15999,Summer Sale,Email,SUMMER21,20% off
2023-05-16,7,PR001,P008,3,5499,16497,20,3299.4,13197.6,1319.76,1461,2023,2,May,Tuesday,10.0,Arjun Joshi,Kanpur       , Uttar Pradesh ,208001,7Arjun@gmail.com,988368456,Puma Sports Shoes,Footwear,5499,Summer Sale,Email,SUMMER21,20% off
2021-06-15,7,0,P019,3,5999,17997,0,0.0,17997.0,1799.7,3227,2021,2,June,Tuesday,10.0,Arjun Joshi,Kanpur       , Uttar Pradesh ,208001,7Arjun@gmail.com,988368456,Titan Wrist Watch,Accessories,5999,,,,
2020-05-19,7,PR001,P017,3,10499,31497,20,6299.4,25197.6,2519.76,2697,2020,2,May,Tuesday,10.000000000000002,Arjun Joshi,Kanpur       , Uttar Pradesh ,208001,7Arjun@gmail.com,988368456,IFB Microwave Oven,Home Appliances,10499,Summer Sale,Email,SUMMER21,20% off
2021-05-21,7,PR001,P008,1,5499,5499,20,1099.8,4399.2,439.92,380,2021,2,May,Friday,10.0,Arjun Joshi,Kanpur       , Uttar Pradesh ,208001,7Arjun@gmail.com,988368456,Puma Sports Shoes,Footwear,5499,Summer Sale,Email,SUMMER21,20% off
2021-05-24,7,PR001,P023,1,1499,1499,20,299.8,1199.2,119.92,842,2021,2,May,Monday,10.0,Arjun Joshi,Kanpur       , Uttar Pradesh ,208001,7Arjun@gmail.com,988368456,Milton Thermos Flask,Kitchenware,1499,Summer Sale,Email,SUMMER21,20% off
2022-04-21,7,PR001,P022,1,1999,1999,20,399.8,1599.2,159.92,1402,2022,2,April,Thursday,10.0,Arjun Joshi,Kanpur       , Uttar Pradesh ,208001,7Arjun@gmail.com,988368456,Borosil Glass Set,Kitchenware,1999,Summer Sale,Email,SUMMER21,20% off
2020-04-08,7,PR001,P029,1,99,99,20,19.8,79.2,7.92,2651,2020,2,April,Wednesday,10.0,Arjun Joshi,Kanpur       , Uttar Pradesh ,208001,7Arjun@gmail.com,988368456,Colgate Toothpaste,Personal Care,99,Summer Sale,Email,SUMMER21,20% off
2023-07-01,7,PR004,P013,3,15999,47997,50,23998.5,23998.5,2399.85,62,2023,3,July,Saturday,10.0,Arjun Joshi,Kanpur       , Uttar Pradesh ,208001,7Arjun@gmail.com,988368456,Raymond Suit,Clothing,15999,Weekend Flash Sale,Mobile Push,FLASH50,50% off
2022-07-10,7,PR004,P002,2,69999,139998,50,69999.0,69999.0,6999.9,1260,2022,3,July,Sunday,10.0,Arjun Joshi,Kanpur       , Uttar Pradesh ,208001,7Arjun@gmail.com,988368456,Samsung Galaxy S21,Electronics,69999,Weekend Flash Sale,Mobile Push,FLASH50,50% off
2023-12-27,7,PR005,P028,1,349,349,70,244.3,104.7,10.47,399,2023,4,December,Wednesday,10.0,Arjun Joshi,Kanpur       , Uttar Pradesh ,208001,7Arjun@gmail.com,988368456,Dove Soap Pack,Personal Care,349,Clearance Sale,In-App,CLEARANCE23,70% off
2023-12-27,7,PR005,P030,1,399,399,70,279.3,119.7,11.97,468,2023,4,December,Wednesday,10.0,Arjun Joshi,Kanpur       , Uttar Pradesh ,208001,7Arjun@gmail.com,988368456,Nivea Body Lotion,Personal Care,399,Clearance Sale,In-App,CLEARANCE23,70% off
2023-12-24,7,PR005,P013,1,15999,15999,70,11199.3,4799.7,479.97,979,2023,4,December,Sunday,10.0,Arjun Joshi,Kanpur       , Uttar Pradesh ,208001,7Arjun@gmail.com,988368456,Raymond Suit,Clothing,15999,Clearance Sale,In-App,CLEARANCE23,70% off
2020-09-30,7,0,P011,3,1499,4497,0,0.0,4497.0,449.7,3464,2020,3,September,Wednesday,10.0,Arjun Joshi,Kanpur       , Uttar Pradesh ,208001,7Arjun@gmail.com,988368456,H&M T-Shirt,Clothing,1499,,,,
2020-11-12,7,0,P026,3,5499,16497,0,0.0,16497.0,1649.7,455,2020,4,November,Thursday,10.0,Arjun Joshi,Kanpur       , Uttar Pradesh ,208001,7Arjun@gmail.com,988368456,Wildcraft Hiking Bag,Bags,5499,,,,
2022-10-13,7,0,P008,3,5499,16497,0,0.0,16497.0,1649.7,1674,2022,4,October,Thursday,10.0,Arjun Joshi,Kanpur       , Uttar Pradesh ,208001,7Arjun@gmail.com,988368456,Puma Sports Shoes,Footwear,5499,,,,
2021-01-06,7,0,P026,3,5499,16497,0,0.0,16497.0,1649.7,2153,2021,1,January,Wednesday,10.0,Arjun Joshi,Kanpur       , Uttar Pradesh ,208001,7Arjun@gmail.com,988368456,Wildcraft Hiking Bag,Bags,5499,,,,
2022-09-14,7,0,P026,3,5499,16497,0,0.0,16497.0,1649.7,2263,2022,3,September,Wednesday,10.0,Arjun Joshi,Kanpur       , Uttar Pradesh ,208001,7Arjun@gmail.com,988368456,Wildcraft Hiking Bag,Bags,5499,,,,
2023-02-26,7,0,P026,3,5499,16497,0,0.0,16497.0,1649.7,2387,2023,1,February,Sunday,10.0,Arjun Joshi,Kanpur       , Uttar Pradesh ,208001,7Arjun@gmail.com,988368456,Wildcraft Hiking Bag,Bags,5499,,,,
2023-03-20,7,0,P006,3,7499,22497,0,0.0,22497.0,2249.7,221,2023,1,March,Monday,10.0,Arjun Joshi,Kanpur       , Uttar Pradesh ,208001,7Arjun@gmail.com,988368456,Nike Running Shoes,Footwear,7499,,,,
2021-12-04,7,0,P019,3,5999,17997,0,0.0,17997.0,1799.7,308,2021,4,December,Saturday,10.0,Arjun Joshi,Kanpur       , Uttar Pradesh ,208001,7Arjun@gmail.com,988368456,Titan Wrist Watch,Accessories,5999,,,,
2022-02-21,7,0,P005,3,92499,277497,0,0.0,277497.0,27749.7,485,2022,1,February,Monday,10.0,Arjun Joshi,Kanpur       , Uttar Pradesh ,208001,7Arjun@gmail.com,988368456,Apple MacBook Air,Electronics,92499,,,,
2020-02-28,7,0,P006,3,7499,22497,0,0.0,22497.0,2249.7,777,2020,1,February,Friday,10.0,Arjun Joshi,Kanpur       , Uttar Pradesh ,208001,7Arjun@gmail.com,988368456,Nike Running Shoes,Footwear,7499,,,,
2020-11-16,7,0,P017,3,10499,31497,0,0.0,31497.0,3149.7,1142,2020,4,November,Monday,10.0,Arjun Joshi,Kanpur       , Uttar Pradesh ,208001,7Arjun@gmail.com,988368456,IFB Microwave Oven,Home Appliances,10499,,,,
2020-08-31,7,0,P027,3,699,2097,0,0.0,2097.0,209.7,1291,2020,3,August,Monday,10.0,Arjun Joshi,Kanpur       , Uttar Pradesh ,208001,7Arjun@gmail.com,988368456,L'Oreal Shampoo,Personal Care,699,,,,
2023-06-26,7,0,P009,3,3499,10497,0,0.0,10497.0,1049.7,1368,2023,2,June,Monday,10.0,Arjun Joshi,Kanpur       , Uttar Pradesh ,208001,7Arjun@gmail.com,988368456,Levi's Denim Jeans,Clothing,3499,,,,
2021-02-18,7,0,P006,3,7499,22497,0,0.0,22497.0,2249.7,1669,2021,1,February,Thursday,10.0,Arjun Joshi,Kanpur       , Uttar Pradesh ,208001,7Arjun@gmail.com,988368456,Nike Running Shoes,Footwear,7499,,,,
2020-09-29,7,0,P027,3,699,2097,0,0.0,2097.0,209.7,1972,2020,3,September,Tuesday,10.0,Arjun Joshi,Kanpur       , Uttar Pradesh ,208001,7Arjun@gmail.com,988368456,L'Oreal Shampoo,Personal Care,699,,,,
2022-10-07,7,0,P016,3,24999,74997,0,0.0,74997.0,7499.7,2195,2022,4,October,Friday,10.0,Arjun Joshi,Kanpur       , Uttar Pradesh ,208001,7Arjun@gmail.com,988368456,LG Washing Machine,Home Appliances,24999,,,,
2020-12-26,7,0,P028,3,349,1047,0,0.0,1047.0,104.7,2348,2020,4,December,Saturday,10.0,Arjun Joshi,Kanpur       , Uttar Pradesh ,208001,7Arjun@gmail.com,988368456,Dove Soap Pack,Personal Care,349,,,,
2020-08-06,7,0,P015,3,8499,25497,0,0.0,25497.0,2549.7,2649,2020,3,August,Thursday,10.0,Arjun Joshi,Kanpur       , Uttar Pradesh ,208001,7Arjun@gmail.com,988368456,Philips Air Fryer,Home Appliances,8499,,,,
2022-01-13,7,0,P024,3,2799,8397,0,0.0,8397.0,839.7,2685,2022,1,January,Thursday,10.0,Arjun Joshi,Kanpur       , Uttar Pradesh ,208001,7Arjun@gmail.com,988368456,Puma Backpack,Bags,2799,,,,
2023-11-06,8,0,P014,1,4999,4999,0,0.0,4999.0,499.9,3385,2023,4,November,Monday,10.0,Aryan Gupta,Mumbai       , Maharashtra   ,400001,8Aryan@gmail.com,953821775,Bajaj Mixer Grinder,Home Appliances,4999,,,,
2023-05-23,8,PR001,P004,2,64999,129998,20,25999.6,103998.4,10399.84,237,2023,2,May,Tuesday,10.0,Aryan Gupta,Mumbai       , Maharashtra   ,400001,8Aryan@gmail.com,953821775,HP Pavilion Laptop,Electronics,64999,Summer Sale,Email,SUMMER21,20% off
2022-05-17,8,PR001,P021,2,1299,2598,20,519.6,2078.4,207.84,562,2022,2,May,Tuesday,10.0,Aryan Gupta,Mumbai       , Maharashtra   ,400001,8Aryan@gmail.com,953821775,Tupperware Lunch Box,Kitchenware,1299,Summer Sale,Email,SUMMER21,20% off
2023-05-29,8,PR001,P016,2,24999,49998,20,9999.6,39998.4,3999.84,866,2023,2,May,Monday,10.0,Aryan Gupta,Mumbai       , Maharashtra   ,400001,8Aryan@gmail.com,953821775,LG Washing Machine,Home Appliances,24999,Summer Sale,Email,SUMMER21,20% off
2022-05-20,8,PR001,P013,2,15999,31998,20,6399.6,25598.4,2559.84,885,2022,2,May,Friday,10.0,Aryan Gupta,Mumbai       , Maharashtra   ,400001,8Aryan@gmail.com,953821775,Raymond Suit,Clothing,15999,Summer Sale,Email,SUMMER21,20% off
2022-04-17,8,PR001,P011,2,1499,2998,20,599.6,2398.4,239.84,1396,2022,2,April,Sunday,10.0,Aryan Gupta,Mumbai       , Maharashtra   ,400001,8Aryan@gmail.com,953821775,H&M T-Shirt,Clothing,1499,Summer Sale,Email,SUMMER21,20% off
2023-04-11,8,PR001,P017,2,10499,20998,20,4199.6,16798.4,1679.84,3019,2023,2,April,Tuesday,10.0,Aryan Gupta,Mumbai       , Maharashtra   ,400001,8Aryan@gmail.com,953821775,IFB Microwave Oven,Home Appliances,10499,Summer Sale,Email,SUMMER21,20% off
2023-04-28,8,PR001,P028,2,349,698,20,139.6,558.4,55.84,3219,2023,2,April,Friday,10.0,Aryan Gupta,Mumbai       , Maharashtra   ,400001,8Aryan@gmail.com,953821775,Dove Soap Pack,Personal Care,349,Summer Sale,Email,SUMMER21,20% off
2022-04-30,8,PR001,P013,2,15999,31998,20,6399.6,25598.4,2559.84,3380,2022,2,April,Saturday,10.0,Aryan Gupta,Mumbai       , Maharashtra   ,400001,8Aryan@gmail.com,953821775,Raymond Suit,Clothing,15999,Summer Sale,Email,SUMMER21,20% off
2021-04-07,8,PR001,P021,3,1299,3897,20,779.4,3117.6,311.76,1519,2021,2,April,Wednesday,10.0,Aryan Gupta,Mumbai       , Maharashtra   ,400001,8Aryan@gmail.com,953821775,Tupperware Lunch Box,Kitchenware,1299,Summer Sale,Email,SUMMER21,20% off
2020-04-13,8,PR001,P028,3,349,1047,20,209.4,837.6,83.76,1778,2020,2,April,Monday,10.0,Aryan Gupta,Mumbai       , Maharashtra   ,400001,8Aryan@gmail.com,953821775,Dove Soap Pack,Personal Care,349,Summer Sale,Email,SUMMER21,20% off
2023-05-17,8,PR001,P027,3,699,2097,20,419.4,1677.6,167.76,2060,2023,2,May,Wednesday,10.0,Aryan Gupta,Mumbai       , Maharashtra   ,400001,8Aryan@gmail.com,953821775,L'Oreal Shampoo,Personal Care,699,Summer Sale,Email,SUMMER21,20% off
2022-05-29,8,PR001,P012,1,2999,2999,20,599.8,2399.2,239.92,172,2022,2,May,Sunday,10.0,Aryan Gupta,Mumbai       , Maharashtra   ,400001,8Aryan@gmail.com,953821775,FabIndia Kurta,Clothing,2999,Summer Sale,Email,SUMMER21,20% off
2021-05-17,8,PR001,P021,1,1299,1299,20,259.8,1039.2,103.92,377,2021,2,May,Monday,10.0,Aryan Gupta,Mumbai       , Maharashtra   ,400001,8Aryan@gmail.com,953821775,Tupperware Lunch Box,Kitchenware,1299,Summer Sale,Email,SUMMER21,20% off
2023-04-17,8,PR001,P020,1,12999,12999,20,2599.8,10399.2,1039.92,781,2023,2,April,Monday,10.0,Aryan Gupta,Mumbai       , Maharashtra   ,400001,8Aryan@gmail.com,953821775,Fossil Smartwatch,Accessories,12999,Summer Sale,Email,SUMMER21,20% off
2023-07-15,8,PR004,P002,2,69999,139998,50,69999.0,69999.0,6999.9,1695,2023,3,July,Saturday,10.0,Aryan Gupta,Mumbai       , Maharashtra   ,400001,8Aryan@gmail.com,953821775,Samsung Galaxy S21,Electronics,69999,Weekend Flash Sale,Mobile Push,FLASH50,50% off
2023-07-22,8,PR004,P021,1,1299,1299,50,649.5,649.5,64.95,2083,2023,3,July,Saturday,10.0,Aryan Gupta,Mumbai       , Maharashtra   ,400001,8Aryan@gmail.com,953821775,Tupperware Lunch Box,Kitchenware,1299,Weekend Flash Sale,Mobile Push,FLASH50,50% off
2023-12-23,8,PR005,P003,2,89999,179998,70,125998.6,53999.4,5399.94,1148,2023,4,December,Saturday,10.0,Aryan Gupta,Mumbai       , Maharashtra   ,400001,8Aryan@gmail.com,953821775,"Sony Bravia 55"" TV",Electronics,89999,Clearance Sale,In-App,CLEARANCE23,70% off
2023-12-16,8,PR005,P028,3,349,1047,70,732.9,314.1,31.41,2127,2023,4,December,Saturday,10.0,Aryan Gupta,Mumbai       , Maharashtra   ,400001,8Aryan@gmail.com,953821775,Dove Soap Pack,Personal Care,349,Clearance Sale,In-App,CLEARANCE23,70% off
2021-11-06,8,0,P014,1,4999,4999,0,0.0,4999.0,499.9,976,2021,4,November,Saturday,10.0,Aryan Gupta,Mumbai       , Maharashtra   ,400001,8Aryan@gmail.com,953821775,Bajaj Mixer Grinder,Home Appliances,4999,,,,
2020-02-29,8,0,P008,3,5499,16497,0,0.0,16497.0,1649.7,823,2020,1,February,Saturday,10.0,Aryan Gupta,Mumbai       , Maharashtra   ,400001,8Aryan@gmail.com,953821775,Puma Sports Shoes,Footwear,5499,,,,
2020-02-15,8,0,P026,3,5499,16497,0,0.0,16497.0,1649.7,1636,2020,1,February,Saturday,10.0,Aryan Gupta,Mumbai       , Maharashtra   ,400001,8Aryan@gmail.com,953821775,Wildcraft Hiking Bag,Bags,5499,,,,
2022-01-21,8,0,P026,3,5499,16497,0,0.0,16497.0,1649.7,2924,2022,1,January,Friday,10.0,Aryan Gupta,Mumbai       , Maharashtra   ,400001,8Aryan@gmail.com,953821775,Wildcraft Hiking Bag,Bags,5499,,,,
2023-09-14,8,0,P008,3,5499,16497,0,0.0,16497.0,1649.7,3151,2023,3,September,Thursday,10.0,Aryan Gupta,Mumbai       , Maharashtra   ,400001,8Aryan@gmail.com,953821775,Puma Sports Shoes,Footwear,5499,,,,
2021-03-01,8,0,P018,3,2299,6897,0,0.0,6897.0,689.7,98,2021,1,March,Monday,10.0,Aryan Gupta,Mumbai       , Maharashtra   ,400001,8Aryan@gmail.com,953821775,Prestige Pressure Cooker,Home Appliances,2299,,,,
2023-09-11,8,0,P001,3,79999,239997,0,0.0,239997.0,23999.7,343,2023,3,September,Monday,10.0,Aryan Gupta,Mumbai       , Maharashtra   ,400001,8Aryan@gmail.com,953821775,Apple iPhone 14,Electronics,79999,,,,
2021-01-02,8,0,P015,3,8499,25497,0,0.0,25497.0,2549.7,569,2021,1,January,Saturday,10.0,Aryan Gupta,Mumbai       , Maharashtra   ,400001,8Aryan@gmail.com,953821775,Philips Air Fryer,Home Appliances,8499,,,,
2023-03-15,8,0,P020,3,12999,38997,0,0.0,38997.0,3899.7,1058,2023,1,March,Wednesday,10.0,Aryan Gupta,Mumbai       , Maharashtra   ,400001,8Aryan@gmail.com,953821775,Fossil Smartwatch,Accessories,12999,,,,
2021-11-29,8,0,P021,3,1299,3897,0,0.0,3897.0,389.7,1203,2021,4,November,Monday,10.0,Aryan Gupta,Mumbai       , Maharashtra   ,400001,8Aryan@gmail.com,953821775,Tupperware Lunch Box,Kitchenware,1299,,,,
2021-03-07,8,0,P007,3,6999,20997,0,0.0,20997.0,2099.7,1665,2021,1,March,Sunday,10.0,Aryan Gupta,Mumbai       , Maharashtra   ,400001,8Aryan@gmail.com,953821775,Adidas Sneakers,Footwear,6999,,,,
2021-11-21,8,0,P019,3,5999,17997,0,0.0,17997.0,1799.7,1824,2021,4,November,Sunday,10.0,Aryan Gupta,Mumbai       , Maharashtra   ,400001,8Aryan@gmail.com,953821775,Titan Wrist Watch,Accessories,5999,,,,
2021-01-15,8,0,P030,3,399,1197,0,0.0,1197.0,119.7,1944,2021,1,January,Friday,10.0,Aryan Gupta,Mumbai       , Maharashtra   ,400001,8Aryan@gmail.com,953821775,Nivea Body Lotion,Personal Care,399,,,,
2022-03-10,8,0,P006,3,7499,22497,0,0.0,22497.0,2249.7,2068,2022,1,March,Thursday,10.0,Aryan Gupta,Mumbai       , Maharashtra   ,400001,8Aryan@gmail.com,953821775,Nike Running Shoes,Footwear,7499,,,,
2023-07-31,8,0,P030,3,399,1197,0,0.0,1197.0,119.7,2369,2023,3,July,Monday,10.0,Aryan Gupta,Mumbai       , Maharashtra   ,400001,8Aryan@gmail.com,953821775,Nivea Body Lotion,Personal Care,399,,,,
2020-10-30,8,0,P002,3,69999,209997,0,0.0,209997.0,20999.7,2705,2020,4,October,Friday,10.0,Aryan Gupta,Mumbai       , Maharashtra   ,400001,8Aryan@gmail.com,953821775,Samsung Galaxy S21,Electronics,69999,,,,
2022-01-02,8,0,P021,3,1299,3897,0,0.0,3897.0,389.7,2812,2022,1,January,Sunday,10.0,Aryan Gupta,Mumbai       , Maharashtra   ,400001,8Aryan@gmail.com,953821775,Tupperware Lunch Box,Kitchenware,1299,,,,
2020-10-02,8,0,P015,3,8499,25497,0,0.0,25497.0,2549.7,2863,2020,4,October,Friday,10.0,Aryan Gupta,Mumbai       , Maharashtra   ,400001,8Aryan@gmail.com,953821775,Philips Air Fryer,Home Appliances,8499,,,,
2021-01-12,8,0,P017,3,10499,31497,0,0.0,31497.0,3149.7,3085,2021,1,January,Tuesday,10.0,Aryan Gupta,Mumbai       , Maharashtra   ,400001,8Aryan@gmail.com,953821775,IFB Microwave Oven,Home Appliances,10499,,,,
2021-06-11,8,0,P025,3,8999,26997,0,0.0,26997.0,2699.7,3169,2021,2,June,Friday,10.0,Aryan Gupta,Mumbai       , Maharashtra   ,400001,8Aryan@gmail.com,953821775,American Tourister Suitcase,Bags,8999,,,,
2020-07-20,8,0,P010,3,2199,6597,0,0.0,6597.0,659.7,3183,2020,3,July,Monday,10.0,Aryan Gupta,Mumbai       , Maharashtra   ,400001,8Aryan@gmail.com,953821775,Zara Casual Shirt,Clothing,2199,,,,
2020-11-28,8,0,P019,2,5999,11998,0,0.0,11998.0,1199.8,236,2020,4,November,Saturday,10.0,Aryan Gupta,Mumbai       , Maharashtra   ,400001,8Aryan@gmail.com,953821775,Titan Wrist Watch,Accessories,5999,,,,
2023-06-27,8,0,P020,2,12999,25998,0,0.0,25998.0,2599.8,391,2023,2,June,Tuesday,10.0,Aryan Gupta,Mumbai       , Maharashtra   ,400001,8Aryan@gmail.com,953821775,Fossil Smartwatch,Accessories,12999,,,,
2022-11-29,8,0,P012,2,2999,5998,0,0.0,5998.0,599.8,404,2022,4,November,Tuesday,10.0,Aryan Gupta,Mumbai       , Maharashtra   ,400001,8Aryan@gmail.com,953821775,FabIndia Kurta,Clothing,2999,,,,
2020-01-31,8,0,P005,2,92499,184998,0,0.0,184998.0,18499.8,500,2020,1,January,Friday,10.0,Aryan Gupta,Mumbai       , Maharashtra   ,400001,8Aryan@gmail.com,953821775,Apple MacBook Air,Electronics,92499,,,,
2023-11-24,8,0,P029,2,99,198,0,0.0,198.0,19.8,660,2023,4,November,Friday,10.0,Aryan Gupta,Mumbai       , Maharashtra   ,400001,8Aryan@gmail.com,953821775,Colgate Toothpaste,Personal Care,99,,,,
2023-06-08,8,0,P030,2,399,798,0,0.0,798.0,79.8,684,2023,2,June,Thursday,10.0,Aryan Gupta,Mumbai       , Maharashtra   ,400001,8Aryan@gmail.com,953821775,Nivea Body Lotion,Personal Care,399,,,,
2020-06-28,8,0,P004,2,64999,129998,0,0.0,129998.0,12999.8,730,2020,2,June,Sunday,10.0,Aryan Gupta,Mumbai       , Maharashtra   ,400001,8Aryan@gmail.com,953821775,HP Pavilion Laptop,Electronics,64999,,,,
2020-02-29,8,0,P021,2,1299,2598,0,0.0,2598.0,259.8,767,2020,1,February,Saturday,10.0,Aryan Gupta,Mumbai       , Maharashtra   ,400001,8Aryan@gmail.com,953821775,Tupperware Lunch Box,Kitchenware,1299,,,,
2020-09-14,8,0,P017,2,10499,20998,0,0.0,20998.0,2099.8,961,2020,3,September,Monday,10.0,Aryan Gupta,Mumbai       , Maharashtra   ,400001,8Aryan@gmail.com,953821775,IFB Microwave Oven,Home Appliances,10499,,,,
2022-07-27,8,0,P027,2,699,1398,0,0.0,1398.0,139.8,1098,2022,3,July,Wednesday,10.0,Aryan Gupta,Mumbai       , Maharashtra   ,400001,8Aryan@gmail.com,953821775,L'Oreal Shampoo,Personal Care,699,,,,
2023-03-09,8,0,P010,2,2199,4398,0,0.0,4398.0,439.8,1213,2023,1,March,Thursday,10.0,Aryan Gupta,Mumbai       , Maharashtra   ,400001,8Aryan@gmail.com,953821775,Zara Casual Shirt,Clothing,2199,,,,
2021-06-20,8,0,P027,2,699,1398,0,0.0,1398.0,139.8,1556,2021,2,June,Sunday,10.0,Aryan Gupta,Mumbai       , Maharashtra   ,400001,8Aryan@gmail.com,953821775,L'Oreal Shampoo,Personal Care,699,,,,
2022-03-20,8,0,P017,2,10499,20998,0,0.0,20998.0,2099.8,1676,2022,1,March,Sunday,10.0,Aryan Gupta,Mumbai       , Maharashtra   ,400001,8Aryan@gmail.com,953821775,IFB Microwave Oven,Home Appliances,10499,,,,
2020-08-24,8,0,P007,2,6999,13998,0,0.0,13998.0,1399.8,1734,2020,3,August,Monday,10.0,Aryan Gupta,Mumbai       , Maharashtra   ,400001,8Aryan@gmail.com,953821775,Adidas Sneakers,Footwear,6999,,,,
2021-02-21,8,0,P028,2,349,698,0,0.0,698.0,69.8,1989,2021,1,February,Sunday,10.0,Aryan Gupta,Mumbai       , Maharashtra   ,400001,8Aryan@gmail.com,953821775,Dove Soap Pack,Personal Care,349,,,,
2021-08-22,8,0,P024,2,2799,5598,0,0.0,5598.0,559.8,2456,2021,3,August,Sunday,10.0,Aryan Gupta,Mumbai       , Maharashtra   ,400001,8Aryan@gmail.com,953821775,Puma Backpack,Bags,2799,,,,
2023-08-23,8,0,P024,2,2799,5598,0,0.0,5598.0,559.8,2758,2023,3,August,Wednesday,10.0,Aryan Gupta,Mumbai       , Maharashtra   ,400001,8Aryan@gmail.com,953821775,Puma Backpack,Bags,2799,,,,
2020-02-01,8,0,P021,2,1299,2598,0,0.0,2598.0,259.8,2992,2020,1,February,Saturday,10.0,Aryan Gupta,Mumbai       , Maharashtra   ,400001,8Aryan@gmail.com,953821775,Tupperware Lunch Box,Kitchenware,1299,,,,
2022-06-14,8,0,P014,2,4999,9998,0,0.0,9998.0,999.8,3067,2022,2,June,Tuesday,10.0,Aryan Gupta,Mumbai       , Maharashtra   ,400001,8Aryan@gmail.com,953821775,Bajaj Mixer Grinder,Home Appliances,4999,,,,
2020-08-14,8,0,P030,2,399,798,0,0.0,798.0,79.8,3423,2020,3,August,Friday,10.0,Aryan Gupta,Mumbai       , Maharashtra   ,400001,8Aryan@gmail.com,953821775,Nivea Body Lotion,Personal Care,399,,,,
2022-01-06,8,0,P026,2,5499,10998,0,0.0,10998.0,1099.8,3000,2022,1,January,Thursday,10.0,Aryan Gupta,Mumbai       , Maharashtra   ,400001,8Aryan@gmail.com,953821775,Wildcraft Hiking Bag,Bags,5499,,,,
2020-11-12,8,0,P029,1,99,99,0,0.0,99.0,9.9,23,2020,4,November,Thursday,10.0,Aryan Gupta,Mumbai       , Maharashtra   ,400001,8Aryan@gmail.com,953821775,Colgate Toothpaste,Personal Care,99,,,,
2021-10-19,8,0,P027,1,699,699,0,0.0,699.0,69.9,92,2021,4,October,Tuesday,10.0,Aryan Gupta,Mumbai       , Maharashtra   ,400001,8Aryan@gmail.com,953821775,L'Oreal Shampoo,Personal Care,699,,,,
2021-10-26,8,0,P010,1,2199,2199,0,0.0,2199.0,219.9,323,2021,4,October,Tuesday,10.0,Aryan Gupta,Mumbai       , Maharashtra   ,400001,8Aryan@gmail.com,953821775,Zara Casual Shirt,Clothing,2199,,,,
2021-06-04,8,0,P018,1,2299,2299,0,0.0,2299.0,229.9,566,2021,2,June,Friday,10.0,Aryan Gupta,Mumbai       , Maharashtra   ,400001,8Aryan@gmail.com,953821775,Prestige Pressure Cooker,Home Appliances,2299,,,,
2021-02-22,8,0,P007,1,6999,6999,0,0.0,6999.0,699.9,1108,2021,1,February,Monday,10.0,Aryan Gupta,Mumbai       , Maharashtra   ,400001,8Aryan@gmail.com,953821775,Adidas Sneakers,Footwear,6999,,,,
2021-02-14,8,0,P027,1,699,699,0,0.0,699.0,69.9,1166,2021,1,February,Sunday,10.0,Aryan Gupta,Mumbai       , Maharashtra   ,400001,8Aryan@gmail.com,953821775,L'Oreal Shampoo,Personal Care,699,,,,
2020-06-22,8,0,P019,1,5999,5999,0,0.0,5999.0,599.9,1212,2020,2,June,Monday,10.0,Aryan Gupta,Mumbai       , Maharashtra   ,400001,8Aryan@gmail.com,953821775,Titan Wrist Watch,Accessories,5999,,,,
2022-10-15,8,0,P019,1,5999,5999,0,0.0,5999.0,599.9,1335,2022,4,October,Saturday,10.0,Aryan Gupta,Mumbai       , Maharashtra   ,400001,8Aryan@gmail.com,953821775,Titan Wrist Watch,Accessories,5999,,,,
2020-08-07,8,0,P010,1,2199,2199,0,0.0,2199.0,219.9,1562,2020,3,August,Friday,10.0,Aryan Gupta,Mumbai       , Maharashtra   ,400001,8Aryan@gmail.com,953821775,Zara Casual Shirt,Clothing,2199,,,,
2022-08-21,8,0,P008,1,5499,5499,0,0.0,5499.0,549.9,1819,2022,3,August,Sunday,10.0,Aryan Gupta,Mumbai       , Maharashtra   ,400001,8Aryan@gmail.com,953821775,Puma Sports Shoes,Footwear,5499,,,,
2022-10-09,8,0,P006,1,7499,7499,0,0.0,7499.0,749.9,1889,2022,4,October,Sunday,10.0,Aryan Gupta,Mumbai       , Maharashtra   ,400001,8Aryan@gmail.com,953821775,Nike Running Shoes,Footwear,7499,,,,
2020-12-01,8,0,P006,1,7499,7499,0,0.0,7499.0,749.9,2056,2020,4,December,Tuesday,10.0,Aryan Gupta,Mumbai       , Maharashtra   ,400001,8Aryan@gmail.com,953821775,Nike Running Shoes,Footwear,7499,,,,
2020-12-08,8,0,P011,1,1499,1499,0,0.0,1499.0,149.9,2283,2020,4,December,Tuesday,10.0,Aryan Gupta,Mumbai       , Maharashtra   ,400001,8Aryan@gmail.com,953821775,H&M T-Shirt,Clothing,1499,,,,
2023-03-13,8,0,P003,1,89999,89999,0,0.0,89999.0,8999.9,2294,2023,1,March,Monday,10.0,Aryan Gupta,Mumbai       , Maharashtra   ,400001,8Aryan@gmail.com,953821775,"Sony Bravia 55"" TV",Electronics,89999,,,,
2023-06-30,8,0,P009,1,3499,3499,0,0.0,3499.0,349.9,2688,2023,2,June,Friday,10.0,Aryan Gupta,Mumbai       , Maharashtra   ,400001,8Aryan@gmail.com,953821775,Levi's Denim Jeans,Clothing,3499,,,,
2023-08-16,8,0,P001,1,79999,79999,0,0.0,79999.0,7999.9,2717,2023,3,August,Wednesday,10.0,Aryan Gupta,Mumbai       , Maharashtra   ,400001,8Aryan@gmail.com,953821775,Apple iPhone 14,Electronics,79999,,,,
2023-07-06,8,0,P030,1,399,399,0,0.0,399.0,39.9,2990,2023,3,July,Thursday,10.0,Aryan Gupta,Mumbai       , Maharashtra   ,400001,8Aryan@gmail.com,953821775,Nivea Body Lotion,Personal Care,399,,,,
2023-11-18,8,0,P028,1,349,349,0,0.0,349.0,34.9,2998,2023,4,November,Saturday,10.0,Aryan Gupta,Mumbai       , Maharashtra   ,400001,8Aryan@gmail.com,953821775,Dove Soap Pack,Personal Care,349,,,,
2021-02-13,9,0,P011,2,1499,2998,0,0.0,2998.0,299.8,3056,2021,1,February,Saturday,10.0,Avni Iyer,Kanpur       , Uttar Pradesh ,208001,9Avni@gmail.com,863732487,H&M T-Shirt,Clothing,1499,,,,
2022-08-09,9,0,P016,3,24999,74997,0,0.0,74997.0,7499.7,184,2022,3,August,Tuesday,10.0,Avni Iyer,Kanpur       , Uttar Pradesh ,208001,9Avni@gmail.com,863732487,LG Washing Machine,Home Appliances,24999,,,,
2023-10-03,9,0,P029,3,99,297,0,0.0,297.0,29.7,226,2023,4,October,Tuesday,10.0,Avni Iyer,Kanpur       , Uttar Pradesh ,208001,9Avni@gmail.com,863732487,Colgate Toothpaste,Personal Care,99,,,,
2022-10-28,9,0,P007,3,6999,20997,0,0.0,20997.0,2099.7,375,2022,4,October,Friday,10.0,Avni Iyer,Kanpur       , Uttar Pradesh ,208001,9Avni@gmail.com,863732487,Adidas Sneakers,Footwear,6999,,,,
2021-11-15,9,0,P006,3,7499,22497,0,0.0,22497.0,2249.7,1362,2021,4,November,Monday,10.0,Avni Iyer,Kanpur       , Uttar Pradesh ,208001,9Avni@gmail.com,863732487,Nike Running Shoes,Footwear,7499,,,,
2020-10-29,9,0,P028,3,349,1047,0,0.0,1047.0,104.7,1442,2020,4,October,Thursday,10.0,Avni Iyer,Kanpur       , Uttar Pradesh ,208001,9Avni@gmail.com,863732487,Dove Soap Pack,Personal Care,349,,,,
2023-06-08,9,0,P024,3,2799,8397,0,0.0,8397.0,839.7,1610,2023,2,June,Thursday,10.0,Avni Iyer,Kanpur       , Uttar Pradesh ,208001,9Avni@gmail.com,863732487,Puma Backpack,Bags,2799,,,,
2023-06-08,9,0,P021,3,1299,3897,0,0.0,3897.0,389.7,1744,2023,2,June,Thursday,10.0,Avni Iyer,Kanpur       , Uttar Pradesh ,208001,9Avni@gmail.com,863732487,Tupperware Lunch Box,Kitchenware,1299,,,,
2020-01-21,9,0,P016,3,24999,74997,0,0.0,74997.0,7499.7,2097,2020,1,January,Tuesday,10.0,Avni Iyer,Kanpur       , Uttar Pradesh ,208001,9Avni@gmail.com,863732487,LG Washing Machine,Home Appliances,24999,,,,
2023-01-16,9,0,P003,3,89999,269997,0,0.0,269997.0,26999.7,2370,2023,1,January,Monday,10.0,Avni Iyer,Kanpur       , Uttar Pradesh ,208001,9Avni@gmail.com,863732487,"Sony Bravia 55"" TV",Electronics,89999,,,,
2021-02-16,9,0,P015,3,8499,25497,0,0.0,25497.0,2549.7,2483,2021,1,February,Tuesday,10.0,Avni Iyer,Kanpur       , Uttar Pradesh ,208001,9Avni@gmail.com,863732487,Philips Air Fryer,Home Appliances,8499,,,,
2021-02-17,9,0,P010,3,2199,6597,0,0.0,6597.0,659.7,2712,2021,1,February,Wednesday,10.0,Avni Iyer,Kanpur       , Uttar Pradesh ,208001,9Avni@gmail.com,863732487,Zara Casual Shirt,Clothing,2199,,,,
2023-06-30,9,0,P020,3,12999,38997,0,0.0,38997.0,3899.7,3430,2023,2,June,Friday,10.0,Avni Iyer,Kanpur       , Uttar Pradesh ,208001,9Avni@gmail.com,863732487,Fossil Smartwatch,Accessories,12999,,,,
2023-02-16,9,0,P023,2,1499,2998,0,0.0,2998.0,299.8,337,2023,1,February,Thursday,10.0,Avni Iyer,Kanpur       , Uttar Pradesh ,208001,9Avni@gmail.com,863732487,Milton Thermos Flask,Kitchenware,1499,,,,
2020-02-09,9,0,P005,2,92499,184998,0,0.0,184998.0,18499.8,541,2020,1,February,Sunday,10.0,Avni Iyer,Kanpur       , Uttar Pradesh ,208001,9Avni@gmail.com,863732487,Apple MacBook Air,Electronics,92499,,,,
2023-09-19,9,0,P024,2,2799,5598,0,0.0,5598.0,559.8,630,2023,3,September,Tuesday,10.0,Avni Iyer,Kanpur       , Uttar Pradesh ,208001,9Avni@gmail.com,863732487,Puma Backpack,Bags,2799,,,,
2020-10-29,9,0,P030,2,399,798,0,0.0,798.0,79.8,683,2020,4,October,Thursday,10.0,Avni Iyer,Kanpur       , Uttar Pradesh ,208001,9Avni@gmail.com,863732487,Nivea Body Lotion,Personal Care,399,,,,
2022-09-24,9,0,P013,2,15999,31998,0,0.0,31998.0,3199.8,806,2022,3,September,Saturday,10.0,Avni Iyer,Kanpur       , Uttar Pradesh ,208001,9Avni@gmail.com,863732487,Raymond Suit,Clothing,15999,,,,
2023-08-15,9,0,P021,2,1299,2598,0,0.0,2598.0,259.8,959,2023,3,August,Tuesday,10.0,Avni Iyer,Kanpur       , Uttar Pradesh ,208001,9Avni@gmail.com,863732487,Tupperware Lunch Box,Kitchenware,1299,,,,
2020-08-20,9,0,P010,2,2199,4398,0,0.0,4398.0,439.8,1064,2020,3,August,Thursday,10.0,Avni Iyer,Kanpur       , Uttar Pradesh ,208001,9Avni@gmail.com,863732487,Zara Casual Shirt,Clothing,2199,,,,
2020-03-01,9,0,P013,2,15999,31998,0,0.0,31998.0,3199.8,1258,2020,1,March,Sunday,10.0,Avni Iyer,Kanpur       , Uttar Pradesh ,208001,9Avni@gmail.com,863732487,Raymond Suit,Clothing,15999,,,,
2021-12-16,9,0,P030,2,399,798,0,0.0,798.0,79.8,1295,2021,4,December,Thursday,10.0,Avni Iyer,Kanpur       , Uttar Pradesh ,208001,9Avni@gmail.com,863732487,Nivea Body Lotion,Personal Care,399,,,,
2022-02-07,9,0,P028,2,349,698,0,0.0,698.0,69.8,1685,2022,1,February,Monday,10.0,Avni Iyer,Kanpur       , Uttar Pradesh ,208001,9Avni@gmail.com,863732487,Dove Soap Pack,Personal Care,349,,,,
2021-06-22,9,0,P023,2,1499,2998,0,0.0,2998.0,299.8,1751,2021,2,June,Tuesday,10.0,Avni Iyer,Kanpur       , Uttar Pradesh ,208001,9Avni@gmail.com,863732487,Milton Thermos Flask,Kitchenware,1499,,,,
2021-01-14,9,0,P028,2,349,698,0,0.0,698.0,69.8,1765,2021,1,January,Thursday,10.0,Avni Iyer,Kanpur       , Uttar Pradesh ,208001,9Avni@gmail.com,863732487,Dove Soap Pack,Personal Care,349,,,,
2022-03-30,9,0,P018,2,2299,4598,0,0.0,4598.0,459.8,1970,2022,1,March,Wednesday,10.0,Avni Iyer,Kanpur       , Uttar Pradesh ,208001,9Avni@gmail.com,863732487,Prestige Pressure Cooker,Home Appliances,2299,,,,
2023-09-09,9,0,P017,2,10499,20998,0,0.0,20998.0,2099.8,1971,2023,3,September,Saturday,10.0,Avni Iyer,Kanpur       , Uttar Pradesh ,208001,9Avni@gmail.com,863732487,IFB Microwave Oven,Home Appliances,10499,,,,
2023-11-04,9,0,P010,2,2199,4398,0,0.0,4398.0,439.8,1973,2023,4,November,Saturday,10.0,Avni Iyer,Kanpur       , Uttar Pradesh ,208001,9Avni@gmail.com,863732487,Zara Casual Shirt,Clothing,2199,,,,
2022-08-10,9,0,P030,2,399,798,0,0.0,798.0,79.8,2073,2022,3,August,Wednesday,10.0,Avni Iyer,Kanpur       , Uttar Pradesh ,208001,9Avni@gmail.com,863732487,Nivea Body Lotion,Personal Care,399,,,,
2020-01-21,9,0,P016,2,24999,49998,0,0.0,49998.0,4999.8,2169,2020,1,January,Tuesday,10.0,Avni Iyer,Kanpur       , Uttar Pradesh ,208001,9Avni@gmail.com,863732487,LG Washing Machine,Home Appliances,24999,,,,
2020-12-19,9,0,P023,2,1499,2998,0,0.0,2998.0,299.8,2204,2020,4,December,Saturday,10.0,Avni Iyer,Kanpur       , Uttar Pradesh ,208001,9Avni@gmail.com,863732487,Milton Thermos Flask,Kitchenware,1499,,,,
2023-01-16,9,0,P009,2,3499,6998,0,0.0,6998.0,699.8,2332,2023,1,January,Monday,10.0,Avni Iyer,Kanpur       , Uttar Pradesh ,208001,9Avni@gmail.com,863732487,Levi's Denim Jeans,Clothing,3499,,,,
2022-01-17,9,0,P013,2,15999,31998,0,0.0,31998.0,3199.8,2796,2022,1,January,Monday,10.0,Avni Iyer,Kanpur       , Uttar Pradesh ,208001,9Avni@gmail.com,863732487,Raymond Suit,Clothing,15999,,,,
2022-03-09,9,0,P027,2,699,1398,0,0.0,1398.0,139.8,2830,2022,1,March,Wednesday,10.0,Avni Iyer,Kanpur       , Uttar Pradesh ,208001,9Avni@gmail.com,863732487,L'Oreal Shampoo,Personal Care,699,,,,
2021-09-24,9,0,P016,2,24999,49998,0,0.0,49998.0,4999.8,2874,2021,3,September,Friday,10.0,Avni Iyer,Kanpur       , Uttar Pradesh ,208001,9Avni@gmail.com,863732487,LG Washing Machine,Home Appliances,24999,,,,
2022-01-04,9,0,P008,3,5499,16497,0,0.0,16497.0,1649.7,2159,2022,1,January,Tuesday,10.0,Avni Iyer,Kanpur       , Uttar Pradesh ,208001,9Avni@gmail.com,863732487,Puma Sports Shoes,Footwear,5499,,,,
2020-01-20,9,0,P026,2,5499,10998,0,0.0,10998.0,1099.8,246,2020,1,January,Monday,10.0,Avni Iyer,Kanpur       , Uttar Pradesh ,208001,9Avni@gmail.com,863732487,Wildcraft Hiking Bag,Bags,5499,,,,
2022-02-23,9,0,P026,2,5499,10998,0,0.0,10998.0,1099.8,1684,2022,1,February,Wednesday,10.0,Avni Iyer,Kanpur       , Uttar Pradesh ,208001,9Avni@gmail.com,863732487,Wildcraft Hiking Bag,Bags,5499,,,,
2022-12-16,9,0,P008,1,5499,5499,0,0.0,5499.0,549.9,138,2022,4,December,Friday,10.0,Avni Iyer,Kanpur       , Uttar Pradesh ,208001,9Avni@gmail.com,863732487,Puma Sports Shoes,Footwear,5499,,,,
2021-07-29,9,0,P027,1,699,699,0,0.0,699.0,69.9,244,2021,3,July,Thursday,10.0,Avni Iyer,Kanpur       , Uttar Pradesh ,208001,9Avni@gmail.com,863732487,L'Oreal Shampoo,Personal Care,699,,,,
2021-03-11,9,0,P022,1,1999,1999,0,0.0,1999.0,199.9,387,2021,1,March,Thursday,10.0,Avni Iyer,Kanpur       , Uttar Pradesh ,208001,9Avni@gmail.com,863732487,Borosil Glass Set,Kitchenware,1999,,,,
2022-01-29,9,0,P010,1,2199,2199,0,0.0,2199.0,219.9,869,2022,1,January,Saturday,10.0,Avni Iyer,Kanpur       , Uttar Pradesh ,208001,9Avni@gmail.com,863732487,Zara Casual Shirt,Clothing,2199,,,,
2021-06-16,9,0,P011,1,1499,1499,0,0.0,1499.0,149.9,1130,2021,2,June,Wednesday,10.0,Avni Iyer,Kanpur       , Uttar Pradesh ,208001,9Avni@gmail.com,863732487,H&M T-Shirt,Clothing,1499,,,,
2023-01-12,9,0,P008,1,5499,5499,0,0.0,5499.0,549.9,1863,2023,1,January,Thursday,10.0,Avni Iyer,Kanpur       , Uttar Pradesh ,208001,9Avni@gmail.com,863732487,Puma Sports Shoes,Footwear,5499,,,,
2023-03-09,9,0,P020,1,12999,12999,0,0.0,12999.0,1299.9,1996,2023,1,March,Thursday,10.0,Avni Iyer,Kanpur       , Uttar Pradesh ,208001,9Avni@gmail.com,863732487,Fossil Smartwatch,Accessories,12999,,,,
2022-08-02,9,0,P021,1,1299,1299,0,0.0,1299.0,129.9,2114,2022,3,August,Tuesday,10.0,Avni Iyer,Kanpur       , Uttar Pradesh ,208001,9Avni@gmail.com,863732487,Tupperware Lunch Box,Kitchenware,1299,,,,
2021-03-29,9,0,P007,1,6999,6999,0,0.0,6999.0,699.9,2272,2021,1,March,Monday,10.0,Avni Iyer,Kanpur       , Uttar Pradesh ,208001,9Avni@gmail.com,863732487,Adidas Sneakers,Footwear,6999,,,,
2023-10-13,9,0,P020,1,12999,12999,0,0.0,12999.0,1299.9,2281,2023,4,October,Friday,10.0,Avni Iyer,Kanpur       , Uttar Pradesh ,208001,9Avni@gmail.com,863732487,Fossil Smartwatch,Accessories,12999,,,,
2023-10-02,9,0,P028,1,349,349,0,0.0,349.0,34.9,2448,2023,4,October,Monday,10.0,Avni Iyer,Kanpur       , Uttar Pradesh ,208001,9Avni@gmail.com,863732487,Dove Soap Pack,Personal Care,349,,,,
2023-03-19,9,0,P022,1,1999,1999,0,0.0,1999.0,199.9,2592,2023,1,March,Sunday,10.0,Avni Iyer,Kanpur       , Uttar Pradesh ,208001,9Avni@gmail.com,863732487,Borosil Glass Set,Kitchenware,1999,,,,
2023-08-17,9,0,P007,1,6999,6999,0,0.0,6999.0,699.9,2682,2023,3,August,Thursday,10.0,Avni Iyer,Kanpur       , Uttar Pradesh ,208001,9Avni@gmail.com,863732487,Adidas Sneakers,Footwear,6999,,,,
2023-06-07,9,0,P005,1,92499,92499,0,0.0,92499.0,9249.9,3293,2023,2,June,Wednesday,10.0,Avni Iyer,Kanpur       , Uttar Pradesh ,208001,9Avni@gmail.com,863732487,Apple MacBook Air,Electronics,92499,,,,
2021-06-06,9,0,P025,1,8999,8999,0,0.0,8999.0,899.9,3324,2021,2,June,Sunday,10.0,Avni Iyer,Kanpur       , Uttar Pradesh ,208001,9Avni@gmail.com,863732487,American Tourister Suitcase,Bags,8999,,,,
2022-03-02,9,0,P016,1,24999,24999,0,0.0,24999.0,2499.9,3397,2022,1,March,Wednesday,10.0,Avni Iyer,Kanpur       , Uttar Pradesh ,208001,9Avni@gmail.com,863732487,LG Washing Machine,Home Appliances,24999,,,,
2022-05-03,9,PR001,P004,2,64999,129998,20,25999.6,103998.4,10399.84,44,2022,2,May,Tuesday,10.0,Avni Iyer,Kanpur       , Uttar Pradesh ,208001,9Avni@gmail.com,863732487,HP Pavilion Laptop,Electronics,64999,Summer Sale,Email,SUMMER21,20% off
2021-05-31,9,PR001,P009,2,3499,6998,20,1399.6,5598.4,559.84,1005,2021,2,May,Monday,10.0,Avni Iyer,Kanpur       , Uttar Pradesh ,208001,9Avni@gmail.com,863732487,Levi's Denim Jeans,Clothing,3499,Summer Sale,Email,SUMMER21,20% off
2023-04-17,9,PR001,P016,2,24999,49998,20,9999.6,39998.4,3999.84,1990,2023,2,April,Monday,10.0,Avni Iyer,Kanpur       , Uttar Pradesh ,208001,9Avni@gmail.com,863732487,LG Washing Machine,Home Appliances,24999,Summer Sale,Email,SUMMER21,20% off
2023-04-11,9,PR001,P027,2,699,1398,20,279.6,1118.4,111.84,2002,2023,2,April,Tuesday,10.0,Avni Iyer,Kanpur       , Uttar Pradesh ,208001,9Avni@gmail.com,863732487,L'Oreal Shampoo,Personal Care,699,Summer Sale,Email,SUMMER21,20% off
2023-04-18,9,PR001,P013,2,15999,31998,20,6399.6,25598.4,2559.84,2221,2023,2,April,Tuesday,10.0,Avni Iyer,Kanpur       , Uttar Pradesh ,208001,9Avni@gmail.com,863732487,Raymond Suit,Clothing,15999,Summer Sale,Email,SUMMER21,20% off
2021-05-18,9,PR001,P021,2,1299,2598,20,519.6,2078.4,207.84,2404,2021,2,May,Tuesday,10.0,Avni Iyer,Kanpur       , Uttar Pradesh ,208001,9Avni@gmail.com,863732487,Tupperware Lunch Box,Kitchenware,1299,Summer Sale,Email,SUMMER21,20% off
2021-05-05,9,PR001,P015,2,8499,16998,20,3399.6,13598.4,1359.84,2516,2021,2,May,Wednesday,10.0,Avni Iyer,Kanpur       , Uttar Pradesh ,208001,9Avni@gmail.com,863732487,Philips Air Fryer,Home Appliances,8499,Summer Sale,Email,SUMMER21,20% off
2023-04-06,9,PR001,P004,2,64999,129998,20,25999.6,103998.4,10399.84,3471,2023,2,April,Thursday,10.0,Avni Iyer,Kanpur       , Uttar Pradesh ,208001,9Avni@gmail.com,863732487,HP Pavilion Laptop,Electronics,64999,Summer Sale,Email,SUMMER21,20% off
2022-04-23,9,PR001,P009,3,3499,10497,20,2099.4,8397.6,839.76,1698,2022,2,April,Saturday,10.0,Avni Iyer,Kanpur       , Uttar Pradesh ,208001,9Avni@gmail.com,863732487,Levi's Denim Jeans,Clothing,3499,Summer Sale,Email,SUMMER21,20% off
2022-05-17,9,PR001,P020,3,12999,38997,20,7799.4,31197.6,3119.76,1958,2022,2,May,Tuesday,10.0,Avni Iyer,Kanpur       , Uttar Pradesh ,208001,9Avni@gmail.com,863732487,Fossil Smartwatch,Accessories,12999,Summer Sale,Email,SUMMER21,20% off
2021-04-01,9,PR001,P011,3,1499,4497,20,899.4,3597.6,359.76,1998,2021,2,April,Thursday,10.0,Avni Iyer,Kanpur       , Uttar Pradesh ,208001,9Avni@gmail.com,863732487,H&M T-Shirt,Clothing,1499,Summer Sale,Email,SUMMER21,20% off
2021-04-28,9,PR001,P002,3,69999,209997,20,41999.4,167997.6,16799.76,2021,2021,2,April,Wednesday,10.0,Avni Iyer,Kanpur       , Uttar Pradesh ,208001,9Avni@gmail.com,863732487,Samsung Galaxy S21,Electronics,69999,Summer Sale,Email,SUMMER21,20% off
2021-05-20,9,PR001,P009,1,3499,3499,20,699.8,2799.2,279.92,2957,2021,2,May,Thursday,10.0,Avni Iyer,Kanpur       , Uttar Pradesh ,208001,9Avni@gmail.com,863732487,Levi's Denim Jeans,Clothing,3499,Summer Sale,Email,SUMMER21,20% off
2020-05-19,9,PR001,P014,1,4999,4999,20,999.8,3999.2,399.92,3283,2020,2,May,Tuesday,10.0,Avni Iyer,Kanpur       , Uttar Pradesh ,208001,9Avni@gmail.com,863732487,Bajaj Mixer Grinder,Home Appliances,4999,Summer Sale,Email,SUMMER21,20% off
2020-07-12,9,PR004,P007,2,6999,13998,50,6999.0,6999.0,699.9,182,2020,3,July,Sunday,10.0,Avni Iyer,Kanpur       , Uttar Pradesh ,208001,9Avni@gmail.com,863732487,Adidas Sneakers,Footwear,6999,Weekend Flash Sale,Mobile Push,FLASH50,50% off
2022-07-31,9,PR004,P028,1,349,349,50,174.5,174.5,17.45,2620,2022,3,July,Sunday,10.0,Avni Iyer,Kanpur       , Uttar Pradesh ,208001,9Avni@gmail.com,863732487,Dove Soap Pack,Personal Care,349,Weekend Flash Sale,Mobile Push,FLASH50,50% off
2022-10-24,9,PR002,P011,3,1499,4497,10,449.7,4047.3,404.73,938,2022,4,October,Monday,10.0,Avni Iyer,Kanpur       , Uttar Pradesh ,208001,9Avni@gmail.com,863732487,H&M T-Shirt,Clothing,1499,Festive Diwali,Social Media,FESTIVE2022,10% off
